[34mINFO:   [0m Using cached SIF image
(1, 1, 1, 0, 1)
(1, 1, 1, .05, 1)
(1, 1, 1, .1, .751315)
(1, 1, 1, .15, .751315)
(1, 1, 1, .2, .547708)
(1, 1, 1, .25, .547708)
(1, 1, 1, .3, .384673)
(1, 1, 1, .35, .384673)
(1, 1, 1, .4, .257701)
(1, 1, 1, .45, .257701)
(1, 1, 1, .5, .162284)
(1, 1, 1, .55, .0939144)
(1, 1, 1, .6, .0939144)
(1, 1, 1, .65, .0480841)
(1, 1, 1, .7, .0480841)
(1, 1, 1, .75, .0202855)
(1, 1, 1, .8, .0202855)
(1, 1, 1, .85, .00601052)
(1, 1, 1, .9, .00601052)
(1, 1, 1, .95, .000751315)
(1, 1, 1, 1, 0)
(1, 1, 2, 0, 1)
(1, 1, 2, .05, 1)
(1, 1, 2, .1, .676183)
(1, 1, 2, .15, .676183)
(1, 1, 2, .2, .432757)
(1, 1, 2, .25, .432757)
(1, 1, 2, .3, .252442)
(1, 1, 2, .35, .252442)
(1, 1, 2, .4, .13148)
(1, 1, 2, .45, .13148)
(1, 1, 2, .5, .0540947)
(1, 1, 2, .55, .0150263)
(1, 1, 2, .6, .0150263)
(1, 1, 2, .65, 0)
(1, 1, 2, .7, 0)
(1, 1, 2, .75, 0)
(1, 1, 2, .8, 0)
(1, 1, 2, .85, 0)
(1, 1, 2, .9, 0)
(1, 1, 2, .95, 0)
(1, 1, 2, 1, 0)
(1, 1, 3, 0, 1)
(1, 1, 3, .05, 1)
(1, 1, 3, .1, .601052)
(1, 1, 3, .15, .601052)
(1, 1, 3, .2, .33133)
(1, 1, 3, .25, .33133)
(1, 1, 3, .3, .144252)
(1, 1, 3, .35, .144252)
(1, 1, 3, .4, .0473328)
(1, 1, 3, .45, .0473328)
(1, 1, 3, .5, 0)
(1, 1, 3, .55, 0)
(1, 1, 3, .6, 0)
(1, 1, 3, .65, 0)
(1, 1, 3, .7, 0)
(1, 1, 3, .75, 0)
(1, 1, 3, .8, 0)
(1, 1, 3, .85, 0)
(1, 1, 3, .9, 0)
(1, 1, 3, .95, 0)
(1, 1, 3, 1, 0)
(1, 1, 4, 0, 1)
(1, 1, 4, .05, 1)
(1, 1, 4, .1, .540947)
(1, 1, 4, .15, .540947)
(1, 1, 4, .2, .243426)
(1, 1, 4, .25, .243426)
(1, 1, 4, .3, .0721262)
(1, 1, 4, .35, .0721262)
(1, 1, 4, .4, .0052592)
(1, 1, 4, .45, .0052592)
(1, 1, 4, .5, 0)
(1, 1, 4, .55, 0)
(1, 1, 4, .6, 0)
(1, 1, 4, .65, 0)
(1, 1, 4, .7, 0)
(1, 1, 4, .75, 0)
(1, 1, 4, .8, 0)
(1, 1, 4, .85, 0)
(1, 1, 4, .9, 0)
(1, 1, 4, .95, 0)
(1, 1, 4, 1, 0)
(1, 1, 5, 0, 1)
(1, 1, 5, .05, 1)
(1, 1, 5, .1, .480841)
(1, 1, 5, .15, .480841)
(1, 1, 5, .2, .169046)
(1, 1, 5, .25, .169046)
(1, 1, 5, .3, .0240421)
(1, 1, 5, .35, .0240421)
(1, 1, 5, .4, 0)
(1, 1, 5, .45, 0)
(1, 1, 5, .5, 0)
(1, 1, 5, .55, 0)
(1, 1, 5, .6, 0)
(1, 1, 5, .65, 0)
(1, 1, 5, .7, 0)
(1, 1, 5, .75, 0)
(1, 1, 5, .8, 0)
(1, 1, 5, .85, 0)
(1, 1, 5, .9, 0)
(1, 1, 5, .95, 0)
(1, 1, 5, 1, 0)
(1, 1, 6, 0, 1)
(1, 1, 6, .05, 1)
(1, 1, 6, .1, .420736)
(1, 1, 6, .15, .420736)
(1, 1, 6, .2, .108189)
(1, 1, 6, .25, .108189)
(1, 1, 6, .3, 0)
(1, 1, 6, .35, 0)
(1, 1, 6, .4, 0)
(1, 1, 6, .45, 0)
(1, 1, 6, .5, 0)
(1, 1, 6, .55, 0)
(1, 1, 6, .6, 0)
(1, 1, 6, .65, 0)
(1, 1, 6, .7, 0)
(1, 1, 6, .75, 0)
(1, 1, 6, .8, 0)
(1, 1, 6, .85, 0)
(1, 1, 6, .9, 0)
(1, 1, 6, .95, 0)
(1, 1, 6, 1, 0)
(1, 1, 7, 0, 1)
(1, 1, 7, .05, 1)
(1, 1, 7, .1, .360631)
(1, 1, 7, .15, .360631)
(1, 1, 7, .2, .0540947)
(1, 1, 7, .25, .0540947)
(1, 1, 7, .3, 0)
(1, 1, 7, .35, 0)
(1, 1, 7, .4, 0)
(1, 1, 7, .45, 0)
(1, 1, 7, .5, 0)
(1, 1, 7, .55, 0)
(1, 1, 7, .6, 0)
(1, 1, 7, .65, 0)
(1, 1, 7, .7, 0)
(1, 1, 7, .75, 0)
(1, 1, 7, .8, 0)
(1, 1, 7, .85, 0)
(1, 1, 7, .9, 0)
(1, 1, 7, .95, 0)
(1, 1, 7, 1, 0)
(1, 1, 8, 0, 1)
(1, 1, 8, .05, 1)
(1, 1, 8, .1, .315552)
(1, 1, 8, .15, .315552)
(1, 1, 8, .2, .0270473)
(1, 1, 8, .25, .0270473)
(1, 1, 8, .3, 0)
(1, 1, 8, .35, 0)
(1, 1, 8, .4, 0)
(1, 1, 8, .45, 0)
(1, 1, 8, .5, 0)
(1, 1, 8, .55, 0)
(1, 1, 8, .6, 0)
(1, 1, 8, .65, 0)
(1, 1, 8, .7, 0)
(1, 1, 8, .75, 0)
(1, 1, 8, .8, 0)
(1, 1, 8, .85, 0)
(1, 1, 8, .9, 0)
(1, 1, 8, .95, 0)
(1, 1, 8, 1, 0)
(1, 1, 9, 0, 1)
(1, 1, 9, .05, 1)
(1, 1, 9, .1, .270473)
(1, 1, 9, .15, .270473)
(1, 1, 9, .2, .00676183)
(1, 1, 9, .25, .00676183)
(1, 1, 9, .3, 0)
(1, 1, 9, .35, 0)
(1, 1, 9, .4, 0)
(1, 1, 9, .45, 0)
(1, 1, 9, .5, 0)
(1, 1, 9, .55, 0)
(1, 1, 9, .6, 0)
(1, 1, 9, .65, 0)
(1, 1, 9, .7, 0)
(1, 1, 9, .75, 0)
(1, 1, 9, .8, 0)
(1, 1, 9, .85, 0)
(1, 1, 9, .9, 0)
(1, 1, 9, .95, 0)
(1, 1, 9, 1, 0)
(1, 1, 10, 0, 1)
(1, 1, 10, .05, 1)
(1, 1, 10, .1, .225394)
(1, 1, 10, .15, .225394)
(1, 1, 10, .2, 0)
(1, 1, 10, .25, 0)
(1, 1, 10, .3, 0)
(1, 1, 10, .35, 0)
(1, 1, 10, .4, 0)
(1, 1, 10, .45, 0)
(1, 1, 10, .5, 0)
(1, 1, 10, .55, 0)
(1, 1, 10, .6, 0)
(1, 1, 10, .65, 0)
(1, 1, 10, .7, 0)
(1, 1, 10, .75, 0)
(1, 1, 10, .8, 0)
(1, 1, 10, .85, 0)
(1, 1, 10, .9, 0)
(1, 1, 10, .95, 0)
(1, 1, 10, 1, 0)
(1, 1, 11, 0, 1)
(1, 1, 11, .05, 1)
(1, 1, 11, .1, 0)
(1, 1, 11, .15, 0)
(1, 1, 11, .2, 0)
(1, 1, 11, .25, 0)
(1, 1, 11, .3, 0)
(1, 1, 11, .35, 0)
(1, 1, 11, .4, 0)
(1, 1, 11, .45, 0)
(1, 1, 11, .5, 0)
(1, 1, 11, .55, 0)
(1, 1, 11, .6, 0)
(1, 1, 11, .65, 0)
(1, 1, 11, .7, 0)
(1, 1, 11, .75, 0)
(1, 1, 11, .8, 0)
(1, 1, 11, .85, 0)
(1, 1, 11, .9, 0)
(1, 1, 11, .95, 0)
(1, 1, 11, 1, 0)
(1, 2, 1, 0, 1)
(1, 2, 1, .05, 1)
(1, 2, 1, .1, .676183)
(1, 2, 1, .15, .676183)
(1, 2, 1, .2, .432757)
(1, 2, 1, .25, .432757)
(1, 2, 1, .3, .252442)
(1, 2, 1, .35, .252442)
(1, 2, 1, .4, .13148)
(1, 2, 1, .45, .13148)
(1, 2, 1, .5, .0540947)
(1, 2, 1, .55, .0150263)
(1, 2, 1, .6, .0150263)
(1, 2, 1, .65, 0)
(1, 2, 1, .7, 0)
(1, 2, 1, .75, 0)
(1, 2, 1, .8, 0)
(1, 2, 1, .85, 0)
(1, 2, 1, .9, 0)
(1, 2, 1, .95, 0)
(1, 2, 1, 1, 0)
(1, 2, 2, 0, 1)
(1, 2, 2, .05, 1)
(1, 2, 2, .1, .608565)
(1, 2, 2, .15, .608565)
(1, 2, 2, .2, .341848)
(1, 2, 2, .25, .341848)
(1, 2, 2, .3, .165289)
(1, 2, 2, .35, .165289)
(1, 2, 2, .4, .0653644)
(1, 2, 2, .45, .0653644)
(1, 2, 2, .5, .0150263)
(1, 2, 2, .55, .000751315)
(1, 2, 2, .6, .000751315)
(1, 2, 2, .65, 0)
(1, 2, 2, .7, 0)
(1, 2, 2, .75, 0)
(1, 2, 2, .8, 0)
(1, 2, 2, .85, 0)
(1, 2, 2, .9, 0)
(1, 2, 2, .95, 0)
(1, 2, 2, 1, 0)
(1, 2, 3, 0, 1)
(1, 2, 3, .05, 1)
(1, 2, 3, .1, .540947)
(1, 2, 3, .15, .540947)
(1, 2, 3, .2, .261458)
(1, 2, 3, .25, .261458)
(1, 2, 3, .3, .093163)
(1, 2, 3, .35, .093163)
(1, 2, 3, .4, .0210368)
(1, 2, 3, .45, .0210368)
(1, 2, 3, .5, 0)
(1, 2, 3, .55, 0)
(1, 2, 3, .6, 0)
(1, 2, 3, .65, 0)
(1, 2, 3, .7, 0)
(1, 2, 3, .75, 0)
(1, 2, 3, .8, 0)
(1, 2, 3, .85, 0)
(1, 2, 3, .9, 0)
(1, 2, 3, .95, 0)
(1, 2, 3, 1, 0)
(1, 2, 4, 0, 1)
(1, 2, 4, .05, 1)
(1, 2, 4, .1, .486852)
(1, 2, 4, .15, .486852)
(1, 2, 4, .2, .191585)
(1, 2, 4, .25, .191585)
(1, 2, 4, .3, .0450789)
(1, 2, 4, .35, .0450789)
(1, 2, 4, .4, .00225394)
(1, 2, 4, .45, .00225394)
(1, 2, 4, .5, 0)
(1, 2, 4, .55, 0)
(1, 2, 4, .6, 0)
(1, 2, 4, .65, 0)
(1, 2, 4, .7, 0)
(1, 2, 4, .75, 0)
(1, 2, 4, .8, 0)
(1, 2, 4, .85, 0)
(1, 2, 4, .9, 0)
(1, 2, 4, .95, 0)
(1, 2, 4, 1, 0)
(1, 2, 5, 0, 1)
(1, 2, 5, .05, 1)
(1, 2, 5, .1, .432757)
(1, 2, 5, .15, .432757)
(1, 2, 5, .2, .132231)
(1, 2, 5, .25, .132231)
(1, 2, 5, .3, .0150263)
(1, 2, 5, .35, .0150263)
(1, 2, 5, .4, 0)
(1, 2, 5, .45, 0)
(1, 2, 5, .5, 0)
(1, 2, 5, .55, 0)
(1, 2, 5, .6, 0)
(1, 2, 5, .65, 0)
(1, 2, 5, .7, 0)
(1, 2, 5, .75, 0)
(1, 2, 5, .8, 0)
(1, 2, 5, .85, 0)
(1, 2, 5, .9, 0)
(1, 2, 5, .95, 0)
(1, 2, 5, 1, 0)
(1, 2, 6, 0, 1)
(1, 2, 6, .05, 1)
(1, 2, 6, .1, .378663)
(1, 2, 6, .15, .378663)
(1, 2, 6, .2, .0841473)
(1, 2, 6, .25, .0841473)
(1, 2, 6, .3, 0)
(1, 2, 6, .35, 0)
(1, 2, 6, .4, 0)
(1, 2, 6, .45, 0)
(1, 2, 6, .5, 0)
(1, 2, 6, .55, 0)
(1, 2, 6, .6, 0)
(1, 2, 6, .65, 0)
(1, 2, 6, .7, 0)
(1, 2, 6, .75, 0)
(1, 2, 6, .8, 0)
(1, 2, 6, .85, 0)
(1, 2, 6, .9, 0)
(1, 2, 6, .95, 0)
(1, 2, 6, 1, 0)
(1, 2, 7, 0, 1)
(1, 2, 7, .05, 1)
(1, 2, 7, .1, .324568)
(1, 2, 7, .15, .324568)
(1, 2, 7, .2, .0420736)
(1, 2, 7, .25, .0420736)
(1, 2, 7, .3, 0)
(1, 2, 7, .35, 0)
(1, 2, 7, .4, 0)
(1, 2, 7, .45, 0)
(1, 2, 7, .5, 0)
(1, 2, 7, .55, 0)
(1, 2, 7, .6, 0)
(1, 2, 7, .65, 0)
(1, 2, 7, .7, 0)
(1, 2, 7, .75, 0)
(1, 2, 7, .8, 0)
(1, 2, 7, .85, 0)
(1, 2, 7, .9, 0)
(1, 2, 7, .95, 0)
(1, 2, 7, 1, 0)
(1, 2, 8, 0, 1)
(1, 2, 8, .05, 1)
(1, 2, 8, .1, .283997)
(1, 2, 8, .15, .283997)
(1, 2, 8, .2, .0210368)
(1, 2, 8, .25, .0210368)
(1, 2, 8, .3, 0)
(1, 2, 8, .35, 0)
(1, 2, 8, .4, 0)
(1, 2, 8, .45, 0)
(1, 2, 8, .5, 0)
(1, 2, 8, .55, 0)
(1, 2, 8, .6, 0)
(1, 2, 8, .65, 0)
(1, 2, 8, .7, 0)
(1, 2, 8, .75, 0)
(1, 2, 8, .8, 0)
(1, 2, 8, .85, 0)
(1, 2, 8, .9, 0)
(1, 2, 8, .95, 0)
(1, 2, 8, 1, 0)
(1, 2, 9, 0, 1)
(1, 2, 9, .05, 1)
(1, 2, 9, .1, .243426)
(1, 2, 9, .15, .243426)
(1, 2, 9, .2, .0052592)
(1, 2, 9, .25, .0052592)
(1, 2, 9, .3, 0)
(1, 2, 9, .35, 0)
(1, 2, 9, .4, 0)
(1, 2, 9, .45, 0)
(1, 2, 9, .5, 0)
(1, 2, 9, .55, 0)
(1, 2, 9, .6, 0)
(1, 2, 9, .65, 0)
(1, 2, 9, .7, 0)
(1, 2, 9, .75, 0)
(1, 2, 9, .8, 0)
(1, 2, 9, .85, 0)
(1, 2, 9, .9, 0)
(1, 2, 9, .95, 0)
(1, 2, 9, 1, 0)
(1, 2, 10, 0, 1)
(1, 2, 10, .05, 1)
(1, 2, 10, .1, .202855)
(1, 2, 10, .15, .202855)
(1, 2, 10, .2, 0)
(1, 2, 10, .25, 0)
(1, 2, 10, .3, 0)
(1, 2, 10, .35, 0)
(1, 2, 10, .4, 0)
(1, 2, 10, .45, 0)
(1, 2, 10, .5, 0)
(1, 2, 10, .55, 0)
(1, 2, 10, .6, 0)
(1, 2, 10, .65, 0)
(1, 2, 10, .7, 0)
(1, 2, 10, .75, 0)
(1, 2, 10, .8, 0)
(1, 2, 10, .85, 0)
(1, 2, 10, .9, 0)
(1, 2, 10, .95, 0)
(1, 2, 10, 1, 0)
(1, 2, 11, 0, 1)
(1, 2, 11, .05, 1)
(1, 2, 11, .1, 0)
(1, 2, 11, .15, 0)
(1, 2, 11, .2, 0)
(1, 2, 11, .25, 0)
(1, 2, 11, .3, 0)
(1, 2, 11, .35, 0)
(1, 2, 11, .4, 0)
(1, 2, 11, .45, 0)
(1, 2, 11, .5, 0)
(1, 2, 11, .55, 0)
(1, 2, 11, .6, 0)
(1, 2, 11, .65, 0)
(1, 2, 11, .7, 0)
(1, 2, 11, .75, 0)
(1, 2, 11, .8, 0)
(1, 2, 11, .85, 0)
(1, 2, 11, .9, 0)
(1, 2, 11, .95, 0)
(1, 2, 11, 1, 0)
(1, 3, 1, 0, 1)
(1, 3, 1, .05, 1)
(1, 3, 1, .1, .601052)
(1, 3, 1, .15, .601052)
(1, 3, 1, .2, .33133)
(1, 3, 1, .25, .33133)
(1, 3, 1, .3, .144252)
(1, 3, 1, .35, .144252)
(1, 3, 1, .4, .0473328)
(1, 3, 1, .45, .0473328)
(1, 3, 1, .5, 0)
(1, 3, 1, .55, 0)
(1, 3, 1, .6, 0)
(1, 3, 1, .65, 0)
(1, 3, 1, .7, 0)
(1, 3, 1, .75, 0)
(1, 3, 1, .8, 0)
(1, 3, 1, .85, 0)
(1, 3, 1, .9, 0)
(1, 3, 1, .95, 0)
(1, 3, 1, 1, 0)
(1, 3, 2, 0, 1)
(1, 3, 2, .05, 1)
(1, 3, 2, .1, .540947)
(1, 3, 2, .15, .540947)
(1, 3, 2, .2, .261458)
(1, 3, 2, .25, .261458)
(1, 3, 2, .3, .093163)
(1, 3, 2, .35, .093163)
(1, 3, 2, .4, .0210368)
(1, 3, 2, .45, .0210368)
(1, 3, 2, .5, 0)
(1, 3, 2, .55, 0)
(1, 3, 2, .6, 0)
(1, 3, 2, .65, 0)
(1, 3, 2, .7, 0)
(1, 3, 2, .75, 0)
(1, 3, 2, .8, 0)
(1, 3, 2, .85, 0)
(1, 3, 2, .9, 0)
(1, 3, 2, .95, 0)
(1, 3, 2, 1, 0)
(1, 3, 3, 0, 1)
(1, 3, 3, .05, 1)
(1, 3, 3, .1, .480841)
(1, 3, 3, .15, .480841)
(1, 3, 3, .2, .199098)
(1, 3, 3, .25, .199098)
(1, 3, 3, .3, .0480841)
(1, 3, 3, .35, .0480841)
(1, 3, 3, .4, .00375657)
(1, 3, 3, .45, .00375657)
(1, 3, 3, .5, 0)
(1, 3, 3, .55, 0)
(1, 3, 3, .6, 0)
(1, 3, 3, .65, 0)
(1, 3, 3, .7, 0)
(1, 3, 3, .75, 0)
(1, 3, 3, .8, 0)
(1, 3, 3, .85, 0)
(1, 3, 3, .9, 0)
(1, 3, 3, .95, 0)
(1, 3, 3, 1, 0)
(1, 3, 4, 0, 1)
(1, 3, 4, .05, 1)
(1, 3, 4, .1, .432757)
(1, 3, 4, .15, .432757)
(1, 3, 4, .2, .144252)
(1, 3, 4, .25, .144252)
(1, 3, 4, .3, .0210368)
(1, 3, 4, .35, .0210368)
(1, 3, 4, .4, 0)
(1, 3, 4, .45, 0)
(1, 3, 4, .5, 0)
(1, 3, 4, .55, 0)
(1, 3, 4, .6, 0)
(1, 3, 4, .65, 0)
(1, 3, 4, .7, 0)
(1, 3, 4, .75, 0)
(1, 3, 4, .8, 0)
(1, 3, 4, .85, 0)
(1, 3, 4, .9, 0)
(1, 3, 4, .95, 0)
(1, 3, 4, 1, 0)
(1, 3, 5, 0, 1)
(1, 3, 5, .05, 1)
(1, 3, 5, .1, .384673)
(1, 3, 5, .15, .384673)
(1, 3, 5, .2, .0976709)
(1, 3, 5, .25, .0976709)
(1, 3, 5, .3, .00601052)
(1, 3, 5, .35, .00601052)
(1, 3, 5, .4, 0)
(1, 3, 5, .45, 0)
(1, 3, 5, .5, 0)
(1, 3, 5, .55, 0)
(1, 3, 5, .6, 0)
(1, 3, 5, .65, 0)
(1, 3, 5, .7, 0)
(1, 3, 5, .75, 0)
(1, 3, 5, .8, 0)
(1, 3, 5, .85, 0)
(1, 3, 5, .9, 0)
(1, 3, 5, .95, 0)
(1, 3, 5, 1, 0)
(1, 3, 6, 0, 1)
(1, 3, 6, .05, 1)
(1, 3, 6, .1, .336589)
(1, 3, 6, .15, .336589)
(1, 3, 6, .2, .0608565)
(1, 3, 6, .25, .0608565)
(1, 3, 6, .3, 0)
(1, 3, 6, .35, 0)
(1, 3, 6, .4, 0)
(1, 3, 6, .45, 0)
(1, 3, 6, .5, 0)
(1, 3, 6, .55, 0)
(1, 3, 6, .6, 0)
(1, 3, 6, .65, 0)
(1, 3, 6, .7, 0)
(1, 3, 6, .75, 0)
(1, 3, 6, .8, 0)
(1, 3, 6, .85, 0)
(1, 3, 6, .9, 0)
(1, 3, 6, .95, 0)
(1, 3, 6, 1, 0)
(1, 3, 7, 0, 1)
(1, 3, 7, .05, 1)
(1, 3, 7, .1, .288505)
(1, 3, 7, .15, .288505)
(1, 3, 7, .2, .0300526)
(1, 3, 7, .25, .0300526)
(1, 3, 7, .3, 0)
(1, 3, 7, .35, 0)
(1, 3, 7, .4, 0)
(1, 3, 7, .45, 0)
(1, 3, 7, .5, 0)
(1, 3, 7, .55, 0)
(1, 3, 7, .6, 0)
(1, 3, 7, .65, 0)
(1, 3, 7, .7, 0)
(1, 3, 7, .75, 0)
(1, 3, 7, .8, 0)
(1, 3, 7, .85, 0)
(1, 3, 7, .9, 0)
(1, 3, 7, .95, 0)
(1, 3, 7, 1, 0)
(1, 3, 8, 0, 1)
(1, 3, 8, .05, 1)
(1, 3, 8, .1, .252442)
(1, 3, 8, .15, .252442)
(1, 3, 8, .2, .0150263)
(1, 3, 8, .25, .0150263)
(1, 3, 8, .3, 0)
(1, 3, 8, .35, 0)
(1, 3, 8, .4, 0)
(1, 3, 8, .45, 0)
(1, 3, 8, .5, 0)
(1, 3, 8, .55, 0)
(1, 3, 8, .6, 0)
(1, 3, 8, .65, 0)
(1, 3, 8, .7, 0)
(1, 3, 8, .75, 0)
(1, 3, 8, .8, 0)
(1, 3, 8, .85, 0)
(1, 3, 8, .9, 0)
(1, 3, 8, .95, 0)
(1, 3, 8, 1, 0)
(1, 3, 9, 0, 1)
(1, 3, 9, .05, 1)
(1, 3, 9, .1, .216379)
(1, 3, 9, .15, .216379)
(1, 3, 9, .2, .00375657)
(1, 3, 9, .25, .00375657)
(1, 3, 9, .3, 0)
(1, 3, 9, .35, 0)
(1, 3, 9, .4, 0)
(1, 3, 9, .45, 0)
(1, 3, 9, .5, 0)
(1, 3, 9, .55, 0)
(1, 3, 9, .6, 0)
(1, 3, 9, .65, 0)
(1, 3, 9, .7, 0)
(1, 3, 9, .75, 0)
(1, 3, 9, .8, 0)
(1, 3, 9, .85, 0)
(1, 3, 9, .9, 0)
(1, 3, 9, .95, 0)
(1, 3, 9, 1, 0)
(1, 3, 10, 0, 1)
(1, 3, 10, .05, 1)
(1, 3, 10, .1, .180316)
(1, 3, 10, .15, .180316)
(1, 3, 10, .2, 0)
(1, 3, 10, .25, 0)
(1, 3, 10, .3, 0)
(1, 3, 10, .35, 0)
(1, 3, 10, .4, 0)
(1, 3, 10, .45, 0)
(1, 3, 10, .5, 0)
(1, 3, 10, .55, 0)
(1, 3, 10, .6, 0)
(1, 3, 10, .65, 0)
(1, 3, 10, .7, 0)
(1, 3, 10, .75, 0)
(1, 3, 10, .8, 0)
(1, 3, 10, .85, 0)
(1, 3, 10, .9, 0)
(1, 3, 10, .95, 0)
(1, 3, 10, 1, 0)
(1, 3, 11, 0, 1)
(1, 3, 11, .05, 1)
(1, 3, 11, .1, 0)
(1, 3, 11, .15, 0)
(1, 3, 11, .2, 0)
(1, 3, 11, .25, 0)
(1, 3, 11, .3, 0)
(1, 3, 11, .35, 0)
(1, 3, 11, .4, 0)
(1, 3, 11, .45, 0)
(1, 3, 11, .5, 0)
(1, 3, 11, .55, 0)
(1, 3, 11, .6, 0)
(1, 3, 11, .65, 0)
(1, 3, 11, .7, 0)
(1, 3, 11, .75, 0)
(1, 3, 11, .8, 0)
(1, 3, 11, .85, 0)
(1, 3, 11, .9, 0)
(1, 3, 11, .95, 0)
(1, 3, 11, 1, 0)
(1, 4, 1, 0, 1)
(1, 4, 1, .05, 1)
(1, 4, 1, .1, .540947)
(1, 4, 1, .15, .540947)
(1, 4, 1, .2, .243426)
(1, 4, 1, .25, .243426)
(1, 4, 1, .3, .0721262)
(1, 4, 1, .35, .0721262)
(1, 4, 1, .4, .0052592)
(1, 4, 1, .45, .0052592)
(1, 4, 1, .5, 0)
(1, 4, 1, .55, 0)
(1, 4, 1, .6, 0)
(1, 4, 1, .65, 0)
(1, 4, 1, .7, 0)
(1, 4, 1, .75, 0)
(1, 4, 1, .8, 0)
(1, 4, 1, .85, 0)
(1, 4, 1, .9, 0)
(1, 4, 1, .95, 0)
(1, 4, 1, 1, 0)
(1, 4, 2, 0, 1)
(1, 4, 2, .05, 1)
(1, 4, 2, .1, .486852)
(1, 4, 2, .15, .486852)
(1, 4, 2, .2, .191585)
(1, 4, 2, .25, .191585)
(1, 4, 2, .3, .0450789)
(1, 4, 2, .35, .0450789)
(1, 4, 2, .4, .00225394)
(1, 4, 2, .45, .00225394)
(1, 4, 2, .5, 0)
(1, 4, 2, .55, 0)
(1, 4, 2, .6, 0)
(1, 4, 2, .65, 0)
(1, 4, 2, .7, 0)
(1, 4, 2, .75, 0)
(1, 4, 2, .8, 0)
(1, 4, 2, .85, 0)
(1, 4, 2, .9, 0)
(1, 4, 2, .95, 0)
(1, 4, 2, 1, 0)
(1, 4, 3, 0, 1)
(1, 4, 3, .05, 1)
(1, 4, 3, .1, .432757)
(1, 4, 3, .15, .432757)
(1, 4, 3, .2, .144252)
(1, 4, 3, .25, .144252)
(1, 4, 3, .3, .0210368)
(1, 4, 3, .35, .0210368)
(1, 4, 3, .4, 0)
(1, 4, 3, .45, 0)
(1, 4, 3, .5, 0)
(1, 4, 3, .55, 0)
(1, 4, 3, .6, 0)
(1, 4, 3, .65, 0)
(1, 4, 3, .7, 0)
(1, 4, 3, .75, 0)
(1, 4, 3, .8, 0)
(1, 4, 3, .85, 0)
(1, 4, 3, .9, 0)
(1, 4, 3, .95, 0)
(1, 4, 3, 1, 0)
(1, 4, 4, 0, 1)
(1, 4, 4, .05, 1)
(1, 4, 4, .1, .389181)
(1, 4, 4, .15, .389181)
(1, 4, 4, .2, .102179)
(1, 4, 4, .25, .102179)
(1, 4, 4, .3, .00601052)
(1, 4, 4, .35, .00601052)
(1, 4, 4, .4, 0)
(1, 4, 4, .45, 0)
(1, 4, 4, .5, 0)
(1, 4, 4, .55, 0)
(1, 4, 4, .6, 0)
(1, 4, 4, .65, 0)
(1, 4, 4, .7, 0)
(1, 4, 4, .75, 0)
(1, 4, 4, .8, 0)
(1, 4, 4, .85, 0)
(1, 4, 4, .9, 0)
(1, 4, 4, .95, 0)
(1, 4, 4, 1, 0)
(1, 4, 5, 0, 1)
(1, 4, 5, .05, 1)
(1, 4, 5, .1, .345605)
(1, 4, 5, .15, .345605)
(1, 4, 5, .2, .066867)
(1, 4, 5, .25, .066867)
(1, 4, 5, .3, 0)
(1, 4, 5, .35, 0)
(1, 4, 5, .4, 0)
(1, 4, 5, .45, 0)
(1, 4, 5, .5, 0)
(1, 4, 5, .55, 0)
(1, 4, 5, .6, 0)
(1, 4, 5, .65, 0)
(1, 4, 5, .7, 0)
(1, 4, 5, .75, 0)
(1, 4, 5, .8, 0)
(1, 4, 5, .85, 0)
(1, 4, 5, .9, 0)
(1, 4, 5, .95, 0)
(1, 4, 5, 1, 0)
(1, 4, 6, 0, 1)
(1, 4, 6, .05, 1)
(1, 4, 6, .1, .302029)
(1, 4, 6, .15, .302029)
(1, 4, 6, .2, .0398197)
(1, 4, 6, .25, .0398197)
(1, 4, 6, .3, 0)
(1, 4, 6, .35, 0)
(1, 4, 6, .4, 0)
(1, 4, 6, .45, 0)
(1, 4, 6, .5, 0)
(1, 4, 6, .55, 0)
(1, 4, 6, .6, 0)
(1, 4, 6, .65, 0)
(1, 4, 6, .7, 0)
(1, 4, 6, .75, 0)
(1, 4, 6, .8, 0)
(1, 4, 6, .85, 0)
(1, 4, 6, .9, 0)
(1, 4, 6, .95, 0)
(1, 4, 6, 1, 0)
(1, 4, 7, 0, 1)
(1, 4, 7, .05, 1)
(1, 4, 7, .1, .258452)
(1, 4, 7, .15, .258452)
(1, 4, 7, .2, .0187829)
(1, 4, 7, .25, .0187829)
(1, 4, 7, .3, 0)
(1, 4, 7, .35, 0)
(1, 4, 7, .4, 0)
(1, 4, 7, .45, 0)
(1, 4, 7, .5, 0)
(1, 4, 7, .55, 0)
(1, 4, 7, .6, 0)
(1, 4, 7, .65, 0)
(1, 4, 7, .7, 0)
(1, 4, 7, .75, 0)
(1, 4, 7, .8, 0)
(1, 4, 7, .85, 0)
(1, 4, 7, .9, 0)
(1, 4, 7, .95, 0)
(1, 4, 7, 1, 0)
(1, 4, 8, 0, 1)
(1, 4, 8, .05, 1)
(1, 4, 8, .1, .225394)
(1, 4, 8, .15, .225394)
(1, 4, 8, .2, .00901578)
(1, 4, 8, .25, .00901578)
(1, 4, 8, .3, 0)
(1, 4, 8, .35, 0)
(1, 4, 8, .4, 0)
(1, 4, 8, .45, 0)
(1, 4, 8, .5, 0)
(1, 4, 8, .55, 0)
(1, 4, 8, .6, 0)
(1, 4, 8, .65, 0)
(1, 4, 8, .7, 0)
(1, 4, 8, .75, 0)
(1, 4, 8, .8, 0)
(1, 4, 8, .85, 0)
(1, 4, 8, .9, 0)
(1, 4, 8, .95, 0)
(1, 4, 8, 1, 0)
(1, 4, 9, 0, 1)
(1, 4, 9, .05, 1)
(1, 4, 9, .1, .192337)
(1, 4, 9, .15, .192337)
(1, 4, 9, .2, .00225394)
(1, 4, 9, .25, .00225394)
(1, 4, 9, .3, 0)
(1, 4, 9, .35, 0)
(1, 4, 9, .4, 0)
(1, 4, 9, .45, 0)
(1, 4, 9, .5, 0)
(1, 4, 9, .55, 0)
(1, 4, 9, .6, 0)
(1, 4, 9, .65, 0)
(1, 4, 9, .7, 0)
(1, 4, 9, .75, 0)
(1, 4, 9, .8, 0)
(1, 4, 9, .85, 0)
(1, 4, 9, .9, 0)
(1, 4, 9, .95, 0)
(1, 4, 9, 1, 0)
(1, 4, 10, 0, 1)
(1, 4, 10, .05, 1)
(1, 4, 10, .1, .159279)
(1, 4, 10, .15, .159279)
(1, 4, 10, .2, 0)
(1, 4, 10, .25, 0)
(1, 4, 10, .3, 0)
(1, 4, 10, .35, 0)
(1, 4, 10, .4, 0)
(1, 4, 10, .45, 0)
(1, 4, 10, .5, 0)
(1, 4, 10, .55, 0)
(1, 4, 10, .6, 0)
(1, 4, 10, .65, 0)
(1, 4, 10, .7, 0)
(1, 4, 10, .75, 0)
(1, 4, 10, .8, 0)
(1, 4, 10, .85, 0)
(1, 4, 10, .9, 0)
(1, 4, 10, .95, 0)
(1, 4, 10, 1, 0)
(1, 4, 11, 0, 1)
(1, 4, 11, .05, 1)
(1, 4, 11, .1, 0)
(1, 4, 11, .15, 0)
(1, 4, 11, .2, 0)
(1, 4, 11, .25, 0)
(1, 4, 11, .3, 0)
(1, 4, 11, .35, 0)
(1, 4, 11, .4, 0)
(1, 4, 11, .45, 0)
(1, 4, 11, .5, 0)
(1, 4, 11, .55, 0)
(1, 4, 11, .6, 0)
(1, 4, 11, .65, 0)
(1, 4, 11, .7, 0)
(1, 4, 11, .75, 0)
(1, 4, 11, .8, 0)
(1, 4, 11, .85, 0)
(1, 4, 11, .9, 0)
(1, 4, 11, .95, 0)
(1, 4, 11, 1, 0)
(1, 5, 1, 0, 1)
(1, 5, 1, .05, 1)
(1, 5, 1, .1, .480841)
(1, 5, 1, .15, .480841)
(1, 5, 1, .2, .169046)
(1, 5, 1, .25, .169046)
(1, 5, 1, .3, .0240421)
(1, 5, 1, .35, .0240421)
(1, 5, 1, .4, 0)
(1, 5, 1, .45, 0)
(1, 5, 1, .5, 0)
(1, 5, 1, .55, 0)
(1, 5, 1, .6, 0)
(1, 5, 1, .65, 0)
(1, 5, 1, .7, 0)
(1, 5, 1, .75, 0)
(1, 5, 1, .8, 0)
(1, 5, 1, .85, 0)
(1, 5, 1, .9, 0)
(1, 5, 1, .95, 0)
(1, 5, 1, 1, 0)
(1, 5, 2, 0, 1)
(1, 5, 2, .05, 1)
(1, 5, 2, .1, .432757)
(1, 5, 2, .15, .432757)
(1, 5, 2, .2, .132231)
(1, 5, 2, .25, .132231)
(1, 5, 2, .3, .0150263)
(1, 5, 2, .35, .0150263)
(1, 5, 2, .4, 0)
(1, 5, 2, .45, 0)
(1, 5, 2, .5, 0)
(1, 5, 2, .55, 0)
(1, 5, 2, .6, 0)
(1, 5, 2, .65, 0)
(1, 5, 2, .7, 0)
(1, 5, 2, .75, 0)
(1, 5, 2, .8, 0)
(1, 5, 2, .85, 0)
(1, 5, 2, .9, 0)
(1, 5, 2, .95, 0)
(1, 5, 2, 1, 0)
(1, 5, 3, 0, 1)
(1, 5, 3, .05, 1)
(1, 5, 3, .1, .384673)
(1, 5, 3, .15, .384673)
(1, 5, 3, .2, .0976709)
(1, 5, 3, .25, .0976709)
(1, 5, 3, .3, .00601052)
(1, 5, 3, .35, .00601052)
(1, 5, 3, .4, 0)
(1, 5, 3, .45, 0)
(1, 5, 3, .5, 0)
(1, 5, 3, .55, 0)
(1, 5, 3, .6, 0)
(1, 5, 3, .65, 0)
(1, 5, 3, .7, 0)
(1, 5, 3, .75, 0)
(1, 5, 3, .8, 0)
(1, 5, 3, .85, 0)
(1, 5, 3, .9, 0)
(1, 5, 3, .95, 0)
(1, 5, 3, 1, 0)
(1, 5, 4, 0, 1)
(1, 5, 4, .05, 1)
(1, 5, 4, .1, .345605)
(1, 5, 4, .15, .345605)
(1, 5, 4, .2, .066867)
(1, 5, 4, .25, .066867)
(1, 5, 4, .3, 0)
(1, 5, 4, .35, 0)
(1, 5, 4, .4, 0)
(1, 5, 4, .45, 0)
(1, 5, 4, .5, 0)
(1, 5, 4, .55, 0)
(1, 5, 4, .6, 0)
(1, 5, 4, .65, 0)
(1, 5, 4, .7, 0)
(1, 5, 4, .75, 0)
(1, 5, 4, .8, 0)
(1, 5, 4, .85, 0)
(1, 5, 4, .9, 0)
(1, 5, 4, .95, 0)
(1, 5, 4, 1, 0)
(1, 5, 5, 0, 1)
(1, 5, 5, .05, 1)
(1, 5, 5, .1, .306536)
(1, 5, 5, .15, .306536)
(1, 5, 5, .2, .0413223)
(1, 5, 5, .25, .0413223)
(1, 5, 5, .3, 0)
(1, 5, 5, .35, 0)
(1, 5, 5, .4, 0)
(1, 5, 5, .45, 0)
(1, 5, 5, .5, 0)
(1, 5, 5, .55, 0)
(1, 5, 5, .6, 0)
(1, 5, 5, .65, 0)
(1, 5, 5, .7, 0)
(1, 5, 5, .75, 0)
(1, 5, 5, .8, 0)
(1, 5, 5, .85, 0)
(1, 5, 5, .9, 0)
(1, 5, 5, .95, 0)
(1, 5, 5, 1, 0)
(1, 5, 6, 0, 1)
(1, 5, 6, .05, 1)
(1, 5, 6, .1, .267468)
(1, 5, 6, .15, .267468)
(1, 5, 6, .2, .0225394)
(1, 5, 6, .25, .0225394)
(1, 5, 6, .3, 0)
(1, 5, 6, .35, 0)
(1, 5, 6, .4, 0)
(1, 5, 6, .45, 0)
(1, 5, 6, .5, 0)
(1, 5, 6, .55, 0)
(1, 5, 6, .6, 0)
(1, 5, 6, .65, 0)
(1, 5, 6, .7, 0)
(1, 5, 6, .75, 0)
(1, 5, 6, .8, 0)
(1, 5, 6, .85, 0)
(1, 5, 6, .9, 0)
(1, 5, 6, .95, 0)
(1, 5, 6, 1, 0)
(1, 5, 7, 0, 1)
(1, 5, 7, .05, 1)
(1, 5, 7, .1, .2284)
(1, 5, 7, .15, .2284)
(1, 5, 7, .2, .00901578)
(1, 5, 7, .25, .00901578)
(1, 5, 7, .3, 0)
(1, 5, 7, .35, 0)
(1, 5, 7, .4, 0)
(1, 5, 7, .45, 0)
(1, 5, 7, .5, 0)
(1, 5, 7, .55, 0)
(1, 5, 7, .6, 0)
(1, 5, 7, .65, 0)
(1, 5, 7, .7, 0)
(1, 5, 7, .75, 0)
(1, 5, 7, .8, 0)
(1, 5, 7, .85, 0)
(1, 5, 7, .9, 0)
(1, 5, 7, .95, 0)
(1, 5, 7, 1, 0)
(1, 5, 8, 0, 1)
(1, 5, 8, .05, 1)
(1, 5, 8, .1, .198347)
(1, 5, 8, .15, .198347)
(1, 5, 8, .2, .00375657)
(1, 5, 8, .25, .00375657)
(1, 5, 8, .3, 0)
(1, 5, 8, .35, 0)
(1, 5, 8, .4, 0)
(1, 5, 8, .45, 0)
(1, 5, 8, .5, 0)
(1, 5, 8, .55, 0)
(1, 5, 8, .6, 0)
(1, 5, 8, .65, 0)
(1, 5, 8, .7, 0)
(1, 5, 8, .75, 0)
(1, 5, 8, .8, 0)
(1, 5, 8, .85, 0)
(1, 5, 8, .9, 0)
(1, 5, 8, .95, 0)
(1, 5, 8, 1, 0)
(1, 5, 9, 0, 1)
(1, 5, 9, .05, 1)
(1, 5, 9, .1, .168295)
(1, 5, 9, .15, .168295)
(1, 5, 9, .2, .000751315)
(1, 5, 9, .25, .000751315)
(1, 5, 9, .3, 0)
(1, 5, 9, .35, 0)
(1, 5, 9, .4, 0)
(1, 5, 9, .45, 0)
(1, 5, 9, .5, 0)
(1, 5, 9, .55, 0)
(1, 5, 9, .6, 0)
(1, 5, 9, .65, 0)
(1, 5, 9, .7, 0)
(1, 5, 9, .75, 0)
(1, 5, 9, .8, 0)
(1, 5, 9, .85, 0)
(1, 5, 9, .9, 0)
(1, 5, 9, .95, 0)
(1, 5, 9, 1, 0)
(1, 5, 10, 0, 1)
(1, 5, 10, .05, 1)
(1, 5, 10, .1, .138242)
(1, 5, 10, .15, .138242)
(1, 5, 10, .2, 0)
(1, 5, 10, .25, 0)
(1, 5, 10, .3, 0)
(1, 5, 10, .35, 0)
(1, 5, 10, .4, 0)
(1, 5, 10, .45, 0)
(1, 5, 10, .5, 0)
(1, 5, 10, .55, 0)
(1, 5, 10, .6, 0)
(1, 5, 10, .65, 0)
(1, 5, 10, .7, 0)
(1, 5, 10, .75, 0)
(1, 5, 10, .8, 0)
(1, 5, 10, .85, 0)
(1, 5, 10, .9, 0)
(1, 5, 10, .95, 0)
(1, 5, 10, 1, 0)
(1, 5, 11, 0, 1)
(1, 5, 11, .05, 1)
(1, 5, 11, .1, 0)
(1, 5, 11, .15, 0)
(1, 5, 11, .2, 0)
(1, 5, 11, .25, 0)
(1, 5, 11, .3, 0)
(1, 5, 11, .35, 0)
(1, 5, 11, .4, 0)
(1, 5, 11, .45, 0)
(1, 5, 11, .5, 0)
(1, 5, 11, .55, 0)
(1, 5, 11, .6, 0)
(1, 5, 11, .65, 0)
(1, 5, 11, .7, 0)
(1, 5, 11, .75, 0)
(1, 5, 11, .8, 0)
(1, 5, 11, .85, 0)
(1, 5, 11, .9, 0)
(1, 5, 11, .95, 0)
(1, 5, 11, 1, 0)
(1, 6, 1, 0, 1)
(1, 6, 1, .05, 1)
(1, 6, 1, .1, .420736)
(1, 6, 1, .15, .420736)
(1, 6, 1, .2, .108189)
(1, 6, 1, .25, .108189)
(1, 6, 1, .3, 0)
(1, 6, 1, .35, 0)
(1, 6, 1, .4, 0)
(1, 6, 1, .45, 0)
(1, 6, 1, .5, 0)
(1, 6, 1, .55, 0)
(1, 6, 1, .6, 0)
(1, 6, 1, .65, 0)
(1, 6, 1, .7, 0)
(1, 6, 1, .75, 0)
(1, 6, 1, .8, 0)
(1, 6, 1, .85, 0)
(1, 6, 1, .9, 0)
(1, 6, 1, .95, 0)
(1, 6, 1, 1, 0)
(1, 6, 2, 0, 1)
(1, 6, 2, .05, 1)
(1, 6, 2, .1, .378663)
(1, 6, 2, .15, .378663)
(1, 6, 2, .2, .0841473)
(1, 6, 2, .25, .0841473)
(1, 6, 2, .3, 0)
(1, 6, 2, .35, 0)
(1, 6, 2, .4, 0)
(1, 6, 2, .45, 0)
(1, 6, 2, .5, 0)
(1, 6, 2, .55, 0)
(1, 6, 2, .6, 0)
(1, 6, 2, .65, 0)
(1, 6, 2, .7, 0)
(1, 6, 2, .75, 0)
(1, 6, 2, .8, 0)
(1, 6, 2, .85, 0)
(1, 6, 2, .9, 0)
(1, 6, 2, .95, 0)
(1, 6, 2, 1, 0)
(1, 6, 3, 0, 1)
(1, 6, 3, .05, 1)
(1, 6, 3, .1, .336589)
(1, 6, 3, .15, .336589)
(1, 6, 3, .2, .0608565)
(1, 6, 3, .25, .0608565)
(1, 6, 3, .3, 0)
(1, 6, 3, .35, 0)
(1, 6, 3, .4, 0)
(1, 6, 3, .45, 0)
(1, 6, 3, .5, 0)
(1, 6, 3, .55, 0)
(1, 6, 3, .6, 0)
(1, 6, 3, .65, 0)
(1, 6, 3, .7, 0)
(1, 6, 3, .75, 0)
(1, 6, 3, .8, 0)
(1, 6, 3, .85, 0)
(1, 6, 3, .9, 0)
(1, 6, 3, .95, 0)
(1, 6, 3, 1, 0)
(1, 6, 4, 0, 1)
(1, 6, 4, .05, 1)
(1, 6, 4, .1, .302029)
(1, 6, 4, .15, .302029)
(1, 6, 4, .2, .0398197)
(1, 6, 4, .25, .0398197)
(1, 6, 4, .3, 0)
(1, 6, 4, .35, 0)
(1, 6, 4, .4, 0)
(1, 6, 4, .45, 0)
(1, 6, 4, .5, 0)
(1, 6, 4, .55, 0)
(1, 6, 4, .6, 0)
(1, 6, 4, .65, 0)
(1, 6, 4, .7, 0)
(1, 6, 4, .75, 0)
(1, 6, 4, .8, 0)
(1, 6, 4, .85, 0)
(1, 6, 4, .9, 0)
(1, 6, 4, .95, 0)
(1, 6, 4, 1, 0)
(1, 6, 5, 0, 1)
(1, 6, 5, .05, 1)
(1, 6, 5, .1, .267468)
(1, 6, 5, .15, .267468)
(1, 6, 5, .2, .0225394)
(1, 6, 5, .25, .0225394)
(1, 6, 5, .3, 0)
(1, 6, 5, .35, 0)
(1, 6, 5, .4, 0)
(1, 6, 5, .45, 0)
(1, 6, 5, .5, 0)
(1, 6, 5, .55, 0)
(1, 6, 5, .6, 0)
(1, 6, 5, .65, 0)
(1, 6, 5, .7, 0)
(1, 6, 5, .75, 0)
(1, 6, 5, .8, 0)
(1, 6, 5, .85, 0)
(1, 6, 5, .9, 0)
(1, 6, 5, .95, 0)
(1, 6, 5, 1, 0)
(1, 6, 6, 0, 1)
(1, 6, 6, .05, 1)
(1, 6, 6, .1, .232908)
(1, 6, 6, .15, .232908)
(1, 6, 6, .2, .0105184)
(1, 6, 6, .25, .0105184)
(1, 6, 6, .3, 0)
(1, 6, 6, .35, 0)
(1, 6, 6, .4, 0)
(1, 6, 6, .45, 0)
(1, 6, 6, .5, 0)
(1, 6, 6, .55, 0)
(1, 6, 6, .6, 0)
(1, 6, 6, .65, 0)
(1, 6, 6, .7, 0)
(1, 6, 6, .75, 0)
(1, 6, 6, .8, 0)
(1, 6, 6, .85, 0)
(1, 6, 6, .9, 0)
(1, 6, 6, .95, 0)
(1, 6, 6, 1, 0)
(1, 6, 7, 0, 1)
(1, 6, 7, .05, 1)
(1, 6, 7, .1, .198347)
(1, 6, 7, .15, .198347)
(1, 6, 7, .2, .00300526)
(1, 6, 7, .25, .00300526)
(1, 6, 7, .3, 0)
(1, 6, 7, .35, 0)
(1, 6, 7, .4, 0)
(1, 6, 7, .45, 0)
(1, 6, 7, .5, 0)
(1, 6, 7, .55, 0)
(1, 6, 7, .6, 0)
(1, 6, 7, .65, 0)
(1, 6, 7, .7, 0)
(1, 6, 7, .75, 0)
(1, 6, 7, .8, 0)
(1, 6, 7, .85, 0)
(1, 6, 7, .9, 0)
(1, 6, 7, .95, 0)
(1, 6, 7, 1, 0)
(1, 6, 8, 0, 1)
(1, 6, 8, .05, 1)
(1, 6, 8, .1, .1713)
(1, 6, 8, .15, .1713)
(1, 6, 8, .2, .000751315)
(1, 6, 8, .25, .000751315)
(1, 6, 8, .3, 0)
(1, 6, 8, .35, 0)
(1, 6, 8, .4, 0)
(1, 6, 8, .45, 0)
(1, 6, 8, .5, 0)
(1, 6, 8, .55, 0)
(1, 6, 8, .6, 0)
(1, 6, 8, .65, 0)
(1, 6, 8, .7, 0)
(1, 6, 8, .75, 0)
(1, 6, 8, .8, 0)
(1, 6, 8, .85, 0)
(1, 6, 8, .9, 0)
(1, 6, 8, .95, 0)
(1, 6, 8, 1, 0)
(1, 6, 9, 0, 1)
(1, 6, 9, .05, 1)
(1, 6, 9, .1, .144252)
(1, 6, 9, .15, .144252)
(1, 6, 9, .2, 0)
(1, 6, 9, .25, 0)
(1, 6, 9, .3, 0)
(1, 6, 9, .35, 0)
(1, 6, 9, .4, 0)
(1, 6, 9, .45, 0)
(1, 6, 9, .5, 0)
(1, 6, 9, .55, 0)
(1, 6, 9, .6, 0)
(1, 6, 9, .65, 0)
(1, 6, 9, .7, 0)
(1, 6, 9, .75, 0)
(1, 6, 9, .8, 0)
(1, 6, 9, .85, 0)
(1, 6, 9, .9, 0)
(1, 6, 9, .95, 0)
(1, 6, 9, 1, 0)
(1, 6, 10, 0, 1)
(1, 6, 10, .05, 1)
(1, 6, 10, .1, .118708)
(1, 6, 10, .15, .118708)
(1, 6, 10, .2, 0)
(1, 6, 10, .25, 0)
(1, 6, 10, .3, 0)
(1, 6, 10, .35, 0)
(1, 6, 10, .4, 0)
(1, 6, 10, .45, 0)
(1, 6, 10, .5, 0)
(1, 6, 10, .55, 0)
(1, 6, 10, .6, 0)
(1, 6, 10, .65, 0)
(1, 6, 10, .7, 0)
(1, 6, 10, .75, 0)
(1, 6, 10, .8, 0)
(1, 6, 10, .85, 0)
(1, 6, 10, .9, 0)
(1, 6, 10, .95, 0)
(1, 6, 10, 1, 0)
(1, 6, 11, 0, 1)
(1, 6, 11, .05, 1)
(1, 6, 11, .1, 0)
(1, 6, 11, .15, 0)
(1, 6, 11, .2, 0)
(1, 6, 11, .25, 0)
(1, 6, 11, .3, 0)
(1, 6, 11, .35, 0)
(1, 6, 11, .4, 0)
(1, 6, 11, .45, 0)
(1, 6, 11, .5, 0)
(1, 6, 11, .55, 0)
(1, 6, 11, .6, 0)
(1, 6, 11, .65, 0)
(1, 6, 11, .7, 0)
(1, 6, 11, .75, 0)
(1, 6, 11, .8, 0)
(1, 6, 11, .85, 0)
(1, 6, 11, .9, 0)
(1, 6, 11, .95, 0)
(1, 6, 11, 1, 0)
(1, 7, 1, 0, 1)
(1, 7, 1, .05, 1)
(1, 7, 1, .1, .360631)
(1, 7, 1, .15, .360631)
(1, 7, 1, .2, .0540947)
(1, 7, 1, .25, .0540947)
(1, 7, 1, .3, 0)
(1, 7, 1, .35, 0)
(1, 7, 1, .4, 0)
(1, 7, 1, .45, 0)
(1, 7, 1, .5, 0)
(1, 7, 1, .55, 0)
(1, 7, 1, .6, 0)
(1, 7, 1, .65, 0)
(1, 7, 1, .7, 0)
(1, 7, 1, .75, 0)
(1, 7, 1, .8, 0)
(1, 7, 1, .85, 0)
(1, 7, 1, .9, 0)
(1, 7, 1, .95, 0)
(1, 7, 1, 1, 0)
(1, 7, 2, 0, 1)
(1, 7, 2, .05, 1)
(1, 7, 2, .1, .324568)
(1, 7, 2, .15, .324568)
(1, 7, 2, .2, .0420736)
(1, 7, 2, .25, .0420736)
(1, 7, 2, .3, 0)
(1, 7, 2, .35, 0)
(1, 7, 2, .4, 0)
(1, 7, 2, .45, 0)
(1, 7, 2, .5, 0)
(1, 7, 2, .55, 0)
(1, 7, 2, .6, 0)
(1, 7, 2, .65, 0)
(1, 7, 2, .7, 0)
(1, 7, 2, .75, 0)
(1, 7, 2, .8, 0)
(1, 7, 2, .85, 0)
(1, 7, 2, .9, 0)
(1, 7, 2, .95, 0)
(1, 7, 2, 1, 0)
(1, 7, 3, 0, 1)
(1, 7, 3, .05, 1)
(1, 7, 3, .1, .288505)
(1, 7, 3, .15, .288505)
(1, 7, 3, .2, .0300526)
(1, 7, 3, .25, .0300526)
(1, 7, 3, .3, 0)
(1, 7, 3, .35, 0)
(1, 7, 3, .4, 0)
(1, 7, 3, .45, 0)
(1, 7, 3, .5, 0)
(1, 7, 3, .55, 0)
(1, 7, 3, .6, 0)
(1, 7, 3, .65, 0)
(1, 7, 3, .7, 0)
(1, 7, 3, .75, 0)
(1, 7, 3, .8, 0)
(1, 7, 3, .85, 0)
(1, 7, 3, .9, 0)
(1, 7, 3, .95, 0)
(1, 7, 3, 1, 0)
(1, 7, 4, 0, 1)
(1, 7, 4, .05, 1)
(1, 7, 4, .1, .258452)
(1, 7, 4, .15, .258452)
(1, 7, 4, .2, .0187829)
(1, 7, 4, .25, .0187829)
(1, 7, 4, .3, 0)
(1, 7, 4, .35, 0)
(1, 7, 4, .4, 0)
(1, 7, 4, .45, 0)
(1, 7, 4, .5, 0)
(1, 7, 4, .55, 0)
(1, 7, 4, .6, 0)
(1, 7, 4, .65, 0)
(1, 7, 4, .7, 0)
(1, 7, 4, .75, 0)
(1, 7, 4, .8, 0)
(1, 7, 4, .85, 0)
(1, 7, 4, .9, 0)
(1, 7, 4, .95, 0)
(1, 7, 4, 1, 0)
(1, 7, 5, 0, 1)
(1, 7, 5, .05, 1)
(1, 7, 5, .1, .2284)
(1, 7, 5, .15, .2284)
(1, 7, 5, .2, .00901578)
(1, 7, 5, .25, .00901578)
(1, 7, 5, .3, 0)
(1, 7, 5, .35, 0)
(1, 7, 5, .4, 0)
(1, 7, 5, .45, 0)
(1, 7, 5, .5, 0)
(1, 7, 5, .55, 0)
(1, 7, 5, .6, 0)
(1, 7, 5, .65, 0)
(1, 7, 5, .7, 0)
(1, 7, 5, .75, 0)
(1, 7, 5, .8, 0)
(1, 7, 5, .85, 0)
(1, 7, 5, .9, 0)
(1, 7, 5, .95, 0)
(1, 7, 5, 1, 0)
(1, 7, 6, 0, 1)
(1, 7, 6, .05, 1)
(1, 7, 6, .1, .198347)
(1, 7, 6, .15, .198347)
(1, 7, 6, .2, .00300526)
(1, 7, 6, .25, .00300526)
(1, 7, 6, .3, 0)
(1, 7, 6, .35, 0)
(1, 7, 6, .4, 0)
(1, 7, 6, .45, 0)
(1, 7, 6, .5, 0)
(1, 7, 6, .55, 0)
(1, 7, 6, .6, 0)
(1, 7, 6, .65, 0)
(1, 7, 6, .7, 0)
(1, 7, 6, .75, 0)
(1, 7, 6, .8, 0)
(1, 7, 6, .85, 0)
(1, 7, 6, .9, 0)
(1, 7, 6, .95, 0)
(1, 7, 6, 1, 0)
(1, 7, 7, 0, 1)
(1, 7, 7, .05, 1)
(1, 7, 7, .1, .168295)
(1, 7, 7, .15, .168295)
(1, 7, 7, .2, .000751315)
(1, 7, 7, .25, .000751315)
(1, 7, 7, .3, 0)
(1, 7, 7, .35, 0)
(1, 7, 7, .4, 0)
(1, 7, 7, .45, 0)
(1, 7, 7, .5, 0)
(1, 7, 7, .55, 0)
(1, 7, 7, .6, 0)
(1, 7, 7, .65, 0)
(1, 7, 7, .7, 0)
(1, 7, 7, .75, 0)
(1, 7, 7, .8, 0)
(1, 7, 7, .85, 0)
(1, 7, 7, .9, 0)
(1, 7, 7, .95, 0)
(1, 7, 7, 1, 0)
(1, 7, 8, 0, 1)
(1, 7, 8, .05, 1)
(1, 7, 8, .1, .144252)
(1, 7, 8, .15, .144252)
(1, 7, 8, .2, 0)
(1, 7, 8, .25, 0)
(1, 7, 8, .3, 0)
(1, 7, 8, .35, 0)
(1, 7, 8, .4, 0)
(1, 7, 8, .45, 0)
(1, 7, 8, .5, 0)
(1, 7, 8, .55, 0)
(1, 7, 8, .6, 0)
(1, 7, 8, .65, 0)
(1, 7, 8, .7, 0)
(1, 7, 8, .75, 0)
(1, 7, 8, .8, 0)
(1, 7, 8, .85, 0)
(1, 7, 8, .9, 0)
(1, 7, 8, .95, 0)
(1, 7, 8, 1, 0)
(1, 7, 9, 0, 1)
(1, 7, 9, .05, 1)
(1, 7, 9, .1, .12021)
(1, 7, 9, .15, .12021)
(1, 7, 9, .2, 0)
(1, 7, 9, .25, 0)
(1, 7, 9, .3, 0)
(1, 7, 9, .35, 0)
(1, 7, 9, .4, 0)
(1, 7, 9, .45, 0)
(1, 7, 9, .5, 0)
(1, 7, 9, .55, 0)
(1, 7, 9, .6, 0)
(1, 7, 9, .65, 0)
(1, 7, 9, .7, 0)
(1, 7, 9, .75, 0)
(1, 7, 9, .8, 0)
(1, 7, 9, .85, 0)
(1, 7, 9, .9, 0)
(1, 7, 9, .95, 0)
(1, 7, 9, 1, 0)
(1, 7, 10, 0, 1)
(1, 7, 10, .05, 1)
(1, 7, 10, .1, .0991736)
(1, 7, 10, .15, .0991736)
(1, 7, 10, .2, 0)
(1, 7, 10, .25, 0)
(1, 7, 10, .3, 0)
(1, 7, 10, .35, 0)
(1, 7, 10, .4, 0)
(1, 7, 10, .45, 0)
(1, 7, 10, .5, 0)
(1, 7, 10, .55, 0)
(1, 7, 10, .6, 0)
(1, 7, 10, .65, 0)
(1, 7, 10, .7, 0)
(1, 7, 10, .75, 0)
(1, 7, 10, .8, 0)
(1, 7, 10, .85, 0)
(1, 7, 10, .9, 0)
(1, 7, 10, .95, 0)
(1, 7, 10, 1, 0)
(1, 7, 11, 0, 1)
(1, 7, 11, .05, 1)
(1, 7, 11, .1, 0)
(1, 7, 11, .15, 0)
(1, 7, 11, .2, 0)
(1, 7, 11, .25, 0)
(1, 7, 11, .3, 0)
(1, 7, 11, .35, 0)
(1, 7, 11, .4, 0)
(1, 7, 11, .45, 0)
(1, 7, 11, .5, 0)
(1, 7, 11, .55, 0)
(1, 7, 11, .6, 0)
(1, 7, 11, .65, 0)
(1, 7, 11, .7, 0)
(1, 7, 11, .75, 0)
(1, 7, 11, .8, 0)
(1, 7, 11, .85, 0)
(1, 7, 11, .9, 0)
(1, 7, 11, .95, 0)
(1, 7, 11, 1, 0)
(1, 8, 1, 0, 1)
(1, 8, 1, .05, 1)
(1, 8, 1, .1, .315552)
(1, 8, 1, .15, .315552)
(1, 8, 1, .2, .0270473)
(1, 8, 1, .25, .0270473)
(1, 8, 1, .3, 0)
(1, 8, 1, .35, 0)
(1, 8, 1, .4, 0)
(1, 8, 1, .45, 0)
(1, 8, 1, .5, 0)
(1, 8, 1, .55, 0)
(1, 8, 1, .6, 0)
(1, 8, 1, .65, 0)
(1, 8, 1, .7, 0)
(1, 8, 1, .75, 0)
(1, 8, 1, .8, 0)
(1, 8, 1, .85, 0)
(1, 8, 1, .9, 0)
(1, 8, 1, .95, 0)
(1, 8, 1, 1, 0)
(1, 8, 2, 0, 1)
(1, 8, 2, .05, 1)
(1, 8, 2, .1, .283997)
(1, 8, 2, .15, .283997)
(1, 8, 2, .2, .0210368)
(1, 8, 2, .25, .0210368)
(1, 8, 2, .3, 0)
(1, 8, 2, .35, 0)
(1, 8, 2, .4, 0)
(1, 8, 2, .45, 0)
(1, 8, 2, .5, 0)
(1, 8, 2, .55, 0)
(1, 8, 2, .6, 0)
(1, 8, 2, .65, 0)
(1, 8, 2, .7, 0)
(1, 8, 2, .75, 0)
(1, 8, 2, .8, 0)
(1, 8, 2, .85, 0)
(1, 8, 2, .9, 0)
(1, 8, 2, .95, 0)
(1, 8, 2, 1, 0)
(1, 8, 3, 0, 1)
(1, 8, 3, .05, 1)
(1, 8, 3, .1, .252442)
(1, 8, 3, .15, .252442)
(1, 8, 3, .2, .0150263)
(1, 8, 3, .25, .0150263)
(1, 8, 3, .3, 0)
(1, 8, 3, .35, 0)
(1, 8, 3, .4, 0)
(1, 8, 3, .45, 0)
(1, 8, 3, .5, 0)
(1, 8, 3, .55, 0)
(1, 8, 3, .6, 0)
(1, 8, 3, .65, 0)
(1, 8, 3, .7, 0)
(1, 8, 3, .75, 0)
(1, 8, 3, .8, 0)
(1, 8, 3, .85, 0)
(1, 8, 3, .9, 0)
(1, 8, 3, .95, 0)
(1, 8, 3, 1, 0)
(1, 8, 4, 0, 1)
(1, 8, 4, .05, 1)
(1, 8, 4, .1, .225394)
(1, 8, 4, .15, .225394)
(1, 8, 4, .2, .00901578)
(1, 8, 4, .25, .00901578)
(1, 8, 4, .3, 0)
(1, 8, 4, .35, 0)
(1, 8, 4, .4, 0)
(1, 8, 4, .45, 0)
(1, 8, 4, .5, 0)
(1, 8, 4, .55, 0)
(1, 8, 4, .6, 0)
(1, 8, 4, .65, 0)
(1, 8, 4, .7, 0)
(1, 8, 4, .75, 0)
(1, 8, 4, .8, 0)
(1, 8, 4, .85, 0)
(1, 8, 4, .9, 0)
(1, 8, 4, .95, 0)
(1, 8, 4, 1, 0)
(1, 8, 5, 0, 1)
(1, 8, 5, .05, 1)
(1, 8, 5, .1, .198347)
(1, 8, 5, .15, .198347)
(1, 8, 5, .2, .00375657)
(1, 8, 5, .25, .00375657)
(1, 8, 5, .3, 0)
(1, 8, 5, .35, 0)
(1, 8, 5, .4, 0)
(1, 8, 5, .45, 0)
(1, 8, 5, .5, 0)
(1, 8, 5, .55, 0)
(1, 8, 5, .6, 0)
(1, 8, 5, .65, 0)
(1, 8, 5, .7, 0)
(1, 8, 5, .75, 0)
(1, 8, 5, .8, 0)
(1, 8, 5, .85, 0)
(1, 8, 5, .9, 0)
(1, 8, 5, .95, 0)
(1, 8, 5, 1, 0)
(1, 8, 6, 0, 1)
(1, 8, 6, .05, 1)
(1, 8, 6, .1, .1713)
(1, 8, 6, .15, .1713)
(1, 8, 6, .2, .000751315)
(1, 8, 6, .25, .000751315)
(1, 8, 6, .3, 0)
(1, 8, 6, .35, 0)
(1, 8, 6, .4, 0)
(1, 8, 6, .45, 0)
(1, 8, 6, .5, 0)
(1, 8, 6, .55, 0)
(1, 8, 6, .6, 0)
(1, 8, 6, .65, 0)
(1, 8, 6, .7, 0)
(1, 8, 6, .75, 0)
(1, 8, 6, .8, 0)
(1, 8, 6, .85, 0)
(1, 8, 6, .9, 0)
(1, 8, 6, .95, 0)
(1, 8, 6, 1, 0)
(1, 8, 7, 0, 1)
(1, 8, 7, .05, 1)
(1, 8, 7, .1, .144252)
(1, 8, 7, .15, .144252)
(1, 8, 7, .2, 0)
(1, 8, 7, .25, 0)
(1, 8, 7, .3, 0)
(1, 8, 7, .35, 0)
(1, 8, 7, .4, 0)
(1, 8, 7, .45, 0)
(1, 8, 7, .5, 0)
(1, 8, 7, .55, 0)
(1, 8, 7, .6, 0)
(1, 8, 7, .65, 0)
(1, 8, 7, .7, 0)
(1, 8, 7, .75, 0)
(1, 8, 7, .8, 0)
(1, 8, 7, .85, 0)
(1, 8, 7, .9, 0)
(1, 8, 7, .95, 0)
(1, 8, 7, 1, 0)
(1, 8, 8, 0, 1)
(1, 8, 8, .05, 1)
(1, 8, 8, .1, .123216)
(1, 8, 8, .15, .123216)
(1, 8, 8, .2, 0)
(1, 8, 8, .25, 0)
(1, 8, 8, .3, 0)
(1, 8, 8, .35, 0)
(1, 8, 8, .4, 0)
(1, 8, 8, .45, 0)
(1, 8, 8, .5, 0)
(1, 8, 8, .55, 0)
(1, 8, 8, .6, 0)
(1, 8, 8, .65, 0)
(1, 8, 8, .7, 0)
(1, 8, 8, .75, 0)
(1, 8, 8, .8, 0)
(1, 8, 8, .85, 0)
(1, 8, 8, .9, 0)
(1, 8, 8, .95, 0)
(1, 8, 8, 1, 0)
(1, 8, 9, 0, 1)
(1, 8, 9, .05, 1)
(1, 8, 9, .1, .102179)
(1, 8, 9, .15, .102179)
(1, 8, 9, .2, 0)
(1, 8, 9, .25, 0)
(1, 8, 9, .3, 0)
(1, 8, 9, .35, 0)
(1, 8, 9, .4, 0)
(1, 8, 9, .45, 0)
(1, 8, 9, .5, 0)
(1, 8, 9, .55, 0)
(1, 8, 9, .6, 0)
(1, 8, 9, .65, 0)
(1, 8, 9, .7, 0)
(1, 8, 9, .75, 0)
(1, 8, 9, .8, 0)
(1, 8, 9, .85, 0)
(1, 8, 9, .9, 0)
(1, 8, 9, .95, 0)
(1, 8, 9, 1, 0)
(1, 8, 10, 0, 1)
(1, 8, 10, .05, 1)
(1, 8, 10, .1, .0826446)
(1, 8, 10, .15, .0826446)
(1, 8, 10, .2, 0)
(1, 8, 10, .25, 0)
(1, 8, 10, .3, 0)
(1, 8, 10, .35, 0)
(1, 8, 10, .4, 0)
(1, 8, 10, .45, 0)
(1, 8, 10, .5, 0)
(1, 8, 10, .55, 0)
(1, 8, 10, .6, 0)
(1, 8, 10, .65, 0)
(1, 8, 10, .7, 0)
(1, 8, 10, .75, 0)
(1, 8, 10, .8, 0)
(1, 8, 10, .85, 0)
(1, 8, 10, .9, 0)
(1, 8, 10, .95, 0)
(1, 8, 10, 1, 0)
(1, 8, 11, 0, 1)
(1, 8, 11, .05, 1)
(1, 8, 11, .1, 0)
(1, 8, 11, .15, 0)
(1, 8, 11, .2, 0)
(1, 8, 11, .25, 0)
(1, 8, 11, .3, 0)
(1, 8, 11, .35, 0)
(1, 8, 11, .4, 0)
(1, 8, 11, .45, 0)
(1, 8, 11, .5, 0)
(1, 8, 11, .55, 0)
(1, 8, 11, .6, 0)
(1, 8, 11, .65, 0)
(1, 8, 11, .7, 0)
(1, 8, 11, .75, 0)
(1, 8, 11, .8, 0)
(1, 8, 11, .85, 0)
(1, 8, 11, .9, 0)
(1, 8, 11, .95, 0)
(1, 8, 11, 1, 0)
(1, 9, 1, 0, 1)
(1, 9, 1, .05, 1)
(1, 9, 1, .1, .270473)
(1, 9, 1, .15, .270473)
(1, 9, 1, .2, .00676183)
(1, 9, 1, .25, .00676183)
(1, 9, 1, .3, 0)
(1, 9, 1, .35, 0)
(1, 9, 1, .4, 0)
(1, 9, 1, .45, 0)
(1, 9, 1, .5, 0)
(1, 9, 1, .55, 0)
(1, 9, 1, .6, 0)
(1, 9, 1, .65, 0)
(1, 9, 1, .7, 0)
(1, 9, 1, .75, 0)
(1, 9, 1, .8, 0)
(1, 9, 1, .85, 0)
(1, 9, 1, .9, 0)
(1, 9, 1, .95, 0)
(1, 9, 1, 1, 0)
(1, 9, 2, 0, 1)
(1, 9, 2, .05, 1)
(1, 9, 2, .1, .243426)
(1, 9, 2, .15, .243426)
(1, 9, 2, .2, .0052592)
(1, 9, 2, .25, .0052592)
(1, 9, 2, .3, 0)
(1, 9, 2, .35, 0)
(1, 9, 2, .4, 0)
(1, 9, 2, .45, 0)
(1, 9, 2, .5, 0)
(1, 9, 2, .55, 0)
(1, 9, 2, .6, 0)
(1, 9, 2, .65, 0)
(1, 9, 2, .7, 0)
(1, 9, 2, .75, 0)
(1, 9, 2, .8, 0)
(1, 9, 2, .85, 0)
(1, 9, 2, .9, 0)
(1, 9, 2, .95, 0)
(1, 9, 2, 1, 0)
(1, 9, 3, 0, 1)
(1, 9, 3, .05, 1)
(1, 9, 3, .1, .216379)
(1, 9, 3, .15, .216379)
(1, 9, 3, .2, .00375657)
(1, 9, 3, .25, .00375657)
(1, 9, 3, .3, 0)
(1, 9, 3, .35, 0)
(1, 9, 3, .4, 0)
(1, 9, 3, .45, 0)
(1, 9, 3, .5, 0)
(1, 9, 3, .55, 0)
(1, 9, 3, .6, 0)
(1, 9, 3, .65, 0)
(1, 9, 3, .7, 0)
(1, 9, 3, .75, 0)
(1, 9, 3, .8, 0)
(1, 9, 3, .85, 0)
(1, 9, 3, .9, 0)
(1, 9, 3, .95, 0)
(1, 9, 3, 1, 0)
(1, 9, 4, 0, 1)
(1, 9, 4, .05, 1)
(1, 9, 4, .1, .192337)
(1, 9, 4, .15, .192337)
(1, 9, 4, .2, .00225394)
(1, 9, 4, .25, .00225394)
(1, 9, 4, .3, 0)
(1, 9, 4, .35, 0)
(1, 9, 4, .4, 0)
(1, 9, 4, .45, 0)
(1, 9, 4, .5, 0)
(1, 9, 4, .55, 0)
(1, 9, 4, .6, 0)
(1, 9, 4, .65, 0)
(1, 9, 4, .7, 0)
(1, 9, 4, .75, 0)
(1, 9, 4, .8, 0)
(1, 9, 4, .85, 0)
(1, 9, 4, .9, 0)
(1, 9, 4, .95, 0)
(1, 9, 4, 1, 0)
(1, 9, 5, 0, 1)
(1, 9, 5, .05, 1)
(1, 9, 5, .1, .168295)
(1, 9, 5, .15, .168295)
(1, 9, 5, .2, .000751315)
(1, 9, 5, .25, .000751315)
(1, 9, 5, .3, 0)
(1, 9, 5, .35, 0)
(1, 9, 5, .4, 0)
(1, 9, 5, .45, 0)
(1, 9, 5, .5, 0)
(1, 9, 5, .55, 0)
(1, 9, 5, .6, 0)
(1, 9, 5, .65, 0)
(1, 9, 5, .7, 0)
(1, 9, 5, .75, 0)
(1, 9, 5, .8, 0)
(1, 9, 5, .85, 0)
(1, 9, 5, .9, 0)
(1, 9, 5, .95, 0)
(1, 9, 5, 1, 0)
(1, 9, 6, 0, 1)
(1, 9, 6, .05, 1)
(1, 9, 6, .1, .144252)
(1, 9, 6, .15, .144252)
(1, 9, 6, .2, 0)
(1, 9, 6, .25, 0)
(1, 9, 6, .3, 0)
(1, 9, 6, .35, 0)
(1, 9, 6, .4, 0)
(1, 9, 6, .45, 0)
(1, 9, 6, .5, 0)
(1, 9, 6, .55, 0)
(1, 9, 6, .6, 0)
(1, 9, 6, .65, 0)
(1, 9, 6, .7, 0)
(1, 9, 6, .75, 0)
(1, 9, 6, .8, 0)
(1, 9, 6, .85, 0)
(1, 9, 6, .9, 0)
(1, 9, 6, .95, 0)
(1, 9, 6, 1, 0)
(1, 9, 7, 0, 1)
(1, 9, 7, .05, 1)
(1, 9, 7, .1, .12021)
(1, 9, 7, .15, .12021)
(1, 9, 7, .2, 0)
(1, 9, 7, .25, 0)
(1, 9, 7, .3, 0)
(1, 9, 7, .35, 0)
(1, 9, 7, .4, 0)
(1, 9, 7, .45, 0)
(1, 9, 7, .5, 0)
(1, 9, 7, .55, 0)
(1, 9, 7, .6, 0)
(1, 9, 7, .65, 0)
(1, 9, 7, .7, 0)
(1, 9, 7, .75, 0)
(1, 9, 7, .8, 0)
(1, 9, 7, .85, 0)
(1, 9, 7, .9, 0)
(1, 9, 7, .95, 0)
(1, 9, 7, 1, 0)
(1, 9, 8, 0, 1)
(1, 9, 8, .05, 1)
(1, 9, 8, .1, .102179)
(1, 9, 8, .15, .102179)
(1, 9, 8, .2, 0)
(1, 9, 8, .25, 0)
(1, 9, 8, .3, 0)
(1, 9, 8, .35, 0)
(1, 9, 8, .4, 0)
(1, 9, 8, .45, 0)
(1, 9, 8, .5, 0)
(1, 9, 8, .55, 0)
(1, 9, 8, .6, 0)
(1, 9, 8, .65, 0)
(1, 9, 8, .7, 0)
(1, 9, 8, .75, 0)
(1, 9, 8, .8, 0)
(1, 9, 8, .85, 0)
(1, 9, 8, .9, 0)
(1, 9, 8, .95, 0)
(1, 9, 8, 1, 0)
(1, 9, 9, 0, 1)
(1, 9, 9, .05, 1)
(1, 9, 9, .1, .0841473)
(1, 9, 9, .15, .0841473)
(1, 9, 9, .2, 0)
(1, 9, 9, .25, 0)
(1, 9, 9, .3, 0)
(1, 9, 9, .35, 0)
(1, 9, 9, .4, 0)
(1, 9, 9, .45, 0)
(1, 9, 9, .5, 0)
(1, 9, 9, .55, 0)
(1, 9, 9, .6, 0)
(1, 9, 9, .65, 0)
(1, 9, 9, .7, 0)
(1, 9, 9, .75, 0)
(1, 9, 9, .8, 0)
(1, 9, 9, .85, 0)
(1, 9, 9, .9, 0)
(1, 9, 9, .95, 0)
(1, 9, 9, 1, 0)
(1, 9, 10, 0, 1)
(1, 9, 10, .05, 1)
(1, 9, 10, .1, .0661157)
(1, 9, 10, .15, .0661157)
(1, 9, 10, .2, 0)
(1, 9, 10, .25, 0)
(1, 9, 10, .3, 0)
(1, 9, 10, .35, 0)
(1, 9, 10, .4, 0)
(1, 9, 10, .45, 0)
(1, 9, 10, .5, 0)
(1, 9, 10, .55, 0)
(1, 9, 10, .6, 0)
(1, 9, 10, .65, 0)
(1, 9, 10, .7, 0)
(1, 9, 10, .75, 0)
(1, 9, 10, .8, 0)
(1, 9, 10, .85, 0)
(1, 9, 10, .9, 0)
(1, 9, 10, .95, 0)
(1, 9, 10, 1, 0)
(1, 9, 11, 0, 1)
(1, 9, 11, .05, 1)
(1, 9, 11, .1, 0)
(1, 9, 11, .15, 0)
(1, 9, 11, .2, 0)
(1, 9, 11, .25, 0)
(1, 9, 11, .3, 0)
(1, 9, 11, .35, 0)
(1, 9, 11, .4, 0)
(1, 9, 11, .45, 0)
(1, 9, 11, .5, 0)
(1, 9, 11, .55, 0)
(1, 9, 11, .6, 0)
(1, 9, 11, .65, 0)
(1, 9, 11, .7, 0)
(1, 9, 11, .75, 0)
(1, 9, 11, .8, 0)
(1, 9, 11, .85, 0)
(1, 9, 11, .9, 0)
(1, 9, 11, .95, 0)
(1, 9, 11, 1, 0)
(1, 10, 1, 0, 1)
(1, 10, 1, .05, 1)
(1, 10, 1, .1, .225394)
(1, 10, 1, .15, .225394)
(1, 10, 1, .2, 0)
(1, 10, 1, .25, 0)
(1, 10, 1, .3, 0)
(1, 10, 1, .35, 0)
(1, 10, 1, .4, 0)
(1, 10, 1, .45, 0)
(1, 10, 1, .5, 0)
(1, 10, 1, .55, 0)
(1, 10, 1, .6, 0)
(1, 10, 1, .65, 0)
(1, 10, 1, .7, 0)
(1, 10, 1, .75, 0)
(1, 10, 1, .8, 0)
(1, 10, 1, .85, 0)
(1, 10, 1, .9, 0)
(1, 10, 1, .95, 0)
(1, 10, 1, 1, 0)
(1, 10, 2, 0, 1)
(1, 10, 2, .05, 1)
(1, 10, 2, .1, .202855)
(1, 10, 2, .15, .202855)
(1, 10, 2, .2, 0)
(1, 10, 2, .25, 0)
(1, 10, 2, .3, 0)
(1, 10, 2, .35, 0)
(1, 10, 2, .4, 0)
(1, 10, 2, .45, 0)
(1, 10, 2, .5, 0)
(1, 10, 2, .55, 0)
(1, 10, 2, .6, 0)
(1, 10, 2, .65, 0)
(1, 10, 2, .7, 0)
(1, 10, 2, .75, 0)
(1, 10, 2, .8, 0)
(1, 10, 2, .85, 0)
(1, 10, 2, .9, 0)
(1, 10, 2, .95, 0)
(1, 10, 2, 1, 0)
(1, 10, 3, 0, 1)
(1, 10, 3, .05, 1)
(1, 10, 3, .1, .180316)
(1, 10, 3, .15, .180316)
(1, 10, 3, .2, 0)
(1, 10, 3, .25, 0)
(1, 10, 3, .3, 0)
(1, 10, 3, .35, 0)
(1, 10, 3, .4, 0)
(1, 10, 3, .45, 0)
(1, 10, 3, .5, 0)
(1, 10, 3, .55, 0)
(1, 10, 3, .6, 0)
(1, 10, 3, .65, 0)
(1, 10, 3, .7, 0)
(1, 10, 3, .75, 0)
(1, 10, 3, .8, 0)
(1, 10, 3, .85, 0)
(1, 10, 3, .9, 0)
(1, 10, 3, .95, 0)
(1, 10, 3, 1, 0)
(1, 10, 4, 0, 1)
(1, 10, 4, .05, 1)
(1, 10, 4, .1, .159279)
(1, 10, 4, .15, .159279)
(1, 10, 4, .2, 0)
(1, 10, 4, .25, 0)
(1, 10, 4, .3, 0)
(1, 10, 4, .35, 0)
(1, 10, 4, .4, 0)
(1, 10, 4, .45, 0)
(1, 10, 4, .5, 0)
(1, 10, 4, .55, 0)
(1, 10, 4, .6, 0)
(1, 10, 4, .65, 0)
(1, 10, 4, .7, 0)
(1, 10, 4, .75, 0)
(1, 10, 4, .8, 0)
(1, 10, 4, .85, 0)
(1, 10, 4, .9, 0)
(1, 10, 4, .95, 0)
(1, 10, 4, 1, 0)
(1, 10, 5, 0, 1)
(1, 10, 5, .05, 1)
(1, 10, 5, .1, .138242)
(1, 10, 5, .15, .138242)
(1, 10, 5, .2, 0)
(1, 10, 5, .25, 0)
(1, 10, 5, .3, 0)
(1, 10, 5, .35, 0)
(1, 10, 5, .4, 0)
(1, 10, 5, .45, 0)
(1, 10, 5, .5, 0)
(1, 10, 5, .55, 0)
(1, 10, 5, .6, 0)
(1, 10, 5, .65, 0)
(1, 10, 5, .7, 0)
(1, 10, 5, .75, 0)
(1, 10, 5, .8, 0)
(1, 10, 5, .85, 0)
(1, 10, 5, .9, 0)
(1, 10, 5, .95, 0)
(1, 10, 5, 1, 0)
(1, 10, 6, 0, 1)
(1, 10, 6, .05, 1)
(1, 10, 6, .1, .118708)
(1, 10, 6, .15, .118708)
(1, 10, 6, .2, 0)
(1, 10, 6, .25, 0)
(1, 10, 6, .3, 0)
(1, 10, 6, .35, 0)
(1, 10, 6, .4, 0)
(1, 10, 6, .45, 0)
(1, 10, 6, .5, 0)
(1, 10, 6, .55, 0)
(1, 10, 6, .6, 0)
(1, 10, 6, .65, 0)
(1, 10, 6, .7, 0)
(1, 10, 6, .75, 0)
(1, 10, 6, .8, 0)
(1, 10, 6, .85, 0)
(1, 10, 6, .9, 0)
(1, 10, 6, .95, 0)
(1, 10, 6, 1, 0)
(1, 10, 7, 0, 1)
(1, 10, 7, .05, 1)
(1, 10, 7, .1, .0991736)
(1, 10, 7, .15, .0991736)
(1, 10, 7, .2, 0)
(1, 10, 7, .25, 0)
(1, 10, 7, .3, 0)
(1, 10, 7, .35, 0)
(1, 10, 7, .4, 0)
(1, 10, 7, .45, 0)
(1, 10, 7, .5, 0)
(1, 10, 7, .55, 0)
(1, 10, 7, .6, 0)
(1, 10, 7, .65, 0)
(1, 10, 7, .7, 0)
(1, 10, 7, .75, 0)
(1, 10, 7, .8, 0)
(1, 10, 7, .85, 0)
(1, 10, 7, .9, 0)
(1, 10, 7, .95, 0)
(1, 10, 7, 1, 0)
(1, 10, 8, 0, 1)
(1, 10, 8, .05, 1)
(1, 10, 8, .1, .0826446)
(1, 10, 8, .15, .0826446)
(1, 10, 8, .2, 0)
(1, 10, 8, .25, 0)
(1, 10, 8, .3, 0)
(1, 10, 8, .35, 0)
(1, 10, 8, .4, 0)
(1, 10, 8, .45, 0)
(1, 10, 8, .5, 0)
(1, 10, 8, .55, 0)
(1, 10, 8, .6, 0)
(1, 10, 8, .65, 0)
(1, 10, 8, .7, 0)
(1, 10, 8, .75, 0)
(1, 10, 8, .8, 0)
(1, 10, 8, .85, 0)
(1, 10, 8, .9, 0)
(1, 10, 8, .95, 0)
(1, 10, 8, 1, 0)
(1, 10, 9, 0, 1)
(1, 10, 9, .05, 1)
(1, 10, 9, .1, .0661157)
(1, 10, 9, .15, .0661157)
(1, 10, 9, .2, 0)
(1, 10, 9, .25, 0)
(1, 10, 9, .3, 0)
(1, 10, 9, .35, 0)
(1, 10, 9, .4, 0)
(1, 10, 9, .45, 0)
(1, 10, 9, .5, 0)
(1, 10, 9, .55, 0)
(1, 10, 9, .6, 0)
(1, 10, 9, .65, 0)
(1, 10, 9, .7, 0)
(1, 10, 9, .75, 0)
(1, 10, 9, .8, 0)
(1, 10, 9, .85, 0)
(1, 10, 9, .9, 0)
(1, 10, 9, .95, 0)
(1, 10, 9, 1, 0)
(1, 10, 10, 0, 1)
(1, 10, 10, .05, 1)
(1, 10, 10, .1, .052592)
(1, 10, 10, .15, .052592)
(1, 10, 10, .2, 0)
(1, 10, 10, .25, 0)
(1, 10, 10, .3, 0)
(1, 10, 10, .35, 0)
(1, 10, 10, .4, 0)
(1, 10, 10, .45, 0)
(1, 10, 10, .5, 0)
(1, 10, 10, .55, 0)
(1, 10, 10, .6, 0)
(1, 10, 10, .65, 0)
(1, 10, 10, .7, 0)
(1, 10, 10, .75, 0)
(1, 10, 10, .8, 0)
(1, 10, 10, .85, 0)
(1, 10, 10, .9, 0)
(1, 10, 10, .95, 0)
(1, 10, 10, 1, 0)
(1, 10, 11, 0, 1)
(1, 10, 11, .05, 1)
(1, 10, 11, .1, 0)
(1, 10, 11, .15, 0)
(1, 10, 11, .2, 0)
(1, 10, 11, .25, 0)
(1, 10, 11, .3, 0)
(1, 10, 11, .35, 0)
(1, 10, 11, .4, 0)
(1, 10, 11, .45, 0)
(1, 10, 11, .5, 0)
(1, 10, 11, .55, 0)
(1, 10, 11, .6, 0)
(1, 10, 11, .65, 0)
(1, 10, 11, .7, 0)
(1, 10, 11, .75, 0)
(1, 10, 11, .8, 0)
(1, 10, 11, .85, 0)
(1, 10, 11, .9, 0)
(1, 10, 11, .95, 0)
(1, 10, 11, 1, 0)
(1, 11, 1, 0, 1)
(1, 11, 1, .05, 1)
(1, 11, 1, .1, 0)
(1, 11, 1, .15, 0)
(1, 11, 1, .2, 0)
(1, 11, 1, .25, 0)
(1, 11, 1, .3, 0)
(1, 11, 1, .35, 0)
(1, 11, 1, .4, 0)
(1, 11, 1, .45, 0)
(1, 11, 1, .5, 0)
(1, 11, 1, .55, 0)
(1, 11, 1, .6, 0)
(1, 11, 1, .65, 0)
(1, 11, 1, .7, 0)
(1, 11, 1, .75, 0)
(1, 11, 1, .8, 0)
(1, 11, 1, .85, 0)
(1, 11, 1, .9, 0)
(1, 11, 1, .95, 0)
(1, 11, 1, 1, 0)
(1, 11, 2, 0, 1)
(1, 11, 2, .05, 1)
(1, 11, 2, .1, 0)
(1, 11, 2, .15, 0)
(1, 11, 2, .2, 0)
(1, 11, 2, .25, 0)
(1, 11, 2, .3, 0)
(1, 11, 2, .35, 0)
(1, 11, 2, .4, 0)
(1, 11, 2, .45, 0)
(1, 11, 2, .5, 0)
(1, 11, 2, .55, 0)
(1, 11, 2, .6, 0)
(1, 11, 2, .65, 0)
(1, 11, 2, .7, 0)
(1, 11, 2, .75, 0)
(1, 11, 2, .8, 0)
(1, 11, 2, .85, 0)
(1, 11, 2, .9, 0)
(1, 11, 2, .95, 0)
(1, 11, 2, 1, 0)
(1, 11, 3, 0, 1)
(1, 11, 3, .05, 1)
(1, 11, 3, .1, 0)
(1, 11, 3, .15, 0)
(1, 11, 3, .2, 0)
(1, 11, 3, .25, 0)
(1, 11, 3, .3, 0)
(1, 11, 3, .35, 0)
(1, 11, 3, .4, 0)
(1, 11, 3, .45, 0)
(1, 11, 3, .5, 0)
(1, 11, 3, .55, 0)
(1, 11, 3, .6, 0)
(1, 11, 3, .65, 0)
(1, 11, 3, .7, 0)
(1, 11, 3, .75, 0)
(1, 11, 3, .8, 0)
(1, 11, 3, .85, 0)
(1, 11, 3, .9, 0)
(1, 11, 3, .95, 0)
(1, 11, 3, 1, 0)
(1, 11, 4, 0, 1)
(1, 11, 4, .05, 1)
(1, 11, 4, .1, 0)
(1, 11, 4, .15, 0)
(1, 11, 4, .2, 0)
(1, 11, 4, .25, 0)
(1, 11, 4, .3, 0)
(1, 11, 4, .35, 0)
(1, 11, 4, .4, 0)
(1, 11, 4, .45, 0)
(1, 11, 4, .5, 0)
(1, 11, 4, .55, 0)
(1, 11, 4, .6, 0)
(1, 11, 4, .65, 0)
(1, 11, 4, .7, 0)
(1, 11, 4, .75, 0)
(1, 11, 4, .8, 0)
(1, 11, 4, .85, 0)
(1, 11, 4, .9, 0)
(1, 11, 4, .95, 0)
(1, 11, 4, 1, 0)
(1, 11, 5, 0, 1)
(1, 11, 5, .05, 1)
(1, 11, 5, .1, 0)
(1, 11, 5, .15, 0)
(1, 11, 5, .2, 0)
(1, 11, 5, .25, 0)
(1, 11, 5, .3, 0)
(1, 11, 5, .35, 0)
(1, 11, 5, .4, 0)
(1, 11, 5, .45, 0)
(1, 11, 5, .5, 0)
(1, 11, 5, .55, 0)
(1, 11, 5, .6, 0)
(1, 11, 5, .65, 0)
(1, 11, 5, .7, 0)
(1, 11, 5, .75, 0)
(1, 11, 5, .8, 0)
(1, 11, 5, .85, 0)
(1, 11, 5, .9, 0)
(1, 11, 5, .95, 0)
(1, 11, 5, 1, 0)
(1, 11, 6, 0, 1)
(1, 11, 6, .05, 1)
(1, 11, 6, .1, 0)
(1, 11, 6, .15, 0)
(1, 11, 6, .2, 0)
(1, 11, 6, .25, 0)
(1, 11, 6, .3, 0)
(1, 11, 6, .35, 0)
(1, 11, 6, .4, 0)
(1, 11, 6, .45, 0)
(1, 11, 6, .5, 0)
(1, 11, 6, .55, 0)
(1, 11, 6, .6, 0)
(1, 11, 6, .65, 0)
(1, 11, 6, .7, 0)
(1, 11, 6, .75, 0)
(1, 11, 6, .8, 0)
(1, 11, 6, .85, 0)
(1, 11, 6, .9, 0)
(1, 11, 6, .95, 0)
(1, 11, 6, 1, 0)
(1, 11, 7, 0, 1)
(1, 11, 7, .05, 1)
(1, 11, 7, .1, 0)
(1, 11, 7, .15, 0)
(1, 11, 7, .2, 0)
(1, 11, 7, .25, 0)
(1, 11, 7, .3, 0)
(1, 11, 7, .35, 0)
(1, 11, 7, .4, 0)
(1, 11, 7, .45, 0)
(1, 11, 7, .5, 0)
(1, 11, 7, .55, 0)
(1, 11, 7, .6, 0)
(1, 11, 7, .65, 0)
(1, 11, 7, .7, 0)
(1, 11, 7, .75, 0)
(1, 11, 7, .8, 0)
(1, 11, 7, .85, 0)
(1, 11, 7, .9, 0)
(1, 11, 7, .95, 0)
(1, 11, 7, 1, 0)
(1, 11, 8, 0, 1)
(1, 11, 8, .05, 1)
(1, 11, 8, .1, 0)
(1, 11, 8, .15, 0)
(1, 11, 8, .2, 0)
(1, 11, 8, .25, 0)
(1, 11, 8, .3, 0)
(1, 11, 8, .35, 0)
(1, 11, 8, .4, 0)
(1, 11, 8, .45, 0)
(1, 11, 8, .5, 0)
(1, 11, 8, .55, 0)
(1, 11, 8, .6, 0)
(1, 11, 8, .65, 0)
(1, 11, 8, .7, 0)
(1, 11, 8, .75, 0)
(1, 11, 8, .8, 0)
(1, 11, 8, .85, 0)
(1, 11, 8, .9, 0)
(1, 11, 8, .95, 0)
(1, 11, 8, 1, 0)
(1, 11, 9, 0, 1)
(1, 11, 9, .05, 1)
(1, 11, 9, .1, 0)
(1, 11, 9, .15, 0)
(1, 11, 9, .2, 0)
(1, 11, 9, .25, 0)
(1, 11, 9, .3, 0)
(1, 11, 9, .35, 0)
(1, 11, 9, .4, 0)
(1, 11, 9, .45, 0)
(1, 11, 9, .5, 0)
(1, 11, 9, .55, 0)
(1, 11, 9, .6, 0)
(1, 11, 9, .65, 0)
(1, 11, 9, .7, 0)
(1, 11, 9, .75, 0)
(1, 11, 9, .8, 0)
(1, 11, 9, .85, 0)
(1, 11, 9, .9, 0)
(1, 11, 9, .95, 0)
(1, 11, 9, 1, 0)
(1, 11, 10, 0, 1)
(1, 11, 10, .05, 1)
(1, 11, 10, .1, 0)
(1, 11, 10, .15, 0)
(1, 11, 10, .2, 0)
(1, 11, 10, .25, 0)
(1, 11, 10, .3, 0)
(1, 11, 10, .35, 0)
(1, 11, 10, .4, 0)
(1, 11, 10, .45, 0)
(1, 11, 10, .5, 0)
(1, 11, 10, .55, 0)
(1, 11, 10, .6, 0)
(1, 11, 10, .65, 0)
(1, 11, 10, .7, 0)
(1, 11, 10, .75, 0)
(1, 11, 10, .8, 0)
(1, 11, 10, .85, 0)
(1, 11, 10, .9, 0)
(1, 11, 10, .95, 0)
(1, 11, 10, 1, 0)
(1, 11, 11, 0, 1)
(1, 11, 11, .05, 1)
(1, 11, 11, .1, 0)
(1, 11, 11, .15, 0)
(1, 11, 11, .2, 0)
(1, 11, 11, .25, 0)
(1, 11, 11, .3, 0)
(1, 11, 11, .35, 0)
(1, 11, 11, .4, 0)
(1, 11, 11, .45, 0)
(1, 11, 11, .5, 0)
(1, 11, 11, .55, 0)
(1, 11, 11, .6, 0)
(1, 11, 11, .65, 0)
(1, 11, 11, .7, 0)
(1, 11, 11, .75, 0)
(1, 11, 11, .8, 0)
(1, 11, 11, .85, 0)
(1, 11, 11, .9, 0)
(1, 11, 11, .95, 0)
(1, 11, 11, 1, 0)
(2, 1, 1, 0, 1)
(2, 1, 1, .05, 1)
(2, 1, 1, .1, .826446)
(2, 1, 1, .15, .826446)
(2, 1, 1, .2, .669421)
(2, 1, 1, .25, .669421)
(2, 1, 1, .3, .528926)
(2, 1, 1, .35, .528926)
(2, 1, 1, .4, .404959)
(2, 1, 1, .45, .404959)
(2, 1, 1, .5, .297521)
(2, 1, 1, .55, .206612)
(2, 1, 1, .6, .206612)
(2, 1, 1, .65, .132231)
(2, 1, 1, .7, .132231)
(2, 1, 1, .75, .0743802)
(2, 1, 1, .8, .0743802)
(2, 1, 1, .85, .0330579)
(2, 1, 1, .9, .0330579)
(2, 1, 1, .95, .00826446)
(2, 1, 1, 1, 0)
(2, 1, 2, 0, 1)
(2, 1, 2, .05, 1)
(2, 1, 2, .1, .751315)
(2, 1, 2, .15, .751315)
(2, 1, 2, .2, .547708)
(2, 1, 2, .25, .547708)
(2, 1, 2, .3, .384673)
(2, 1, 2, .35, .384673)
(2, 1, 2, .4, .257701)
(2, 1, 2, .45, .257701)
(2, 1, 2, .5, .162284)
(2, 1, 2, .55, .0939144)
(2, 1, 2, .6, .0939144)
(2, 1, 2, .65, .0480841)
(2, 1, 2, .7, .0480841)
(2, 1, 2, .75, .0202855)
(2, 1, 2, .8, .0202855)
(2, 1, 2, .85, .00601052)
(2, 1, 2, .9, .00601052)
(2, 1, 2, .95, .000751315)
(2, 1, 2, 1, 0)
(2, 1, 3, 0, 1)
(2, 1, 3, .05, 1)
(2, 1, 3, .1, .676183)
(2, 1, 3, .15, .676183)
(2, 1, 3, .2, .432757)
(2, 1, 3, .25, .432757)
(2, 1, 3, .3, .252442)
(2, 1, 3, .35, .252442)
(2, 1, 3, .4, .13148)
(2, 1, 3, .45, .13148)
(2, 1, 3, .5, .0540947)
(2, 1, 3, .55, .0150263)
(2, 1, 3, .6, .0150263)
(2, 1, 3, .65, 0)
(2, 1, 3, .7, 0)
(2, 1, 3, .75, 0)
(2, 1, 3, .8, 0)
(2, 1, 3, .85, 0)
(2, 1, 3, .9, 0)
(2, 1, 3, .95, 0)
(2, 1, 3, 1, 0)
(2, 1, 4, 0, 1)
(2, 1, 4, .05, 1)
(2, 1, 4, .1, .601052)
(2, 1, 4, .15, .601052)
(2, 1, 4, .2, .33133)
(2, 1, 4, .25, .33133)
(2, 1, 4, .3, .150263)
(2, 1, 4, .35, .150263)
(2, 1, 4, .4, .0473328)
(2, 1, 4, .45, .0473328)
(2, 1, 4, .5, .00450789)
(2, 1, 4, .55, 0)
(2, 1, 4, .6, 0)
(2, 1, 4, .65, 0)
(2, 1, 4, .7, 0)
(2, 1, 4, .75, 0)
(2, 1, 4, .8, 0)
(2, 1, 4, .85, 0)
(2, 1, 4, .9, 0)
(2, 1, 4, .95, 0)
(2, 1, 4, 1, 0)
(2, 1, 5, 0, 1)
(2, 1, 5, .05, 1)
(2, 1, 5, .1, .540947)
(2, 1, 5, .15, .540947)
(2, 1, 5, .2, .243426)
(2, 1, 5, .25, .243426)
(2, 1, 5, .3, .0721262)
(2, 1, 5, .35, .0721262)
(2, 1, 5, .4, .0052592)
(2, 1, 5, .45, .0052592)
(2, 1, 5, .5, 0)
(2, 1, 5, .55, 0)
(2, 1, 5, .6, 0)
(2, 1, 5, .65, 0)
(2, 1, 5, .7, 0)
(2, 1, 5, .75, 0)
(2, 1, 5, .8, 0)
(2, 1, 5, .85, 0)
(2, 1, 5, .9, 0)
(2, 1, 5, .95, 0)
(2, 1, 5, 1, 0)
(2, 1, 6, 0, 1)
(2, 1, 6, .05, 1)
(2, 1, 6, .1, .480841)
(2, 1, 6, .15, .480841)
(2, 1, 6, .2, .169046)
(2, 1, 6, .25, .169046)
(2, 1, 6, .3, .0240421)
(2, 1, 6, .35, .0240421)
(2, 1, 6, .4, 0)
(2, 1, 6, .45, 0)
(2, 1, 6, .5, 0)
(2, 1, 6, .55, 0)
(2, 1, 6, .6, 0)
(2, 1, 6, .65, 0)
(2, 1, 6, .7, 0)
(2, 1, 6, .75, 0)
(2, 1, 6, .8, 0)
(2, 1, 6, .85, 0)
(2, 1, 6, .9, 0)
(2, 1, 6, .95, 0)
(2, 1, 6, 1, 0)
(2, 1, 7, 0, 1)
(2, 1, 7, .05, 1)
(2, 1, 7, .1, .420736)
(2, 1, 7, .15, .420736)
(2, 1, 7, .2, .108189)
(2, 1, 7, .25, .108189)
(2, 1, 7, .3, 0)
(2, 1, 7, .35, 0)
(2, 1, 7, .4, 0)
(2, 1, 7, .45, 0)
(2, 1, 7, .5, 0)
(2, 1, 7, .55, 0)
(2, 1, 7, .6, 0)
(2, 1, 7, .65, 0)
(2, 1, 7, .7, 0)
(2, 1, 7, .75, 0)
(2, 1, 7, .8, 0)
(2, 1, 7, .85, 0)
(2, 1, 7, .9, 0)
(2, 1, 7, .95, 0)
(2, 1, 7, 1, 0)
(2, 1, 8, 0, 1)
(2, 1, 8, .05, 1)
(2, 1, 8, .1, .360631)
(2, 1, 8, .15, .360631)
(2, 1, 8, .2, .0608565)
(2, 1, 8, .25, .0608565)
(2, 1, 8, .3, 0)
(2, 1, 8, .35, 0)
(2, 1, 8, .4, 0)
(2, 1, 8, .45, 0)
(2, 1, 8, .5, 0)
(2, 1, 8, .55, 0)
(2, 1, 8, .6, 0)
(2, 1, 8, .65, 0)
(2, 1, 8, .7, 0)
(2, 1, 8, .75, 0)
(2, 1, 8, .8, 0)
(2, 1, 8, .85, 0)
(2, 1, 8, .9, 0)
(2, 1, 8, .95, 0)
(2, 1, 8, 1, 0)
(2, 1, 9, 0, 1)
(2, 1, 9, .05, 1)
(2, 1, 9, .1, .315552)
(2, 1, 9, .15, .315552)
(2, 1, 9, .2, .0270473)
(2, 1, 9, .25, .0270473)
(2, 1, 9, .3, 0)
(2, 1, 9, .35, 0)
(2, 1, 9, .4, 0)
(2, 1, 9, .45, 0)
(2, 1, 9, .5, 0)
(2, 1, 9, .55, 0)
(2, 1, 9, .6, 0)
(2, 1, 9, .65, 0)
(2, 1, 9, .7, 0)
(2, 1, 9, .75, 0)
(2, 1, 9, .8, 0)
(2, 1, 9, .85, 0)
(2, 1, 9, .9, 0)
(2, 1, 9, .95, 0)
(2, 1, 9, 1, 0)
(2, 1, 10, 0, 1)
(2, 1, 10, .05, 1)
(2, 1, 10, .1, .270473)
(2, 1, 10, .15, .270473)
(2, 1, 10, .2, .00676183)
(2, 1, 10, .25, .00676183)
(2, 1, 10, .3, 0)
(2, 1, 10, .35, 0)
(2, 1, 10, .4, 0)
(2, 1, 10, .45, 0)
(2, 1, 10, .5, 0)
(2, 1, 10, .55, 0)
(2, 1, 10, .6, 0)
(2, 1, 10, .65, 0)
(2, 1, 10, .7, 0)
(2, 1, 10, .75, 0)
(2, 1, 10, .8, 0)
(2, 1, 10, .85, 0)
(2, 1, 10, .9, 0)
(2, 1, 10, .95, 0)
(2, 1, 10, 1, 0)
(2, 1, 11, 0, 1)
(2, 1, 11, .05, 1)
(2, 1, 11, .1, 0)
(2, 1, 11, .15, 0)
(2, 1, 11, .2, 0)
(2, 1, 11, .25, 0)
(2, 1, 11, .3, 0)
(2, 1, 11, .35, 0)
(2, 1, 11, .4, 0)
(2, 1, 11, .45, 0)
(2, 1, 11, .5, 0)
(2, 1, 11, .55, 0)
(2, 1, 11, .6, 0)
(2, 1, 11, .65, 0)
(2, 1, 11, .7, 0)
(2, 1, 11, .75, 0)
(2, 1, 11, .8, 0)
(2, 1, 11, .85, 0)
(2, 1, 11, .9, 0)
(2, 1, 11, .95, 0)
(2, 1, 11, 1, 0)
(2, 2, 1, 0, 1)
(2, 2, 1, .05, 1)
(2, 2, 1, .1, .751315)
(2, 2, 1, .15, .751315)
(2, 2, 1, .2, .547708)
(2, 2, 1, .25, .547708)
(2, 2, 1, .3, .384673)
(2, 2, 1, .35, .384673)
(2, 2, 1, .4, .257701)
(2, 2, 1, .45, .257701)
(2, 2, 1, .5, .162284)
(2, 2, 1, .55, .0939144)
(2, 2, 1, .6, .0939144)
(2, 2, 1, .65, .0480841)
(2, 2, 1, .7, .0480841)
(2, 2, 1, .75, .0202855)
(2, 2, 1, .8, .0202855)
(2, 2, 1, .85, .00601052)
(2, 2, 1, .9, .00601052)
(2, 2, 1, .95, .000751315)
(2, 2, 1, 1, 0)
(2, 2, 2, 0, 1)
(2, 2, 2, .05, 1)
(2, 2, 2, .1, .682945)
(2, 2, 2, .15, .682945)
(2, 2, 2, .2, .447032)
(2, 2, 2, .25, .447032)
(2, 2, 2, .3, .27423)
(2, 2, 2, .35, .27423)
(2, 2, 2, .4, .150263)
(2, 2, 2, .45, .150263)
(2, 2, 2, .5, .0683696)
(2, 2, 2, .55, .0225394)
(2, 2, 2, .6, .0225394)
(2, 2, 2, .65, .00375657)
(2, 2, 2, .7, .00375657)
(2, 2, 2, .75, 0)
(2, 2, 2, .8, 0)
(2, 2, 2, .85, 0)
(2, 2, 2, .9, 0)
(2, 2, 2, .95, 0)
(2, 2, 2, 1, 0)
(2, 2, 3, 0, 1)
(2, 2, 3, .05, 1)
(2, 2, 3, .1, .614576)
(2, 2, 3, .15, .614576)
(2, 2, 3, .2, .351615)
(2, 2, 3, .25, .351615)
(2, 2, 3, .3, .172802)
(2, 2, 3, .35, .172802)
(2, 2, 3, .4, .066867)
(2, 2, 3, .45, .066867)
(2, 2, 3, .5, .0150263)
(2, 2, 3, .55, .000751315)
(2, 2, 3, .6, .000751315)
(2, 2, 3, .65, 0)
(2, 2, 3, .7, 0)
(2, 2, 3, .75, 0)
(2, 2, 3, .8, 0)
(2, 2, 3, .85, 0)
(2, 2, 3, .9, 0)
(2, 2, 3, .95, 0)
(2, 2, 3, 1, 0)
(2, 2, 4, 0, 1)
(2, 2, 4, .05, 1)
(2, 2, 4, .1, .546206)
(2, 2, 4, .15, .546206)
(2, 2, 4, .2, .266717)
(2, 2, 4, .25, .266717)
(2, 2, 4, .3, .0976709)
(2, 2, 4, .35, .0976709)
(2, 2, 4, .4, .0210368)
(2, 2, 4, .45, .0210368)
(2, 2, 4, .5, .000751315)
(2, 2, 4, .55, 0)
(2, 2, 4, .6, 0)
(2, 2, 4, .65, 0)
(2, 2, 4, .7, 0)
(2, 2, 4, .75, 0)
(2, 2, 4, .8, 0)
(2, 2, 4, .85, 0)
(2, 2, 4, .9, 0)
(2, 2, 4, .95, 0)
(2, 2, 4, 1, 0)
(2, 2, 5, 0, 1)
(2, 2, 5, .05, 1)
(2, 2, 5, .1, .49136)
(2, 2, 5, .15, .49136)
(2, 2, 5, .2, .193088)
(2, 2, 5, .25, .193088)
(2, 2, 5, .3, .0450789)
(2, 2, 5, .35, .0450789)
(2, 2, 5, .4, .00225394)
(2, 2, 5, .45, .00225394)
(2, 2, 5, .5, 0)
(2, 2, 5, .55, 0)
(2, 2, 5, .6, 0)
(2, 2, 5, .65, 0)
(2, 2, 5, .7, 0)
(2, 2, 5, .75, 0)
(2, 2, 5, .8, 0)
(2, 2, 5, .85, 0)
(2, 2, 5, .9, 0)
(2, 2, 5, .95, 0)
(2, 2, 5, 1, 0)
(2, 2, 6, 0, 1)
(2, 2, 6, .05, 1)
(2, 2, 6, .1, .436514)
(2, 2, 6, .15, .436514)
(2, 2, 6, .2, .132231)
(2, 2, 6, .25, .132231)
(2, 2, 6, .3, .0150263)
(2, 2, 6, .35, .0150263)
(2, 2, 6, .4, 0)
(2, 2, 6, .45, 0)
(2, 2, 6, .5, 0)
(2, 2, 6, .55, 0)
(2, 2, 6, .6, 0)
(2, 2, 6, .65, 0)
(2, 2, 6, .7, 0)
(2, 2, 6, .75, 0)
(2, 2, 6, .8, 0)
(2, 2, 6, .85, 0)
(2, 2, 6, .9, 0)
(2, 2, 6, .95, 0)
(2, 2, 6, 1, 0)
(2, 2, 7, 0, 1)
(2, 2, 7, .05, 1)
(2, 2, 7, .1, .381668)
(2, 2, 7, .15, .381668)
(2, 2, 7, .2, .0841473)
(2, 2, 7, .25, .0841473)
(2, 2, 7, .3, 0)
(2, 2, 7, .35, 0)
(2, 2, 7, .4, 0)
(2, 2, 7, .45, 0)
(2, 2, 7, .5, 0)
(2, 2, 7, .55, 0)
(2, 2, 7, .6, 0)
(2, 2, 7, .65, 0)
(2, 2, 7, .7, 0)
(2, 2, 7, .75, 0)
(2, 2, 7, .8, 0)
(2, 2, 7, .85, 0)
(2, 2, 7, .9, 0)
(2, 2, 7, .95, 0)
(2, 2, 7, 1, 0)
(2, 2, 8, 0, 1)
(2, 2, 8, .05, 1)
(2, 2, 8, .1, .326822)
(2, 2, 8, .15, .326822)
(2, 2, 8, .2, .0473328)
(2, 2, 8, .25, .0473328)
(2, 2, 8, .3, 0)
(2, 2, 8, .35, 0)
(2, 2, 8, .4, 0)
(2, 2, 8, .45, 0)
(2, 2, 8, .5, 0)
(2, 2, 8, .55, 0)
(2, 2, 8, .6, 0)
(2, 2, 8, .65, 0)
(2, 2, 8, .7, 0)
(2, 2, 8, .75, 0)
(2, 2, 8, .8, 0)
(2, 2, 8, .85, 0)
(2, 2, 8, .9, 0)
(2, 2, 8, .95, 0)
(2, 2, 8, 1, 0)
(2, 2, 9, 0, 1)
(2, 2, 9, .05, 1)
(2, 2, 9, .1, .2855)
(2, 2, 9, .15, .2855)
(2, 2, 9, .2, .0210368)
(2, 2, 9, .25, .0210368)
(2, 2, 9, .3, 0)
(2, 2, 9, .35, 0)
(2, 2, 9, .4, 0)
(2, 2, 9, .45, 0)
(2, 2, 9, .5, 0)
(2, 2, 9, .55, 0)
(2, 2, 9, .6, 0)
(2, 2, 9, .65, 0)
(2, 2, 9, .7, 0)
(2, 2, 9, .75, 0)
(2, 2, 9, .8, 0)
(2, 2, 9, .85, 0)
(2, 2, 9, .9, 0)
(2, 2, 9, .95, 0)
(2, 2, 9, 1, 0)
(2, 2, 10, 0, 1)
(2, 2, 10, .05, 1)
(2, 2, 10, .1, .244177)
(2, 2, 10, .15, .244177)
(2, 2, 10, .2, .0052592)
(2, 2, 10, .25, .0052592)
(2, 2, 10, .3, 0)
(2, 2, 10, .35, 0)
(2, 2, 10, .4, 0)
(2, 2, 10, .45, 0)
(2, 2, 10, .5, 0)
(2, 2, 10, .55, 0)
(2, 2, 10, .6, 0)
(2, 2, 10, .65, 0)
(2, 2, 10, .7, 0)
(2, 2, 10, .75, 0)
(2, 2, 10, .8, 0)
(2, 2, 10, .85, 0)
(2, 2, 10, .9, 0)
(2, 2, 10, .95, 0)
(2, 2, 10, 1, 0)
(2, 2, 11, 0, 1)
(2, 2, 11, .05, 1)
(2, 2, 11, .1, 0)
(2, 2, 11, .15, 0)
(2, 2, 11, .2, 0)
(2, 2, 11, .25, 0)
(2, 2, 11, .3, 0)
(2, 2, 11, .35, 0)
(2, 2, 11, .4, 0)
(2, 2, 11, .45, 0)
(2, 2, 11, .5, 0)
(2, 2, 11, .55, 0)
(2, 2, 11, .6, 0)
(2, 2, 11, .65, 0)
(2, 2, 11, .7, 0)
(2, 2, 11, .75, 0)
(2, 2, 11, .8, 0)
(2, 2, 11, .85, 0)
(2, 2, 11, .9, 0)
(2, 2, 11, .95, 0)
(2, 2, 11, 1, 0)
(2, 3, 1, 0, 1)
(2, 3, 1, .05, 1)
(2, 3, 1, .1, .676183)
(2, 3, 1, .15, .676183)
(2, 3, 1, .2, .432757)
(2, 3, 1, .25, .432757)
(2, 3, 1, .3, .252442)
(2, 3, 1, .35, .252442)
(2, 3, 1, .4, .13148)
(2, 3, 1, .45, .13148)
(2, 3, 1, .5, .0540947)
(2, 3, 1, .55, .0150263)
(2, 3, 1, .6, .0150263)
(2, 3, 1, .65, 0)
(2, 3, 1, .7, 0)
(2, 3, 1, .75, 0)
(2, 3, 1, .8, 0)
(2, 3, 1, .85, 0)
(2, 3, 1, .9, 0)
(2, 3, 1, .95, 0)
(2, 3, 1, 1, 0)
(2, 3, 2, 0, 1)
(2, 3, 2, .05, 1)
(2, 3, 2, .1, .614576)
(2, 3, 2, .15, .614576)
(2, 3, 2, .2, .351615)
(2, 3, 2, .25, .351615)
(2, 3, 2, .3, .172802)
(2, 3, 2, .35, .172802)
(2, 3, 2, .4, .066867)
(2, 3, 2, .45, .066867)
(2, 3, 2, .5, .0150263)
(2, 3, 2, .55, .000751315)
(2, 3, 2, .6, .000751315)
(2, 3, 2, .65, 0)
(2, 3, 2, .7, 0)
(2, 3, 2, .75, 0)
(2, 3, 2, .8, 0)
(2, 3, 2, .85, 0)
(2, 3, 2, .9, 0)
(2, 3, 2, .95, 0)
(2, 3, 2, 1, 0)
(2, 3, 3, 0, 1)
(2, 3, 3, .05, 1)
(2, 3, 3, .1, .552968)
(2, 3, 3, .15, .552968)
(2, 3, 3, .2, .27423)
(2, 3, 3, .25, .27423)
(2, 3, 3, .3, .102179)
(2, 3, 3, .35, .102179)
(2, 3, 3, .4, .0225394)
(2, 3, 3, .45, .0225394)
(2, 3, 3, .5, 0)
(2, 3, 3, .55, 0)
(2, 3, 3, .6, 0)
(2, 3, 3, .65, 0)
(2, 3, 3, .7, 0)
(2, 3, 3, .75, 0)
(2, 3, 3, .8, 0)
(2, 3, 3, .85, 0)
(2, 3, 3, .9, 0)
(2, 3, 3, .95, 0)
(2, 3, 3, 1, 0)
(2, 3, 4, 0, 1)
(2, 3, 4, .05, 1)
(2, 3, 4, .1, .49136)
(2, 3, 4, .15, .49136)
(2, 3, 4, .2, .205109)
(2, 3, 4, .25, .205109)
(2, 3, 4, .3, .052592)
(2, 3, 4, .35, .052592)
(2, 3, 4, .4, .00375657)
(2, 3, 4, .45, .00375657)
(2, 3, 4, .5, 0)
(2, 3, 4, .55, 0)
(2, 3, 4, .6, 0)
(2, 3, 4, .65, 0)
(2, 3, 4, .7, 0)
(2, 3, 4, .75, 0)
(2, 3, 4, .8, 0)
(2, 3, 4, .85, 0)
(2, 3, 4, .9, 0)
(2, 3, 4, .95, 0)
(2, 3, 4, 1, 0)
(2, 3, 5, 0, 1)
(2, 3, 5, .05, 1)
(2, 3, 5, .1, .441773)
(2, 3, 5, .15, .441773)
(2, 3, 5, .2, .145755)
(2, 3, 5, .25, .145755)
(2, 3, 5, .3, .0210368)
(2, 3, 5, .35, .0210368)
(2, 3, 5, .4, 0)
(2, 3, 5, .45, 0)
(2, 3, 5, .5, 0)
(2, 3, 5, .55, 0)
(2, 3, 5, .6, 0)
(2, 3, 5, .65, 0)
(2, 3, 5, .7, 0)
(2, 3, 5, .75, 0)
(2, 3, 5, .8, 0)
(2, 3, 5, .85, 0)
(2, 3, 5, .9, 0)
(2, 3, 5, .95, 0)
(2, 3, 5, 1, 0)
(2, 3, 6, 0, 1)
(2, 3, 6, .05, 1)
(2, 3, 6, .1, .392186)
(2, 3, 6, .15, .392186)
(2, 3, 6, .2, .0976709)
(2, 3, 6, .25, .0976709)
(2, 3, 6, .3, .00601052)
(2, 3, 6, .35, .00601052)
(2, 3, 6, .4, 0)
(2, 3, 6, .45, 0)
(2, 3, 6, .5, 0)
(2, 3, 6, .55, 0)
(2, 3, 6, .6, 0)
(2, 3, 6, .65, 0)
(2, 3, 6, .7, 0)
(2, 3, 6, .75, 0)
(2, 3, 6, .8, 0)
(2, 3, 6, .85, 0)
(2, 3, 6, .9, 0)
(2, 3, 6, .95, 0)
(2, 3, 6, 1, 0)
(2, 3, 7, 0, 1)
(2, 3, 7, .05, 1)
(2, 3, 7, .1, .3426)
(2, 3, 7, .15, .3426)
(2, 3, 7, .2, .0608565)
(2, 3, 7, .25, .0608565)
(2, 3, 7, .3, 0)
(2, 3, 7, .35, 0)
(2, 3, 7, .4, 0)
(2, 3, 7, .45, 0)
(2, 3, 7, .5, 0)
(2, 3, 7, .55, 0)
(2, 3, 7, .6, 0)
(2, 3, 7, .65, 0)
(2, 3, 7, .7, 0)
(2, 3, 7, .75, 0)
(2, 3, 7, .8, 0)
(2, 3, 7, .85, 0)
(2, 3, 7, .9, 0)
(2, 3, 7, .95, 0)
(2, 3, 7, 1, 0)
(2, 3, 8, 0, 1)
(2, 3, 8, .05, 1)
(2, 3, 8, .1, .293013)
(2, 3, 8, .15, .293013)
(2, 3, 8, .2, .0338092)
(2, 3, 8, .25, .0338092)
(2, 3, 8, .3, 0)
(2, 3, 8, .35, 0)
(2, 3, 8, .4, 0)
(2, 3, 8, .45, 0)
(2, 3, 8, .5, 0)
(2, 3, 8, .55, 0)
(2, 3, 8, .6, 0)
(2, 3, 8, .65, 0)
(2, 3, 8, .7, 0)
(2, 3, 8, .75, 0)
(2, 3, 8, .8, 0)
(2, 3, 8, .85, 0)
(2, 3, 8, .9, 0)
(2, 3, 8, .95, 0)
(2, 3, 8, 1, 0)
(2, 3, 9, 0, 1)
(2, 3, 9, .05, 1)
(2, 3, 9, .1, .255447)
(2, 3, 9, .15, .255447)
(2, 3, 9, .2, .0150263)
(2, 3, 9, .25, .0150263)
(2, 3, 9, .3, 0)
(2, 3, 9, .35, 0)
(2, 3, 9, .4, 0)
(2, 3, 9, .45, 0)
(2, 3, 9, .5, 0)
(2, 3, 9, .55, 0)
(2, 3, 9, .6, 0)
(2, 3, 9, .65, 0)
(2, 3, 9, .7, 0)
(2, 3, 9, .75, 0)
(2, 3, 9, .8, 0)
(2, 3, 9, .85, 0)
(2, 3, 9, .9, 0)
(2, 3, 9, .95, 0)
(2, 3, 9, 1, 0)
(2, 3, 10, 0, 1)
(2, 3, 10, .05, 1)
(2, 3, 10, .1, .217881)
(2, 3, 10, .15, .217881)
(2, 3, 10, .2, .00375657)
(2, 3, 10, .25, .00375657)
(2, 3, 10, .3, 0)
(2, 3, 10, .35, 0)
(2, 3, 10, .4, 0)
(2, 3, 10, .45, 0)
(2, 3, 10, .5, 0)
(2, 3, 10, .55, 0)
(2, 3, 10, .6, 0)
(2, 3, 10, .65, 0)
(2, 3, 10, .7, 0)
(2, 3, 10, .75, 0)
(2, 3, 10, .8, 0)
(2, 3, 10, .85, 0)
(2, 3, 10, .9, 0)
(2, 3, 10, .95, 0)
(2, 3, 10, 1, 0)
(2, 3, 11, 0, 1)
(2, 3, 11, .05, 1)
(2, 3, 11, .1, 0)
(2, 3, 11, .15, 0)
(2, 3, 11, .2, 0)
(2, 3, 11, .25, 0)
(2, 3, 11, .3, 0)
(2, 3, 11, .35, 0)
(2, 3, 11, .4, 0)
(2, 3, 11, .45, 0)
(2, 3, 11, .5, 0)
(2, 3, 11, .55, 0)
(2, 3, 11, .6, 0)
(2, 3, 11, .65, 0)
(2, 3, 11, .7, 0)
(2, 3, 11, .75, 0)
(2, 3, 11, .8, 0)
(2, 3, 11, .85, 0)
(2, 3, 11, .9, 0)
(2, 3, 11, .95, 0)
(2, 3, 11, 1, 0)
(2, 4, 1, 0, 1)
(2, 4, 1, .05, 1)
(2, 4, 1, .1, .601052)
(2, 4, 1, .15, .601052)
(2, 4, 1, .2, .33133)
(2, 4, 1, .25, .33133)
(2, 4, 1, .3, .150263)
(2, 4, 1, .35, .150263)
(2, 4, 1, .4, .0473328)
(2, 4, 1, .45, .0473328)
(2, 4, 1, .5, .00450789)
(2, 4, 1, .55, 0)
(2, 4, 1, .6, 0)
(2, 4, 1, .65, 0)
(2, 4, 1, .7, 0)
(2, 4, 1, .75, 0)
(2, 4, 1, .8, 0)
(2, 4, 1, .85, 0)
(2, 4, 1, .9, 0)
(2, 4, 1, .95, 0)
(2, 4, 1, 1, 0)
(2, 4, 2, 0, 1)
(2, 4, 2, .05, 1)
(2, 4, 2, .1, .546206)
(2, 4, 2, .15, .546206)
(2, 4, 2, .2, .266717)
(2, 4, 2, .25, .266717)
(2, 4, 2, .3, .0976709)
(2, 4, 2, .35, .0976709)
(2, 4, 2, .4, .0210368)
(2, 4, 2, .45, .0210368)
(2, 4, 2, .5, .000751315)
(2, 4, 2, .55, 0)
(2, 4, 2, .6, 0)
(2, 4, 2, .65, 0)
(2, 4, 2, .7, 0)
(2, 4, 2, .75, 0)
(2, 4, 2, .8, 0)
(2, 4, 2, .85, 0)
(2, 4, 2, .9, 0)
(2, 4, 2, .95, 0)
(2, 4, 2, 1, 0)
(2, 4, 3, 0, 1)
(2, 4, 3, .05, 1)
(2, 4, 3, .1, .49136)
(2, 4, 3, .15, .49136)
(2, 4, 3, .2, .205109)
(2, 4, 3, .25, .205109)
(2, 4, 3, .3, .052592)
(2, 4, 3, .35, .052592)
(2, 4, 3, .4, .00375657)
(2, 4, 3, .45, .00375657)
(2, 4, 3, .5, 0)
(2, 4, 3, .55, 0)
(2, 4, 3, .6, 0)
(2, 4, 3, .65, 0)
(2, 4, 3, .7, 0)
(2, 4, 3, .75, 0)
(2, 4, 3, .8, 0)
(2, 4, 3, .85, 0)
(2, 4, 3, .9, 0)
(2, 4, 3, .95, 0)
(2, 4, 3, 1, 0)
(2, 4, 4, 0, 1)
(2, 4, 4, .05, 1)
(2, 4, 4, .1, .436514)
(2, 4, 4, .15, .436514)
(2, 4, 4, .2, .150263)
(2, 4, 4, .25, .150263)
(2, 4, 4, .3, .0225394)
(2, 4, 4, .35, .0225394)
(2, 4, 4, .4, 0)
(2, 4, 4, .45, 0)
(2, 4, 4, .5, 0)
(2, 4, 4, .55, 0)
(2, 4, 4, .6, 0)
(2, 4, 4, .65, 0)
(2, 4, 4, .7, 0)
(2, 4, 4, .75, 0)
(2, 4, 4, .8, 0)
(2, 4, 4, .85, 0)
(2, 4, 4, .9, 0)
(2, 4, 4, .95, 0)
(2, 4, 4, 1, 0)
(2, 4, 5, 0, 1)
(2, 4, 5, .05, 1)
(2, 4, 5, .1, .392186)
(2, 4, 5, .15, .392186)
(2, 4, 5, .2, .103681)
(2, 4, 5, .25, .103681)
(2, 4, 5, .3, .00601052)
(2, 4, 5, .35, .00601052)
(2, 4, 5, .4, 0)
(2, 4, 5, .45, 0)
(2, 4, 5, .5, 0)
(2, 4, 5, .55, 0)
(2, 4, 5, .6, 0)
(2, 4, 5, .65, 0)
(2, 4, 5, .7, 0)
(2, 4, 5, .75, 0)
(2, 4, 5, .8, 0)
(2, 4, 5, .85, 0)
(2, 4, 5, .9, 0)
(2, 4, 5, .95, 0)
(2, 4, 5, 1, 0)
(2, 4, 6, 0, 1)
(2, 4, 6, .05, 1)
(2, 4, 6, .1, .347859)
(2, 4, 6, .15, .347859)
(2, 4, 6, .2, .066867)
(2, 4, 6, .25, .066867)
(2, 4, 6, .3, .000751315)
(2, 4, 6, .35, .000751315)
(2, 4, 6, .4, 0)
(2, 4, 6, .45, 0)
(2, 4, 6, .5, 0)
(2, 4, 6, .55, 0)
(2, 4, 6, .6, 0)
(2, 4, 6, .65, 0)
(2, 4, 6, .7, 0)
(2, 4, 6, .75, 0)
(2, 4, 6, .8, 0)
(2, 4, 6, .85, 0)
(2, 4, 6, .9, 0)
(2, 4, 6, .95, 0)
(2, 4, 6, 1, 0)
(2, 4, 7, 0, 1)
(2, 4, 7, .05, 1)
(2, 4, 7, .1, .303531)
(2, 4, 7, .15, .303531)
(2, 4, 7, .2, .0390684)
(2, 4, 7, .25, .0390684)
(2, 4, 7, .3, 0)
(2, 4, 7, .35, 0)
(2, 4, 7, .4, 0)
(2, 4, 7, .45, 0)
(2, 4, 7, .5, 0)
(2, 4, 7, .55, 0)
(2, 4, 7, .6, 0)
(2, 4, 7, .65, 0)
(2, 4, 7, .7, 0)
(2, 4, 7, .75, 0)
(2, 4, 7, .8, 0)
(2, 4, 7, .85, 0)
(2, 4, 7, .9, 0)
(2, 4, 7, .95, 0)
(2, 4, 7, 1, 0)
(2, 4, 8, 0, 1)
(2, 4, 8, .05, 1)
(2, 4, 8, .1, .259204)
(2, 4, 8, .15, .259204)
(2, 4, 8, .2, .0210368)
(2, 4, 8, .25, .0210368)
(2, 4, 8, .3, 0)
(2, 4, 8, .35, 0)
(2, 4, 8, .4, 0)
(2, 4, 8, .45, 0)
(2, 4, 8, .5, 0)
(2, 4, 8, .55, 0)
(2, 4, 8, .6, 0)
(2, 4, 8, .65, 0)
(2, 4, 8, .7, 0)
(2, 4, 8, .75, 0)
(2, 4, 8, .8, 0)
(2, 4, 8, .85, 0)
(2, 4, 8, .9, 0)
(2, 4, 8, .95, 0)
(2, 4, 8, 1, 0)
(2, 4, 9, 0, 1)
(2, 4, 9, .05, 1)
(2, 4, 9, .1, .225394)
(2, 4, 9, .15, .225394)
(2, 4, 9, .2, .00901578)
(2, 4, 9, .25, .00901578)
(2, 4, 9, .3, 0)
(2, 4, 9, .35, 0)
(2, 4, 9, .4, 0)
(2, 4, 9, .45, 0)
(2, 4, 9, .5, 0)
(2, 4, 9, .55, 0)
(2, 4, 9, .6, 0)
(2, 4, 9, .65, 0)
(2, 4, 9, .7, 0)
(2, 4, 9, .75, 0)
(2, 4, 9, .8, 0)
(2, 4, 9, .85, 0)
(2, 4, 9, .9, 0)
(2, 4, 9, .95, 0)
(2, 4, 9, 1, 0)
(2, 4, 10, 0, 1)
(2, 4, 10, .05, 1)
(2, 4, 10, .1, .192337)
(2, 4, 10, .15, .192337)
(2, 4, 10, .2, .00225394)
(2, 4, 10, .25, .00225394)
(2, 4, 10, .3, 0)
(2, 4, 10, .35, 0)
(2, 4, 10, .4, 0)
(2, 4, 10, .45, 0)
(2, 4, 10, .5, 0)
(2, 4, 10, .55, 0)
(2, 4, 10, .6, 0)
(2, 4, 10, .65, 0)
(2, 4, 10, .7, 0)
(2, 4, 10, .75, 0)
(2, 4, 10, .8, 0)
(2, 4, 10, .85, 0)
(2, 4, 10, .9, 0)
(2, 4, 10, .95, 0)
(2, 4, 10, 1, 0)
(2, 4, 11, 0, 1)
(2, 4, 11, .05, 1)
(2, 4, 11, .1, 0)
(2, 4, 11, .15, 0)
(2, 4, 11, .2, 0)
(2, 4, 11, .25, 0)
(2, 4, 11, .3, 0)
(2, 4, 11, .35, 0)
(2, 4, 11, .4, 0)
(2, 4, 11, .45, 0)
(2, 4, 11, .5, 0)
(2, 4, 11, .55, 0)
(2, 4, 11, .6, 0)
(2, 4, 11, .65, 0)
(2, 4, 11, .7, 0)
(2, 4, 11, .75, 0)
(2, 4, 11, .8, 0)
(2, 4, 11, .85, 0)
(2, 4, 11, .9, 0)
(2, 4, 11, .95, 0)
(2, 4, 11, 1, 0)
(2, 5, 1, 0, 1)
(2, 5, 1, .05, 1)
(2, 5, 1, .1, .540947)
(2, 5, 1, .15, .540947)
(2, 5, 1, .2, .243426)
(2, 5, 1, .25, .243426)
(2, 5, 1, .3, .0721262)
(2, 5, 1, .35, .0721262)
(2, 5, 1, .4, .0052592)
(2, 5, 1, .45, .0052592)
(2, 5, 1, .5, 0)
(2, 5, 1, .55, 0)
(2, 5, 1, .6, 0)
(2, 5, 1, .65, 0)
(2, 5, 1, .7, 0)
(2, 5, 1, .75, 0)
(2, 5, 1, .8, 0)
(2, 5, 1, .85, 0)
(2, 5, 1, .9, 0)
(2, 5, 1, .95, 0)
(2, 5, 1, 1, 0)
(2, 5, 2, 0, 1)
(2, 5, 2, .05, 1)
(2, 5, 2, .1, .49136)
(2, 5, 2, .15, .49136)
(2, 5, 2, .2, .193088)
(2, 5, 2, .25, .193088)
(2, 5, 2, .3, .0450789)
(2, 5, 2, .35, .0450789)
(2, 5, 2, .4, .00225394)
(2, 5, 2, .45, .00225394)
(2, 5, 2, .5, 0)
(2, 5, 2, .55, 0)
(2, 5, 2, .6, 0)
(2, 5, 2, .65, 0)
(2, 5, 2, .7, 0)
(2, 5, 2, .75, 0)
(2, 5, 2, .8, 0)
(2, 5, 2, .85, 0)
(2, 5, 2, .9, 0)
(2, 5, 2, .95, 0)
(2, 5, 2, 1, 0)
(2, 5, 3, 0, 1)
(2, 5, 3, .05, 1)
(2, 5, 3, .1, .441773)
(2, 5, 3, .15, .441773)
(2, 5, 3, .2, .145755)
(2, 5, 3, .25, .145755)
(2, 5, 3, .3, .0210368)
(2, 5, 3, .35, .0210368)
(2, 5, 3, .4, 0)
(2, 5, 3, .45, 0)
(2, 5, 3, .5, 0)
(2, 5, 3, .55, 0)
(2, 5, 3, .6, 0)
(2, 5, 3, .65, 0)
(2, 5, 3, .7, 0)
(2, 5, 3, .75, 0)
(2, 5, 3, .8, 0)
(2, 5, 3, .85, 0)
(2, 5, 3, .9, 0)
(2, 5, 3, .95, 0)
(2, 5, 3, 1, 0)
(2, 5, 4, 0, 1)
(2, 5, 4, .05, 1)
(2, 5, 4, .1, .392186)
(2, 5, 4, .15, .392186)
(2, 5, 4, .2, .103681)
(2, 5, 4, .25, .103681)
(2, 5, 4, .3, .00601052)
(2, 5, 4, .35, .00601052)
(2, 5, 4, .4, 0)
(2, 5, 4, .45, 0)
(2, 5, 4, .5, 0)
(2, 5, 4, .55, 0)
(2, 5, 4, .6, 0)
(2, 5, 4, .65, 0)
(2, 5, 4, .7, 0)
(2, 5, 4, .75, 0)
(2, 5, 4, .8, 0)
(2, 5, 4, .85, 0)
(2, 5, 4, .9, 0)
(2, 5, 4, .95, 0)
(2, 5, 4, 1, 0)
(2, 5, 5, 0, 1)
(2, 5, 5, .05, 1)
(2, 5, 5, .1, .351615)
(2, 5, 5, .15, .351615)
(2, 5, 5, .2, .0683696)
(2, 5, 5, .25, .0683696)
(2, 5, 5, .3, 0)
(2, 5, 5, .35, 0)
(2, 5, 5, .4, 0)
(2, 5, 5, .45, 0)
(2, 5, 5, .5, 0)
(2, 5, 5, .55, 0)
(2, 5, 5, .6, 0)
(2, 5, 5, .65, 0)
(2, 5, 5, .7, 0)
(2, 5, 5, .75, 0)
(2, 5, 5, .8, 0)
(2, 5, 5, .85, 0)
(2, 5, 5, .9, 0)
(2, 5, 5, .95, 0)
(2, 5, 5, 1, 0)
(2, 5, 6, 0, 1)
(2, 5, 6, .05, 1)
(2, 5, 6, .1, .311044)
(2, 5, 6, .15, .311044)
(2, 5, 6, .2, .0413223)
(2, 5, 6, .25, .0413223)
(2, 5, 6, .3, 0)
(2, 5, 6, .35, 0)
(2, 5, 6, .4, 0)
(2, 5, 6, .45, 0)
(2, 5, 6, .5, 0)
(2, 5, 6, .55, 0)
(2, 5, 6, .6, 0)
(2, 5, 6, .65, 0)
(2, 5, 6, .7, 0)
(2, 5, 6, .75, 0)
(2, 5, 6, .8, 0)
(2, 5, 6, .85, 0)
(2, 5, 6, .9, 0)
(2, 5, 6, .95, 0)
(2, 5, 6, 1, 0)
(2, 5, 7, 0, 1)
(2, 5, 7, .05, 1)
(2, 5, 7, .1, .270473)
(2, 5, 7, .15, .270473)
(2, 5, 7, .2, .0210368)
(2, 5, 7, .25, .0210368)
(2, 5, 7, .3, 0)
(2, 5, 7, .35, 0)
(2, 5, 7, .4, 0)
(2, 5, 7, .45, 0)
(2, 5, 7, .5, 0)
(2, 5, 7, .55, 0)
(2, 5, 7, .6, 0)
(2, 5, 7, .65, 0)
(2, 5, 7, .7, 0)
(2, 5, 7, .75, 0)
(2, 5, 7, .8, 0)
(2, 5, 7, .85, 0)
(2, 5, 7, .9, 0)
(2, 5, 7, .95, 0)
(2, 5, 7, 1, 0)
(2, 5, 8, 0, 1)
(2, 5, 8, .05, 1)
(2, 5, 8, .1, .229902)
(2, 5, 8, .15, .229902)
(2, 5, 8, .2, .0105184)
(2, 5, 8, .25, .0105184)
(2, 5, 8, .3, 0)
(2, 5, 8, .35, 0)
(2, 5, 8, .4, 0)
(2, 5, 8, .45, 0)
(2, 5, 8, .5, 0)
(2, 5, 8, .55, 0)
(2, 5, 8, .6, 0)
(2, 5, 8, .65, 0)
(2, 5, 8, .7, 0)
(2, 5, 8, .75, 0)
(2, 5, 8, .8, 0)
(2, 5, 8, .85, 0)
(2, 5, 8, .9, 0)
(2, 5, 8, .95, 0)
(2, 5, 8, 1, 0)
(2, 5, 9, 0, 1)
(2, 5, 9, .05, 1)
(2, 5, 9, .1, .198347)
(2, 5, 9, .15, .198347)
(2, 5, 9, .2, .00375657)
(2, 5, 9, .25, .00375657)
(2, 5, 9, .3, 0)
(2, 5, 9, .35, 0)
(2, 5, 9, .4, 0)
(2, 5, 9, .45, 0)
(2, 5, 9, .5, 0)
(2, 5, 9, .55, 0)
(2, 5, 9, .6, 0)
(2, 5, 9, .65, 0)
(2, 5, 9, .7, 0)
(2, 5, 9, .75, 0)
(2, 5, 9, .8, 0)
(2, 5, 9, .85, 0)
(2, 5, 9, .9, 0)
(2, 5, 9, .95, 0)
(2, 5, 9, 1, 0)
(2, 5, 10, 0, 1)
(2, 5, 10, .05, 1)
(2, 5, 10, .1, .168295)
(2, 5, 10, .15, .168295)
(2, 5, 10, .2, .000751315)
(2, 5, 10, .25, .000751315)
(2, 5, 10, .3, 0)
(2, 5, 10, .35, 0)
(2, 5, 10, .4, 0)
(2, 5, 10, .45, 0)
(2, 5, 10, .5, 0)
(2, 5, 10, .55, 0)
(2, 5, 10, .6, 0)
(2, 5, 10, .65, 0)
(2, 5, 10, .7, 0)
(2, 5, 10, .75, 0)
(2, 5, 10, .8, 0)
(2, 5, 10, .85, 0)
(2, 5, 10, .9, 0)
(2, 5, 10, .95, 0)
(2, 5, 10, 1, 0)
(2, 5, 11, 0, 1)
(2, 5, 11, .05, 1)
(2, 5, 11, .1, 0)
(2, 5, 11, .15, 0)
(2, 5, 11, .2, 0)
(2, 5, 11, .25, 0)
(2, 5, 11, .3, 0)
(2, 5, 11, .35, 0)
(2, 5, 11, .4, 0)
(2, 5, 11, .45, 0)
(2, 5, 11, .5, 0)
(2, 5, 11, .55, 0)
(2, 5, 11, .6, 0)
(2, 5, 11, .65, 0)
(2, 5, 11, .7, 0)
(2, 5, 11, .75, 0)
(2, 5, 11, .8, 0)
(2, 5, 11, .85, 0)
(2, 5, 11, .9, 0)
(2, 5, 11, .95, 0)
(2, 5, 11, 1, 0)
(2, 6, 1, 0, 1)
(2, 6, 1, .05, 1)
(2, 6, 1, .1, .480841)
(2, 6, 1, .15, .480841)
(2, 6, 1, .2, .169046)
(2, 6, 1, .25, .169046)
(2, 6, 1, .3, .0240421)
(2, 6, 1, .35, .0240421)
(2, 6, 1, .4, 0)
(2, 6, 1, .45, 0)
(2, 6, 1, .5, 0)
(2, 6, 1, .55, 0)
(2, 6, 1, .6, 0)
(2, 6, 1, .65, 0)
(2, 6, 1, .7, 0)
(2, 6, 1, .75, 0)
(2, 6, 1, .8, 0)
(2, 6, 1, .85, 0)
(2, 6, 1, .9, 0)
(2, 6, 1, .95, 0)
(2, 6, 1, 1, 0)
(2, 6, 2, 0, 1)
(2, 6, 2, .05, 1)
(2, 6, 2, .1, .436514)
(2, 6, 2, .15, .436514)
(2, 6, 2, .2, .132231)
(2, 6, 2, .25, .132231)
(2, 6, 2, .3, .0150263)
(2, 6, 2, .35, .0150263)
(2, 6, 2, .4, 0)
(2, 6, 2, .45, 0)
(2, 6, 2, .5, 0)
(2, 6, 2, .55, 0)
(2, 6, 2, .6, 0)
(2, 6, 2, .65, 0)
(2, 6, 2, .7, 0)
(2, 6, 2, .75, 0)
(2, 6, 2, .8, 0)
(2, 6, 2, .85, 0)
(2, 6, 2, .9, 0)
(2, 6, 2, .95, 0)
(2, 6, 2, 1, 0)
(2, 6, 3, 0, 1)
(2, 6, 3, .05, 1)
(2, 6, 3, .1, .392186)
(2, 6, 3, .15, .392186)
(2, 6, 3, .2, .0976709)
(2, 6, 3, .25, .0976709)
(2, 6, 3, .3, .00601052)
(2, 6, 3, .35, .00601052)
(2, 6, 3, .4, 0)
(2, 6, 3, .45, 0)
(2, 6, 3, .5, 0)
(2, 6, 3, .55, 0)
(2, 6, 3, .6, 0)
(2, 6, 3, .65, 0)
(2, 6, 3, .7, 0)
(2, 6, 3, .75, 0)
(2, 6, 3, .8, 0)
(2, 6, 3, .85, 0)
(2, 6, 3, .9, 0)
(2, 6, 3, .95, 0)
(2, 6, 3, 1, 0)
(2, 6, 4, 0, 1)
(2, 6, 4, .05, 1)
(2, 6, 4, .1, .347859)
(2, 6, 4, .15, .347859)
(2, 6, 4, .2, .066867)
(2, 6, 4, .25, .066867)
(2, 6, 4, .3, .000751315)
(2, 6, 4, .35, .000751315)
(2, 6, 4, .4, 0)
(2, 6, 4, .45, 0)
(2, 6, 4, .5, 0)
(2, 6, 4, .55, 0)
(2, 6, 4, .6, 0)
(2, 6, 4, .65, 0)
(2, 6, 4, .7, 0)
(2, 6, 4, .75, 0)
(2, 6, 4, .8, 0)
(2, 6, 4, .85, 0)
(2, 6, 4, .9, 0)
(2, 6, 4, .95, 0)
(2, 6, 4, 1, 0)
(2, 6, 5, 0, 1)
(2, 6, 5, .05, 1)
(2, 6, 5, .1, .311044)
(2, 6, 5, .15, .311044)
(2, 6, 5, .2, .0413223)
(2, 6, 5, .25, .0413223)
(2, 6, 5, .3, 0)
(2, 6, 5, .35, 0)
(2, 6, 5, .4, 0)
(2, 6, 5, .45, 0)
(2, 6, 5, .5, 0)
(2, 6, 5, .55, 0)
(2, 6, 5, .6, 0)
(2, 6, 5, .65, 0)
(2, 6, 5, .7, 0)
(2, 6, 5, .75, 0)
(2, 6, 5, .8, 0)
(2, 6, 5, .85, 0)
(2, 6, 5, .9, 0)
(2, 6, 5, .95, 0)
(2, 6, 5, 1, 0)
(2, 6, 6, 0, 1)
(2, 6, 6, .05, 1)
(2, 6, 6, .1, .27423)
(2, 6, 6, .15, .27423)
(2, 6, 6, .2, .0225394)
(2, 6, 6, .25, .0225394)
(2, 6, 6, .3, 0)
(2, 6, 6, .35, 0)
(2, 6, 6, .4, 0)
(2, 6, 6, .45, 0)
(2, 6, 6, .5, 0)
(2, 6, 6, .55, 0)
(2, 6, 6, .6, 0)
(2, 6, 6, .65, 0)
(2, 6, 6, .7, 0)
(2, 6, 6, .75, 0)
(2, 6, 6, .8, 0)
(2, 6, 6, .85, 0)
(2, 6, 6, .9, 0)
(2, 6, 6, .95, 0)
(2, 6, 6, 1, 0)
(2, 6, 7, 0, 1)
(2, 6, 7, .05, 1)
(2, 6, 7, .1, .237415)
(2, 6, 7, .15, .237415)
(2, 6, 7, .2, .00901578)
(2, 6, 7, .25, .00901578)
(2, 6, 7, .3, 0)
(2, 6, 7, .35, 0)
(2, 6, 7, .4, 0)
(2, 6, 7, .45, 0)
(2, 6, 7, .5, 0)
(2, 6, 7, .55, 0)
(2, 6, 7, .6, 0)
(2, 6, 7, .65, 0)
(2, 6, 7, .7, 0)
(2, 6, 7, .75, 0)
(2, 6, 7, .8, 0)
(2, 6, 7, .85, 0)
(2, 6, 7, .9, 0)
(2, 6, 7, .95, 0)
(2, 6, 7, 1, 0)
(2, 6, 8, 0, 1)
(2, 6, 8, .05, 1)
(2, 6, 8, .1, .201352)
(2, 6, 8, .15, .201352)
(2, 6, 8, .2, .00375657)
(2, 6, 8, .25, .00375657)
(2, 6, 8, .3, 0)
(2, 6, 8, .35, 0)
(2, 6, 8, .4, 0)
(2, 6, 8, .45, 0)
(2, 6, 8, .5, 0)
(2, 6, 8, .55, 0)
(2, 6, 8, .6, 0)
(2, 6, 8, .65, 0)
(2, 6, 8, .7, 0)
(2, 6, 8, .75, 0)
(2, 6, 8, .8, 0)
(2, 6, 8, .85, 0)
(2, 6, 8, .9, 0)
(2, 6, 8, .95, 0)
(2, 6, 8, 1, 0)
(2, 6, 9, 0, 1)
(2, 6, 9, .05, 1)
(2, 6, 9, .1, .172802)
(2, 6, 9, .15, .172802)
(2, 6, 9, .2, .000751315)
(2, 6, 9, .25, .000751315)
(2, 6, 9, .3, 0)
(2, 6, 9, .35, 0)
(2, 6, 9, .4, 0)
(2, 6, 9, .45, 0)
(2, 6, 9, .5, 0)
(2, 6, 9, .55, 0)
(2, 6, 9, .6, 0)
(2, 6, 9, .65, 0)
(2, 6, 9, .7, 0)
(2, 6, 9, .75, 0)
(2, 6, 9, .8, 0)
(2, 6, 9, .85, 0)
(2, 6, 9, .9, 0)
(2, 6, 9, .95, 0)
(2, 6, 9, 1, 0)
(2, 6, 10, 0, 1)
(2, 6, 10, .05, 1)
(2, 6, 10, .1, .145755)
(2, 6, 10, .15, .145755)
(2, 6, 10, .2, 0)
(2, 6, 10, .25, 0)
(2, 6, 10, .3, 0)
(2, 6, 10, .35, 0)
(2, 6, 10, .4, 0)
(2, 6, 10, .45, 0)
(2, 6, 10, .5, 0)
(2, 6, 10, .55, 0)
(2, 6, 10, .6, 0)
(2, 6, 10, .65, 0)
(2, 6, 10, .7, 0)
(2, 6, 10, .75, 0)
(2, 6, 10, .8, 0)
(2, 6, 10, .85, 0)
(2, 6, 10, .9, 0)
(2, 6, 10, .95, 0)
(2, 6, 10, 1, 0)
(2, 6, 11, 0, 1)
(2, 6, 11, .05, 1)
(2, 6, 11, .1, 0)
(2, 6, 11, .15, 0)
(2, 6, 11, .2, 0)
(2, 6, 11, .25, 0)
(2, 6, 11, .3, 0)
(2, 6, 11, .35, 0)
(2, 6, 11, .4, 0)
(2, 6, 11, .45, 0)
(2, 6, 11, .5, 0)
(2, 6, 11, .55, 0)
(2, 6, 11, .6, 0)
(2, 6, 11, .65, 0)
(2, 6, 11, .7, 0)
(2, 6, 11, .75, 0)
(2, 6, 11, .8, 0)
(2, 6, 11, .85, 0)
(2, 6, 11, .9, 0)
(2, 6, 11, .95, 0)
(2, 6, 11, 1, 0)
(2, 7, 1, 0, 1)
(2, 7, 1, .05, 1)
(2, 7, 1, .1, .420736)
(2, 7, 1, .15, .420736)
(2, 7, 1, .2, .108189)
(2, 7, 1, .25, .108189)
(2, 7, 1, .3, 0)
(2, 7, 1, .35, 0)
(2, 7, 1, .4, 0)
(2, 7, 1, .45, 0)
(2, 7, 1, .5, 0)
(2, 7, 1, .55, 0)
(2, 7, 1, .6, 0)
(2, 7, 1, .65, 0)
(2, 7, 1, .7, 0)
(2, 7, 1, .75, 0)
(2, 7, 1, .8, 0)
(2, 7, 1, .85, 0)
(2, 7, 1, .9, 0)
(2, 7, 1, .95, 0)
(2, 7, 1, 1, 0)
(2, 7, 2, 0, 1)
(2, 7, 2, .05, 1)
(2, 7, 2, .1, .381668)
(2, 7, 2, .15, .381668)
(2, 7, 2, .2, .0841473)
(2, 7, 2, .25, .0841473)
(2, 7, 2, .3, 0)
(2, 7, 2, .35, 0)
(2, 7, 2, .4, 0)
(2, 7, 2, .45, 0)
(2, 7, 2, .5, 0)
(2, 7, 2, .55, 0)
(2, 7, 2, .6, 0)
(2, 7, 2, .65, 0)
(2, 7, 2, .7, 0)
(2, 7, 2, .75, 0)
(2, 7, 2, .8, 0)
(2, 7, 2, .85, 0)
(2, 7, 2, .9, 0)
(2, 7, 2, .95, 0)
(2, 7, 2, 1, 0)
(2, 7, 3, 0, 1)
(2, 7, 3, .05, 1)
(2, 7, 3, .1, .3426)
(2, 7, 3, .15, .3426)
(2, 7, 3, .2, .0608565)
(2, 7, 3, .25, .0608565)
(2, 7, 3, .3, 0)
(2, 7, 3, .35, 0)
(2, 7, 3, .4, 0)
(2, 7, 3, .45, 0)
(2, 7, 3, .5, 0)
(2, 7, 3, .55, 0)
(2, 7, 3, .6, 0)
(2, 7, 3, .65, 0)
(2, 7, 3, .7, 0)
(2, 7, 3, .75, 0)
(2, 7, 3, .8, 0)
(2, 7, 3, .85, 0)
(2, 7, 3, .9, 0)
(2, 7, 3, .95, 0)
(2, 7, 3, 1, 0)
(2, 7, 4, 0, 1)
(2, 7, 4, .05, 1)
(2, 7, 4, .1, .303531)
(2, 7, 4, .15, .303531)
(2, 7, 4, .2, .0390684)
(2, 7, 4, .25, .0390684)
(2, 7, 4, .3, 0)
(2, 7, 4, .35, 0)
(2, 7, 4, .4, 0)
(2, 7, 4, .45, 0)
(2, 7, 4, .5, 0)
(2, 7, 4, .55, 0)
(2, 7, 4, .6, 0)
(2, 7, 4, .65, 0)
(2, 7, 4, .7, 0)
(2, 7, 4, .75, 0)
(2, 7, 4, .8, 0)
(2, 7, 4, .85, 0)
(2, 7, 4, .9, 0)
(2, 7, 4, .95, 0)
(2, 7, 4, 1, 0)
(2, 7, 5, 0, 1)
(2, 7, 5, .05, 1)
(2, 7, 5, .1, .270473)
(2, 7, 5, .15, .270473)
(2, 7, 5, .2, .0210368)
(2, 7, 5, .25, .0210368)
(2, 7, 5, .3, 0)
(2, 7, 5, .35, 0)
(2, 7, 5, .4, 0)
(2, 7, 5, .45, 0)
(2, 7, 5, .5, 0)
(2, 7, 5, .55, 0)
(2, 7, 5, .6, 0)
(2, 7, 5, .65, 0)
(2, 7, 5, .7, 0)
(2, 7, 5, .75, 0)
(2, 7, 5, .8, 0)
(2, 7, 5, .85, 0)
(2, 7, 5, .9, 0)
(2, 7, 5, .95, 0)
(2, 7, 5, 1, 0)
(2, 7, 6, 0, 1)
(2, 7, 6, .05, 1)
(2, 7, 6, .1, .237415)
(2, 7, 6, .15, .237415)
(2, 7, 6, .2, .00901578)
(2, 7, 6, .25, .00901578)
(2, 7, 6, .3, 0)
(2, 7, 6, .35, 0)
(2, 7, 6, .4, 0)
(2, 7, 6, .45, 0)
(2, 7, 6, .5, 0)
(2, 7, 6, .55, 0)
(2, 7, 6, .6, 0)
(2, 7, 6, .65, 0)
(2, 7, 6, .7, 0)
(2, 7, 6, .75, 0)
(2, 7, 6, .8, 0)
(2, 7, 6, .85, 0)
(2, 7, 6, .9, 0)
(2, 7, 6, .95, 0)
(2, 7, 6, 1, 0)
(2, 7, 7, 0, 1)
(2, 7, 7, .05, 1)
(2, 7, 7, .1, .204358)
(2, 7, 7, .15, .204358)
(2, 7, 7, .2, .00225394)
(2, 7, 7, .25, .00225394)
(2, 7, 7, .3, 0)
(2, 7, 7, .35, 0)
(2, 7, 7, .4, 0)
(2, 7, 7, .45, 0)
(2, 7, 7, .5, 0)
(2, 7, 7, .55, 0)
(2, 7, 7, .6, 0)
(2, 7, 7, .65, 0)
(2, 7, 7, .7, 0)
(2, 7, 7, .75, 0)
(2, 7, 7, .8, 0)
(2, 7, 7, .85, 0)
(2, 7, 7, .9, 0)
(2, 7, 7, .95, 0)
(2, 7, 7, 1, 0)
(2, 7, 8, 0, 1)
(2, 7, 8, .05, 1)
(2, 7, 8, .1, .172802)
(2, 7, 8, .15, .172802)
(2, 7, 8, .2, .000751315)
(2, 7, 8, .25, .000751315)
(2, 7, 8, .3, 0)
(2, 7, 8, .35, 0)
(2, 7, 8, .4, 0)
(2, 7, 8, .45, 0)
(2, 7, 8, .5, 0)
(2, 7, 8, .55, 0)
(2, 7, 8, .6, 0)
(2, 7, 8, .65, 0)
(2, 7, 8, .7, 0)
(2, 7, 8, .75, 0)
(2, 7, 8, .8, 0)
(2, 7, 8, .85, 0)
(2, 7, 8, .9, 0)
(2, 7, 8, .95, 0)
(2, 7, 8, 1, 0)
(2, 7, 9, 0, 1)
(2, 7, 9, .05, 1)
(2, 7, 9, .1, .147258)
(2, 7, 9, .15, .147258)
(2, 7, 9, .2, 0)
(2, 7, 9, .25, 0)
(2, 7, 9, .3, 0)
(2, 7, 9, .35, 0)
(2, 7, 9, .4, 0)
(2, 7, 9, .45, 0)
(2, 7, 9, .5, 0)
(2, 7, 9, .55, 0)
(2, 7, 9, .6, 0)
(2, 7, 9, .65, 0)
(2, 7, 9, .7, 0)
(2, 7, 9, .75, 0)
(2, 7, 9, .8, 0)
(2, 7, 9, .85, 0)
(2, 7, 9, .9, 0)
(2, 7, 9, .95, 0)
(2, 7, 9, 1, 0)
(2, 7, 10, 0, 1)
(2, 7, 10, .05, 1)
(2, 7, 10, .1, .123216)
(2, 7, 10, .15, .123216)
(2, 7, 10, .2, 0)
(2, 7, 10, .25, 0)
(2, 7, 10, .3, 0)
(2, 7, 10, .35, 0)
(2, 7, 10, .4, 0)
(2, 7, 10, .45, 0)
(2, 7, 10, .5, 0)
(2, 7, 10, .55, 0)
(2, 7, 10, .6, 0)
(2, 7, 10, .65, 0)
(2, 7, 10, .7, 0)
(2, 7, 10, .75, 0)
(2, 7, 10, .8, 0)
(2, 7, 10, .85, 0)
(2, 7, 10, .9, 0)
(2, 7, 10, .95, 0)
(2, 7, 10, 1, 0)
(2, 7, 11, 0, 1)
(2, 7, 11, .05, 1)
(2, 7, 11, .1, 0)
(2, 7, 11, .15, 0)
(2, 7, 11, .2, 0)
(2, 7, 11, .25, 0)
(2, 7, 11, .3, 0)
(2, 7, 11, .35, 0)
(2, 7, 11, .4, 0)
(2, 7, 11, .45, 0)
(2, 7, 11, .5, 0)
(2, 7, 11, .55, 0)
(2, 7, 11, .6, 0)
(2, 7, 11, .65, 0)
(2, 7, 11, .7, 0)
(2, 7, 11, .75, 0)
(2, 7, 11, .8, 0)
(2, 7, 11, .85, 0)
(2, 7, 11, .9, 0)
(2, 7, 11, .95, 0)
(2, 7, 11, 1, 0)
(2, 8, 1, 0, 1)
(2, 8, 1, .05, 1)
(2, 8, 1, .1, .360631)
(2, 8, 1, .15, .360631)
(2, 8, 1, .2, .0608565)
(2, 8, 1, .25, .0608565)
(2, 8, 1, .3, 0)
(2, 8, 1, .35, 0)
(2, 8, 1, .4, 0)
(2, 8, 1, .45, 0)
(2, 8, 1, .5, 0)
(2, 8, 1, .55, 0)
(2, 8, 1, .6, 0)
(2, 8, 1, .65, 0)
(2, 8, 1, .7, 0)
(2, 8, 1, .75, 0)
(2, 8, 1, .8, 0)
(2, 8, 1, .85, 0)
(2, 8, 1, .9, 0)
(2, 8, 1, .95, 0)
(2, 8, 1, 1, 0)
(2, 8, 2, 0, 1)
(2, 8, 2, .05, 1)
(2, 8, 2, .1, .326822)
(2, 8, 2, .15, .326822)
(2, 8, 2, .2, .0473328)
(2, 8, 2, .25, .0473328)
(2, 8, 2, .3, 0)
(2, 8, 2, .35, 0)
(2, 8, 2, .4, 0)
(2, 8, 2, .45, 0)
(2, 8, 2, .5, 0)
(2, 8, 2, .55, 0)
(2, 8, 2, .6, 0)
(2, 8, 2, .65, 0)
(2, 8, 2, .7, 0)
(2, 8, 2, .75, 0)
(2, 8, 2, .8, 0)
(2, 8, 2, .85, 0)
(2, 8, 2, .9, 0)
(2, 8, 2, .95, 0)
(2, 8, 2, 1, 0)
(2, 8, 3, 0, 1)
(2, 8, 3, .05, 1)
(2, 8, 3, .1, .293013)
(2, 8, 3, .15, .293013)
(2, 8, 3, .2, .0338092)
(2, 8, 3, .25, .0338092)
(2, 8, 3, .3, 0)
(2, 8, 3, .35, 0)
(2, 8, 3, .4, 0)
(2, 8, 3, .45, 0)
(2, 8, 3, .5, 0)
(2, 8, 3, .55, 0)
(2, 8, 3, .6, 0)
(2, 8, 3, .65, 0)
(2, 8, 3, .7, 0)
(2, 8, 3, .75, 0)
(2, 8, 3, .8, 0)
(2, 8, 3, .85, 0)
(2, 8, 3, .9, 0)
(2, 8, 3, .95, 0)
(2, 8, 3, 1, 0)
(2, 8, 4, 0, 1)
(2, 8, 4, .05, 1)
(2, 8, 4, .1, .259204)
(2, 8, 4, .15, .259204)
(2, 8, 4, .2, .0210368)
(2, 8, 4, .25, .0210368)
(2, 8, 4, .3, 0)
(2, 8, 4, .35, 0)
(2, 8, 4, .4, 0)
(2, 8, 4, .45, 0)
(2, 8, 4, .5, 0)
(2, 8, 4, .55, 0)
(2, 8, 4, .6, 0)
(2, 8, 4, .65, 0)
(2, 8, 4, .7, 0)
(2, 8, 4, .75, 0)
(2, 8, 4, .8, 0)
(2, 8, 4, .85, 0)
(2, 8, 4, .9, 0)
(2, 8, 4, .95, 0)
(2, 8, 4, 1, 0)
(2, 8, 5, 0, 1)
(2, 8, 5, .05, 1)
(2, 8, 5, .1, .229902)
(2, 8, 5, .15, .229902)
(2, 8, 5, .2, .0105184)
(2, 8, 5, .25, .0105184)
(2, 8, 5, .3, 0)
(2, 8, 5, .35, 0)
(2, 8, 5, .4, 0)
(2, 8, 5, .45, 0)
(2, 8, 5, .5, 0)
(2, 8, 5, .55, 0)
(2, 8, 5, .6, 0)
(2, 8, 5, .65, 0)
(2, 8, 5, .7, 0)
(2, 8, 5, .75, 0)
(2, 8, 5, .8, 0)
(2, 8, 5, .85, 0)
(2, 8, 5, .9, 0)
(2, 8, 5, .95, 0)
(2, 8, 5, 1, 0)
(2, 8, 6, 0, 1)
(2, 8, 6, .05, 1)
(2, 8, 6, .1, .201352)
(2, 8, 6, .15, .201352)
(2, 8, 6, .2, .00375657)
(2, 8, 6, .25, .00375657)
(2, 8, 6, .3, 0)
(2, 8, 6, .35, 0)
(2, 8, 6, .4, 0)
(2, 8, 6, .45, 0)
(2, 8, 6, .5, 0)
(2, 8, 6, .55, 0)
(2, 8, 6, .6, 0)
(2, 8, 6, .65, 0)
(2, 8, 6, .7, 0)
(2, 8, 6, .75, 0)
(2, 8, 6, .8, 0)
(2, 8, 6, .85, 0)
(2, 8, 6, .9, 0)
(2, 8, 6, .95, 0)
(2, 8, 6, 1, 0)
(2, 8, 7, 0, 1)
(2, 8, 7, .05, 1)
(2, 8, 7, .1, .172802)
(2, 8, 7, .15, .172802)
(2, 8, 7, .2, .000751315)
(2, 8, 7, .25, .000751315)
(2, 8, 7, .3, 0)
(2, 8, 7, .35, 0)
(2, 8, 7, .4, 0)
(2, 8, 7, .45, 0)
(2, 8, 7, .5, 0)
(2, 8, 7, .55, 0)
(2, 8, 7, .6, 0)
(2, 8, 7, .65, 0)
(2, 8, 7, .7, 0)
(2, 8, 7, .75, 0)
(2, 8, 7, .8, 0)
(2, 8, 7, .85, 0)
(2, 8, 7, .9, 0)
(2, 8, 7, .95, 0)
(2, 8, 7, 1, 0)
(2, 8, 8, 0, 1)
(2, 8, 8, .05, 1)
(2, 8, 8, .1, .145755)
(2, 8, 8, .15, .145755)
(2, 8, 8, .2, 0)
(2, 8, 8, .25, 0)
(2, 8, 8, .3, 0)
(2, 8, 8, .35, 0)
(2, 8, 8, .4, 0)
(2, 8, 8, .45, 0)
(2, 8, 8, .5, 0)
(2, 8, 8, .55, 0)
(2, 8, 8, .6, 0)
(2, 8, 8, .65, 0)
(2, 8, 8, .7, 0)
(2, 8, 8, .75, 0)
(2, 8, 8, .8, 0)
(2, 8, 8, .85, 0)
(2, 8, 8, .9, 0)
(2, 8, 8, .95, 0)
(2, 8, 8, 1, 0)
(2, 8, 9, 0, 1)
(2, 8, 9, .05, 1)
(2, 8, 9, .1, .123216)
(2, 8, 9, .15, .123216)
(2, 8, 9, .2, 0)
(2, 8, 9, .25, 0)
(2, 8, 9, .3, 0)
(2, 8, 9, .35, 0)
(2, 8, 9, .4, 0)
(2, 8, 9, .45, 0)
(2, 8, 9, .5, 0)
(2, 8, 9, .55, 0)
(2, 8, 9, .6, 0)
(2, 8, 9, .65, 0)
(2, 8, 9, .7, 0)
(2, 8, 9, .75, 0)
(2, 8, 9, .8, 0)
(2, 8, 9, .85, 0)
(2, 8, 9, .9, 0)
(2, 8, 9, .95, 0)
(2, 8, 9, 1, 0)
(2, 8, 10, 0, 1)
(2, 8, 10, .05, 1)
(2, 8, 10, .1, .10293)
(2, 8, 10, .15, .10293)
(2, 8, 10, .2, 0)
(2, 8, 10, .25, 0)
(2, 8, 10, .3, 0)
(2, 8, 10, .35, 0)
(2, 8, 10, .4, 0)
(2, 8, 10, .45, 0)
(2, 8, 10, .5, 0)
(2, 8, 10, .55, 0)
(2, 8, 10, .6, 0)
(2, 8, 10, .65, 0)
(2, 8, 10, .7, 0)
(2, 8, 10, .75, 0)
(2, 8, 10, .8, 0)
(2, 8, 10, .85, 0)
(2, 8, 10, .9, 0)
(2, 8, 10, .95, 0)
(2, 8, 10, 1, 0)
(2, 8, 11, 0, 1)
(2, 8, 11, .05, 1)
(2, 8, 11, .1, 0)
(2, 8, 11, .15, 0)
(2, 8, 11, .2, 0)
(2, 8, 11, .25, 0)
(2, 8, 11, .3, 0)
(2, 8, 11, .35, 0)
(2, 8, 11, .4, 0)
(2, 8, 11, .45, 0)
(2, 8, 11, .5, 0)
(2, 8, 11, .55, 0)
(2, 8, 11, .6, 0)
(2, 8, 11, .65, 0)
(2, 8, 11, .7, 0)
(2, 8, 11, .75, 0)
(2, 8, 11, .8, 0)
(2, 8, 11, .85, 0)
(2, 8, 11, .9, 0)
(2, 8, 11, .95, 0)
(2, 8, 11, 1, 0)
(2, 9, 1, 0, 1)
(2, 9, 1, .05, 1)
(2, 9, 1, .1, .315552)
(2, 9, 1, .15, .315552)
(2, 9, 1, .2, .0270473)
(2, 9, 1, .25, .0270473)
(2, 9, 1, .3, 0)
(2, 9, 1, .35, 0)
(2, 9, 1, .4, 0)
(2, 9, 1, .45, 0)
(2, 9, 1, .5, 0)
(2, 9, 1, .55, 0)
(2, 9, 1, .6, 0)
(2, 9, 1, .65, 0)
(2, 9, 1, .7, 0)
(2, 9, 1, .75, 0)
(2, 9, 1, .8, 0)
(2, 9, 1, .85, 0)
(2, 9, 1, .9, 0)
(2, 9, 1, .95, 0)
(2, 9, 1, 1, 0)
(2, 9, 2, 0, 1)
(2, 9, 2, .05, 1)
(2, 9, 2, .1, .2855)
(2, 9, 2, .15, .2855)
(2, 9, 2, .2, .0210368)
(2, 9, 2, .25, .0210368)
(2, 9, 2, .3, 0)
(2, 9, 2, .35, 0)
(2, 9, 2, .4, 0)
(2, 9, 2, .45, 0)
(2, 9, 2, .5, 0)
(2, 9, 2, .55, 0)
(2, 9, 2, .6, 0)
(2, 9, 2, .65, 0)
(2, 9, 2, .7, 0)
(2, 9, 2, .75, 0)
(2, 9, 2, .8, 0)
(2, 9, 2, .85, 0)
(2, 9, 2, .9, 0)
(2, 9, 2, .95, 0)
(2, 9, 2, 1, 0)
(2, 9, 3, 0, 1)
(2, 9, 3, .05, 1)
(2, 9, 3, .1, .255447)
(2, 9, 3, .15, .255447)
(2, 9, 3, .2, .0150263)
(2, 9, 3, .25, .0150263)
(2, 9, 3, .3, 0)
(2, 9, 3, .35, 0)
(2, 9, 3, .4, 0)
(2, 9, 3, .45, 0)
(2, 9, 3, .5, 0)
(2, 9, 3, .55, 0)
(2, 9, 3, .6, 0)
(2, 9, 3, .65, 0)
(2, 9, 3, .7, 0)
(2, 9, 3, .75, 0)
(2, 9, 3, .8, 0)
(2, 9, 3, .85, 0)
(2, 9, 3, .9, 0)
(2, 9, 3, .95, 0)
(2, 9, 3, 1, 0)
(2, 9, 4, 0, 1)
(2, 9, 4, .05, 1)
(2, 9, 4, .1, .225394)
(2, 9, 4, .15, .225394)
(2, 9, 4, .2, .00901578)
(2, 9, 4, .25, .00901578)
(2, 9, 4, .3, 0)
(2, 9, 4, .35, 0)
(2, 9, 4, .4, 0)
(2, 9, 4, .45, 0)
(2, 9, 4, .5, 0)
(2, 9, 4, .55, 0)
(2, 9, 4, .6, 0)
(2, 9, 4, .65, 0)
(2, 9, 4, .7, 0)
(2, 9, 4, .75, 0)
(2, 9, 4, .8, 0)
(2, 9, 4, .85, 0)
(2, 9, 4, .9, 0)
(2, 9, 4, .95, 0)
(2, 9, 4, 1, 0)
(2, 9, 5, 0, 1)
(2, 9, 5, .05, 1)
(2, 9, 5, .1, .198347)
(2, 9, 5, .15, .198347)
(2, 9, 5, .2, .00375657)
(2, 9, 5, .25, .00375657)
(2, 9, 5, .3, 0)
(2, 9, 5, .35, 0)
(2, 9, 5, .4, 0)
(2, 9, 5, .45, 0)
(2, 9, 5, .5, 0)
(2, 9, 5, .55, 0)
(2, 9, 5, .6, 0)
(2, 9, 5, .65, 0)
(2, 9, 5, .7, 0)
(2, 9, 5, .75, 0)
(2, 9, 5, .8, 0)
(2, 9, 5, .85, 0)
(2, 9, 5, .9, 0)
(2, 9, 5, .95, 0)
(2, 9, 5, 1, 0)
(2, 9, 6, 0, 1)
(2, 9, 6, .05, 1)
(2, 9, 6, .1, .172802)
(2, 9, 6, .15, .172802)
(2, 9, 6, .2, .000751315)
(2, 9, 6, .25, .000751315)
(2, 9, 6, .3, 0)
(2, 9, 6, .35, 0)
(2, 9, 6, .4, 0)
(2, 9, 6, .45, 0)
(2, 9, 6, .5, 0)
(2, 9, 6, .55, 0)
(2, 9, 6, .6, 0)
(2, 9, 6, .65, 0)
(2, 9, 6, .7, 0)
(2, 9, 6, .75, 0)
(2, 9, 6, .8, 0)
(2, 9, 6, .85, 0)
(2, 9, 6, .9, 0)
(2, 9, 6, .95, 0)
(2, 9, 6, 1, 0)
(2, 9, 7, 0, 1)
(2, 9, 7, .05, 1)
(2, 9, 7, .1, .147258)
(2, 9, 7, .15, .147258)
(2, 9, 7, .2, 0)
(2, 9, 7, .25, 0)
(2, 9, 7, .3, 0)
(2, 9, 7, .35, 0)
(2, 9, 7, .4, 0)
(2, 9, 7, .45, 0)
(2, 9, 7, .5, 0)
(2, 9, 7, .55, 0)
(2, 9, 7, .6, 0)
(2, 9, 7, .65, 0)
(2, 9, 7, .7, 0)
(2, 9, 7, .75, 0)
(2, 9, 7, .8, 0)
(2, 9, 7, .85, 0)
(2, 9, 7, .9, 0)
(2, 9, 7, .95, 0)
(2, 9, 7, 1, 0)
(2, 9, 8, 0, 1)
(2, 9, 8, .05, 1)
(2, 9, 8, .1, .123216)
(2, 9, 8, .15, .123216)
(2, 9, 8, .2, 0)
(2, 9, 8, .25, 0)
(2, 9, 8, .3, 0)
(2, 9, 8, .35, 0)
(2, 9, 8, .4, 0)
(2, 9, 8, .45, 0)
(2, 9, 8, .5, 0)
(2, 9, 8, .55, 0)
(2, 9, 8, .6, 0)
(2, 9, 8, .65, 0)
(2, 9, 8, .7, 0)
(2, 9, 8, .75, 0)
(2, 9, 8, .8, 0)
(2, 9, 8, .85, 0)
(2, 9, 8, .9, 0)
(2, 9, 8, .95, 0)
(2, 9, 8, 1, 0)
(2, 9, 9, 0, 1)
(2, 9, 9, .05, 1)
(2, 9, 9, .1, .102179)
(2, 9, 9, .15, .102179)
(2, 9, 9, .2, 0)
(2, 9, 9, .25, 0)
(2, 9, 9, .3, 0)
(2, 9, 9, .35, 0)
(2, 9, 9, .4, 0)
(2, 9, 9, .45, 0)
(2, 9, 9, .5, 0)
(2, 9, 9, .55, 0)
(2, 9, 9, .6, 0)
(2, 9, 9, .65, 0)
(2, 9, 9, .7, 0)
(2, 9, 9, .75, 0)
(2, 9, 9, .8, 0)
(2, 9, 9, .85, 0)
(2, 9, 9, .9, 0)
(2, 9, 9, .95, 0)
(2, 9, 9, 1, 0)
(2, 9, 10, 0, 1)
(2, 9, 10, .05, 1)
(2, 9, 10, .1, .0841473)
(2, 9, 10, .15, .0841473)
(2, 9, 10, .2, 0)
(2, 9, 10, .25, 0)
(2, 9, 10, .3, 0)
(2, 9, 10, .35, 0)
(2, 9, 10, .4, 0)
(2, 9, 10, .45, 0)
(2, 9, 10, .5, 0)
(2, 9, 10, .55, 0)
(2, 9, 10, .6, 0)
(2, 9, 10, .65, 0)
(2, 9, 10, .7, 0)
(2, 9, 10, .75, 0)
(2, 9, 10, .8, 0)
(2, 9, 10, .85, 0)
(2, 9, 10, .9, 0)
(2, 9, 10, .95, 0)
(2, 9, 10, 1, 0)
(2, 9, 11, 0, 1)
(2, 9, 11, .05, 1)
(2, 9, 11, .1, 0)
(2, 9, 11, .15, 0)
(2, 9, 11, .2, 0)
(2, 9, 11, .25, 0)
(2, 9, 11, .3, 0)
(2, 9, 11, .35, 0)
(2, 9, 11, .4, 0)
(2, 9, 11, .45, 0)
(2, 9, 11, .5, 0)
(2, 9, 11, .55, 0)
(2, 9, 11, .6, 0)
(2, 9, 11, .65, 0)
(2, 9, 11, .7, 0)
(2, 9, 11, .75, 0)
(2, 9, 11, .8, 0)
(2, 9, 11, .85, 0)
(2, 9, 11, .9, 0)
(2, 9, 11, .95, 0)
(2, 9, 11, 1, 0)
(2, 10, 1, 0, 1)
(2, 10, 1, .05, 1)
(2, 10, 1, .1, .270473)
(2, 10, 1, .15, .270473)
(2, 10, 1, .2, .00676183)
(2, 10, 1, .25, .00676183)
(2, 10, 1, .3, 0)
(2, 10, 1, .35, 0)
(2, 10, 1, .4, 0)
(2, 10, 1, .45, 0)
(2, 10, 1, .5, 0)
(2, 10, 1, .55, 0)
(2, 10, 1, .6, 0)
(2, 10, 1, .65, 0)
(2, 10, 1, .7, 0)
(2, 10, 1, .75, 0)
(2, 10, 1, .8, 0)
(2, 10, 1, .85, 0)
(2, 10, 1, .9, 0)
(2, 10, 1, .95, 0)
(2, 10, 1, 1, 0)
(2, 10, 2, 0, 1)
(2, 10, 2, .05, 1)
(2, 10, 2, .1, .244177)
(2, 10, 2, .15, .244177)
(2, 10, 2, .2, .0052592)
(2, 10, 2, .25, .0052592)
(2, 10, 2, .3, 0)
(2, 10, 2, .35, 0)
(2, 10, 2, .4, 0)
(2, 10, 2, .45, 0)
(2, 10, 2, .5, 0)
(2, 10, 2, .55, 0)
(2, 10, 2, .6, 0)
(2, 10, 2, .65, 0)
(2, 10, 2, .7, 0)
(2, 10, 2, .75, 0)
(2, 10, 2, .8, 0)
(2, 10, 2, .85, 0)
(2, 10, 2, .9, 0)
(2, 10, 2, .95, 0)
(2, 10, 2, 1, 0)
(2, 10, 3, 0, 1)
(2, 10, 3, .05, 1)
(2, 10, 3, .1, .217881)
(2, 10, 3, .15, .217881)
(2, 10, 3, .2, .00375657)
(2, 10, 3, .25, .00375657)
(2, 10, 3, .3, 0)
(2, 10, 3, .35, 0)
(2, 10, 3, .4, 0)
(2, 10, 3, .45, 0)
(2, 10, 3, .5, 0)
(2, 10, 3, .55, 0)
(2, 10, 3, .6, 0)
(2, 10, 3, .65, 0)
(2, 10, 3, .7, 0)
(2, 10, 3, .75, 0)
(2, 10, 3, .8, 0)
(2, 10, 3, .85, 0)
(2, 10, 3, .9, 0)
(2, 10, 3, .95, 0)
(2, 10, 3, 1, 0)
(2, 10, 4, 0, 1)
(2, 10, 4, .05, 1)
(2, 10, 4, .1, .192337)
(2, 10, 4, .15, .192337)
(2, 10, 4, .2, .00225394)
(2, 10, 4, .25, .00225394)
(2, 10, 4, .3, 0)
(2, 10, 4, .35, 0)
(2, 10, 4, .4, 0)
(2, 10, 4, .45, 0)
(2, 10, 4, .5, 0)
(2, 10, 4, .55, 0)
(2, 10, 4, .6, 0)
(2, 10, 4, .65, 0)
(2, 10, 4, .7, 0)
(2, 10, 4, .75, 0)
(2, 10, 4, .8, 0)
(2, 10, 4, .85, 0)
(2, 10, 4, .9, 0)
(2, 10, 4, .95, 0)
(2, 10, 4, 1, 0)
(2, 10, 5, 0, 1)
(2, 10, 5, .05, 1)
(2, 10, 5, .1, .168295)
(2, 10, 5, .15, .168295)
(2, 10, 5, .2, .000751315)
(2, 10, 5, .25, .000751315)
(2, 10, 5, .3, 0)
(2, 10, 5, .35, 0)
(2, 10, 5, .4, 0)
(2, 10, 5, .45, 0)
(2, 10, 5, .5, 0)
(2, 10, 5, .55, 0)
(2, 10, 5, .6, 0)
(2, 10, 5, .65, 0)
(2, 10, 5, .7, 0)
(2, 10, 5, .75, 0)
(2, 10, 5, .8, 0)
(2, 10, 5, .85, 0)
(2, 10, 5, .9, 0)
(2, 10, 5, .95, 0)
(2, 10, 5, 1, 0)
(2, 10, 6, 0, 1)
(2, 10, 6, .05, 1)
(2, 10, 6, .1, .145755)
(2, 10, 6, .15, .145755)
(2, 10, 6, .2, 0)
(2, 10, 6, .25, 0)
(2, 10, 6, .3, 0)
(2, 10, 6, .35, 0)
(2, 10, 6, .4, 0)
(2, 10, 6, .45, 0)
(2, 10, 6, .5, 0)
(2, 10, 6, .55, 0)
(2, 10, 6, .6, 0)
(2, 10, 6, .65, 0)
(2, 10, 6, .7, 0)
(2, 10, 6, .75, 0)
(2, 10, 6, .8, 0)
(2, 10, 6, .85, 0)
(2, 10, 6, .9, 0)
(2, 10, 6, .95, 0)
(2, 10, 6, 1, 0)
(2, 10, 7, 0, 1)
(2, 10, 7, .05, 1)
(2, 10, 7, .1, .123216)
(2, 10, 7, .15, .123216)
(2, 10, 7, .2, 0)
(2, 10, 7, .25, 0)
(2, 10, 7, .3, 0)
(2, 10, 7, .35, 0)
(2, 10, 7, .4, 0)
(2, 10, 7, .45, 0)
(2, 10, 7, .5, 0)
(2, 10, 7, .55, 0)
(2, 10, 7, .6, 0)
(2, 10, 7, .65, 0)
(2, 10, 7, .7, 0)
(2, 10, 7, .75, 0)
(2, 10, 7, .8, 0)
(2, 10, 7, .85, 0)
(2, 10, 7, .9, 0)
(2, 10, 7, .95, 0)
(2, 10, 7, 1, 0)
(2, 10, 8, 0, 1)
(2, 10, 8, .05, 1)
(2, 10, 8, .1, .10293)
(2, 10, 8, .15, .10293)
(2, 10, 8, .2, 0)
(2, 10, 8, .25, 0)
(2, 10, 8, .3, 0)
(2, 10, 8, .35, 0)
(2, 10, 8, .4, 0)
(2, 10, 8, .45, 0)
(2, 10, 8, .5, 0)
(2, 10, 8, .55, 0)
(2, 10, 8, .6, 0)
(2, 10, 8, .65, 0)
(2, 10, 8, .7, 0)
(2, 10, 8, .75, 0)
(2, 10, 8, .8, 0)
(2, 10, 8, .85, 0)
(2, 10, 8, .9, 0)
(2, 10, 8, .95, 0)
(2, 10, 8, 1, 0)
(2, 10, 9, 0, 1)
(2, 10, 9, .05, 1)
(2, 10, 9, .1, .0841473)
(2, 10, 9, .15, .0841473)
(2, 10, 9, .2, 0)
(2, 10, 9, .25, 0)
(2, 10, 9, .3, 0)
(2, 10, 9, .35, 0)
(2, 10, 9, .4, 0)
(2, 10, 9, .45, 0)
(2, 10, 9, .5, 0)
(2, 10, 9, .55, 0)
(2, 10, 9, .6, 0)
(2, 10, 9, .65, 0)
(2, 10, 9, .7, 0)
(2, 10, 9, .75, 0)
(2, 10, 9, .8, 0)
(2, 10, 9, .85, 0)
(2, 10, 9, .9, 0)
(2, 10, 9, .95, 0)
(2, 10, 9, 1, 0)
(2, 10, 10, 0, 1)
(2, 10, 10, .05, 1)
(2, 10, 10, .1, .0683696)
(2, 10, 10, .15, .0683696)
(2, 10, 10, .2, 0)
(2, 10, 10, .25, 0)
(2, 10, 10, .3, 0)
(2, 10, 10, .35, 0)
(2, 10, 10, .4, 0)
(2, 10, 10, .45, 0)
(2, 10, 10, .5, 0)
(2, 10, 10, .55, 0)
(2, 10, 10, .6, 0)
(2, 10, 10, .65, 0)
(2, 10, 10, .7, 0)
(2, 10, 10, .75, 0)
(2, 10, 10, .8, 0)
(2, 10, 10, .85, 0)
(2, 10, 10, .9, 0)
(2, 10, 10, .95, 0)
(2, 10, 10, 1, 0)
(2, 10, 11, 0, 1)
(2, 10, 11, .05, 1)
(2, 10, 11, .1, 0)
(2, 10, 11, .15, 0)
(2, 10, 11, .2, 0)
(2, 10, 11, .25, 0)
(2, 10, 11, .3, 0)
(2, 10, 11, .35, 0)
(2, 10, 11, .4, 0)
(2, 10, 11, .45, 0)
(2, 10, 11, .5, 0)
(2, 10, 11, .55, 0)
(2, 10, 11, .6, 0)
(2, 10, 11, .65, 0)
(2, 10, 11, .7, 0)
(2, 10, 11, .75, 0)
(2, 10, 11, .8, 0)
(2, 10, 11, .85, 0)
(2, 10, 11, .9, 0)
(2, 10, 11, .95, 0)
(2, 10, 11, 1, 0)
(2, 11, 1, 0, 1)
(2, 11, 1, .05, 1)
(2, 11, 1, .1, 0)
(2, 11, 1, .15, 0)
(2, 11, 1, .2, 0)
(2, 11, 1, .25, 0)
(2, 11, 1, .3, 0)
(2, 11, 1, .35, 0)
(2, 11, 1, .4, 0)
(2, 11, 1, .45, 0)
(2, 11, 1, .5, 0)
(2, 11, 1, .55, 0)
(2, 11, 1, .6, 0)
(2, 11, 1, .65, 0)
(2, 11, 1, .7, 0)
(2, 11, 1, .75, 0)
(2, 11, 1, .8, 0)
(2, 11, 1, .85, 0)
(2, 11, 1, .9, 0)
(2, 11, 1, .95, 0)
(2, 11, 1, 1, 0)
(2, 11, 2, 0, 1)
(2, 11, 2, .05, 1)
(2, 11, 2, .1, 0)
(2, 11, 2, .15, 0)
(2, 11, 2, .2, 0)
(2, 11, 2, .25, 0)
(2, 11, 2, .3, 0)
(2, 11, 2, .35, 0)
(2, 11, 2, .4, 0)
(2, 11, 2, .45, 0)
(2, 11, 2, .5, 0)
(2, 11, 2, .55, 0)
(2, 11, 2, .6, 0)
(2, 11, 2, .65, 0)
(2, 11, 2, .7, 0)
(2, 11, 2, .75, 0)
(2, 11, 2, .8, 0)
(2, 11, 2, .85, 0)
(2, 11, 2, .9, 0)
(2, 11, 2, .95, 0)
(2, 11, 2, 1, 0)
(2, 11, 3, 0, 1)
(2, 11, 3, .05, 1)
(2, 11, 3, .1, 0)
(2, 11, 3, .15, 0)
(2, 11, 3, .2, 0)
(2, 11, 3, .25, 0)
(2, 11, 3, .3, 0)
(2, 11, 3, .35, 0)
(2, 11, 3, .4, 0)
(2, 11, 3, .45, 0)
(2, 11, 3, .5, 0)
(2, 11, 3, .55, 0)
(2, 11, 3, .6, 0)
(2, 11, 3, .65, 0)
(2, 11, 3, .7, 0)
(2, 11, 3, .75, 0)
(2, 11, 3, .8, 0)
(2, 11, 3, .85, 0)
(2, 11, 3, .9, 0)
(2, 11, 3, .95, 0)
(2, 11, 3, 1, 0)
(2, 11, 4, 0, 1)
(2, 11, 4, .05, 1)
(2, 11, 4, .1, 0)
(2, 11, 4, .15, 0)
(2, 11, 4, .2, 0)
(2, 11, 4, .25, 0)
(2, 11, 4, .3, 0)
(2, 11, 4, .35, 0)
(2, 11, 4, .4, 0)
(2, 11, 4, .45, 0)
(2, 11, 4, .5, 0)
(2, 11, 4, .55, 0)
(2, 11, 4, .6, 0)
(2, 11, 4, .65, 0)
(2, 11, 4, .7, 0)
(2, 11, 4, .75, 0)
(2, 11, 4, .8, 0)
(2, 11, 4, .85, 0)
(2, 11, 4, .9, 0)
(2, 11, 4, .95, 0)
(2, 11, 4, 1, 0)
(2, 11, 5, 0, 1)
(2, 11, 5, .05, 1)
(2, 11, 5, .1, 0)
(2, 11, 5, .15, 0)
(2, 11, 5, .2, 0)
(2, 11, 5, .25, 0)
(2, 11, 5, .3, 0)
(2, 11, 5, .35, 0)
(2, 11, 5, .4, 0)
(2, 11, 5, .45, 0)
(2, 11, 5, .5, 0)
(2, 11, 5, .55, 0)
(2, 11, 5, .6, 0)
(2, 11, 5, .65, 0)
(2, 11, 5, .7, 0)
(2, 11, 5, .75, 0)
(2, 11, 5, .8, 0)
(2, 11, 5, .85, 0)
(2, 11, 5, .9, 0)
(2, 11, 5, .95, 0)
(2, 11, 5, 1, 0)
(2, 11, 6, 0, 1)
(2, 11, 6, .05, 1)
(2, 11, 6, .1, 0)
(2, 11, 6, .15, 0)
(2, 11, 6, .2, 0)
(2, 11, 6, .25, 0)
(2, 11, 6, .3, 0)
(2, 11, 6, .35, 0)
(2, 11, 6, .4, 0)
(2, 11, 6, .45, 0)
(2, 11, 6, .5, 0)
(2, 11, 6, .55, 0)
(2, 11, 6, .6, 0)
(2, 11, 6, .65, 0)
(2, 11, 6, .7, 0)
(2, 11, 6, .75, 0)
(2, 11, 6, .8, 0)
(2, 11, 6, .85, 0)
(2, 11, 6, .9, 0)
(2, 11, 6, .95, 0)
(2, 11, 6, 1, 0)
(2, 11, 7, 0, 1)
(2, 11, 7, .05, 1)
(2, 11, 7, .1, 0)
(2, 11, 7, .15, 0)
(2, 11, 7, .2, 0)
(2, 11, 7, .25, 0)
(2, 11, 7, .3, 0)
(2, 11, 7, .35, 0)
(2, 11, 7, .4, 0)
(2, 11, 7, .45, 0)
(2, 11, 7, .5, 0)
(2, 11, 7, .55, 0)
(2, 11, 7, .6, 0)
(2, 11, 7, .65, 0)
(2, 11, 7, .7, 0)
(2, 11, 7, .75, 0)
(2, 11, 7, .8, 0)
(2, 11, 7, .85, 0)
(2, 11, 7, .9, 0)
(2, 11, 7, .95, 0)
(2, 11, 7, 1, 0)
(2, 11, 8, 0, 1)
(2, 11, 8, .05, 1)
(2, 11, 8, .1, 0)
(2, 11, 8, .15, 0)
(2, 11, 8, .2, 0)
(2, 11, 8, .25, 0)
(2, 11, 8, .3, 0)
(2, 11, 8, .35, 0)
(2, 11, 8, .4, 0)
(2, 11, 8, .45, 0)
(2, 11, 8, .5, 0)
(2, 11, 8, .55, 0)
(2, 11, 8, .6, 0)
(2, 11, 8, .65, 0)
(2, 11, 8, .7, 0)
(2, 11, 8, .75, 0)
(2, 11, 8, .8, 0)
(2, 11, 8, .85, 0)
(2, 11, 8, .9, 0)
(2, 11, 8, .95, 0)
(2, 11, 8, 1, 0)
(2, 11, 9, 0, 1)
(2, 11, 9, .05, 1)
(2, 11, 9, .1, 0)
(2, 11, 9, .15, 0)
(2, 11, 9, .2, 0)
(2, 11, 9, .25, 0)
(2, 11, 9, .3, 0)
(2, 11, 9, .35, 0)
(2, 11, 9, .4, 0)
(2, 11, 9, .45, 0)
(2, 11, 9, .5, 0)
(2, 11, 9, .55, 0)
(2, 11, 9, .6, 0)
(2, 11, 9, .65, 0)
(2, 11, 9, .7, 0)
(2, 11, 9, .75, 0)
(2, 11, 9, .8, 0)
(2, 11, 9, .85, 0)
(2, 11, 9, .9, 0)
(2, 11, 9, .95, 0)
(2, 11, 9, 1, 0)
(2, 11, 10, 0, 1)
(2, 11, 10, .05, 1)
(2, 11, 10, .1, 0)
(2, 11, 10, .15, 0)
(2, 11, 10, .2, 0)
(2, 11, 10, .25, 0)
(2, 11, 10, .3, 0)
(2, 11, 10, .35, 0)
(2, 11, 10, .4, 0)
(2, 11, 10, .45, 0)
(2, 11, 10, .5, 0)
(2, 11, 10, .55, 0)
(2, 11, 10, .6, 0)
(2, 11, 10, .65, 0)
(2, 11, 10, .7, 0)
(2, 11, 10, .75, 0)
(2, 11, 10, .8, 0)
(2, 11, 10, .85, 0)
(2, 11, 10, .9, 0)
(2, 11, 10, .95, 0)
(2, 11, 10, 1, 0)
(2, 11, 11, 0, 1)
(2, 11, 11, .05, 1)
(2, 11, 11, .1, 0)
(2, 11, 11, .15, 0)
(2, 11, 11, .2, 0)
(2, 11, 11, .25, 0)
(2, 11, 11, .3, 0)
(2, 11, 11, .35, 0)
(2, 11, 11, .4, 0)
(2, 11, 11, .45, 0)
(2, 11, 11, .5, 0)
(2, 11, 11, .55, 0)
(2, 11, 11, .6, 0)
(2, 11, 11, .65, 0)
(2, 11, 11, .7, 0)
(2, 11, 11, .75, 0)
(2, 11, 11, .8, 0)
(2, 11, 11, .85, 0)
(2, 11, 11, .9, 0)
(2, 11, 11, .95, 0)
(2, 11, 11, 1, 0)
(3, 1, 1, 0, 1)
(3, 1, 1, .05, 1)
(3, 1, 1, .1, .751315)
(3, 1, 1, .15, .751315)
(3, 1, 1, .2, .547708)
(3, 1, 1, .25, .547708)
(3, 1, 1, .3, .384673)
(3, 1, 1, .35, .384673)
(3, 1, 1, .4, .257701)
(3, 1, 1, .45, .257701)
(3, 1, 1, .5, .162284)
(3, 1, 1, .55, .0939144)
(3, 1, 1, .6, .0939144)
(3, 1, 1, .65, .0480841)
(3, 1, 1, .7, .0480841)
(3, 1, 1, .75, .0202855)
(3, 1, 1, .8, .0202855)
(3, 1, 1, .85, .00601052)
(3, 1, 1, .9, .00601052)
(3, 1, 1, .95, .000751315)
(3, 1, 1, 1, 0)
(3, 1, 2, 0, 1)
(3, 1, 2, .05, 1)
(3, 1, 2, .1, .676183)
(3, 1, 2, .15, .676183)
(3, 1, 2, .2, .432757)
(3, 1, 2, .25, .432757)
(3, 1, 2, .3, .252442)
(3, 1, 2, .35, .252442)
(3, 1, 2, .4, .13148)
(3, 1, 2, .45, .13148)
(3, 1, 2, .5, .0540947)
(3, 1, 2, .55, .0150263)
(3, 1, 2, .6, .0150263)
(3, 1, 2, .65, 0)
(3, 1, 2, .7, 0)
(3, 1, 2, .75, 0)
(3, 1, 2, .8, 0)
(3, 1, 2, .85, 0)
(3, 1, 2, .9, 0)
(3, 1, 2, .95, 0)
(3, 1, 2, 1, 0)
(3, 1, 3, 0, 1)
(3, 1, 3, .05, 1)
(3, 1, 3, .1, .601052)
(3, 1, 3, .15, .601052)
(3, 1, 3, .2, .33133)
(3, 1, 3, .25, .33133)
(3, 1, 3, .3, .144252)
(3, 1, 3, .35, .144252)
(3, 1, 3, .4, .0473328)
(3, 1, 3, .45, .0473328)
(3, 1, 3, .5, 0)
(3, 1, 3, .55, 0)
(3, 1, 3, .6, 0)
(3, 1, 3, .65, 0)
(3, 1, 3, .7, 0)
(3, 1, 3, .75, 0)
(3, 1, 3, .8, 0)
(3, 1, 3, .85, 0)
(3, 1, 3, .9, 0)
(3, 1, 3, .95, 0)
(3, 1, 3, 1, 0)
(3, 1, 4, 0, 1)
(3, 1, 4, .05, 1)
(3, 1, 4, .1, .540947)
(3, 1, 4, .15, .540947)
(3, 1, 4, .2, .243426)
(3, 1, 4, .25, .243426)
(3, 1, 4, .3, .0721262)
(3, 1, 4, .35, .0721262)
(3, 1, 4, .4, .0052592)
(3, 1, 4, .45, .0052592)
(3, 1, 4, .5, 0)
(3, 1, 4, .55, 0)
(3, 1, 4, .6, 0)
(3, 1, 4, .65, 0)
(3, 1, 4, .7, 0)
(3, 1, 4, .75, 0)
(3, 1, 4, .8, 0)
(3, 1, 4, .85, 0)
(3, 1, 4, .9, 0)
(3, 1, 4, .95, 0)
(3, 1, 4, 1, 0)
(3, 1, 5, 0, 1)
(3, 1, 5, .05, 1)
(3, 1, 5, .1, .480841)
(3, 1, 5, .15, .480841)
(3, 1, 5, .2, .169046)
(3, 1, 5, .25, .169046)
(3, 1, 5, .3, .0240421)
(3, 1, 5, .35, .0240421)
(3, 1, 5, .4, 0)
(3, 1, 5, .45, 0)
(3, 1, 5, .5, 0)
(3, 1, 5, .55, 0)
(3, 1, 5, .6, 0)
(3, 1, 5, .65, 0)
(3, 1, 5, .7, 0)
(3, 1, 5, .75, 0)
(3, 1, 5, .8, 0)
(3, 1, 5, .85, 0)
(3, 1, 5, .9, 0)
(3, 1, 5, .95, 0)
(3, 1, 5, 1, 0)
(3, 1, 6, 0, 1)
(3, 1, 6, .05, 1)
(3, 1, 6, .1, .420736)
(3, 1, 6, .15, .420736)
(3, 1, 6, .2, .108189)
(3, 1, 6, .25, .108189)
(3, 1, 6, .3, 0)
(3, 1, 6, .35, 0)
(3, 1, 6, .4, 0)
(3, 1, 6, .45, 0)
(3, 1, 6, .5, 0)
(3, 1, 6, .55, 0)
(3, 1, 6, .6, 0)
(3, 1, 6, .65, 0)
(3, 1, 6, .7, 0)
(3, 1, 6, .75, 0)
(3, 1, 6, .8, 0)
(3, 1, 6, .85, 0)
(3, 1, 6, .9, 0)
(3, 1, 6, .95, 0)
(3, 1, 6, 1, 0)
(3, 1, 7, 0, 1)
(3, 1, 7, .05, 1)
(3, 1, 7, .1, .360631)
(3, 1, 7, .15, .360631)
(3, 1, 7, .2, .0540947)
(3, 1, 7, .25, .0540947)
(3, 1, 7, .3, 0)
(3, 1, 7, .35, 0)
(3, 1, 7, .4, 0)
(3, 1, 7, .45, 0)
(3, 1, 7, .5, 0)
(3, 1, 7, .55, 0)
(3, 1, 7, .6, 0)
(3, 1, 7, .65, 0)
(3, 1, 7, .7, 0)
(3, 1, 7, .75, 0)
(3, 1, 7, .8, 0)
(3, 1, 7, .85, 0)
(3, 1, 7, .9, 0)
(3, 1, 7, .95, 0)
(3, 1, 7, 1, 0)
(3, 1, 8, 0, 1)
(3, 1, 8, .05, 1)
(3, 1, 8, .1, .315552)
(3, 1, 8, .15, .315552)
(3, 1, 8, .2, .0270473)
(3, 1, 8, .25, .0270473)
(3, 1, 8, .3, 0)
(3, 1, 8, .35, 0)
(3, 1, 8, .4, 0)
(3, 1, 8, .45, 0)
(3, 1, 8, .5, 0)
(3, 1, 8, .55, 0)
(3, 1, 8, .6, 0)
(3, 1, 8, .65, 0)
(3, 1, 8, .7, 0)
(3, 1, 8, .75, 0)
(3, 1, 8, .8, 0)
(3, 1, 8, .85, 0)
(3, 1, 8, .9, 0)
(3, 1, 8, .95, 0)
(3, 1, 8, 1, 0)
(3, 1, 9, 0, 1)
(3, 1, 9, .05, 1)
(3, 1, 9, .1, .270473)
(3, 1, 9, .15, .270473)
(3, 1, 9, .2, .00676183)
(3, 1, 9, .25, .00676183)
(3, 1, 9, .3, 0)
(3, 1, 9, .35, 0)
(3, 1, 9, .4, 0)
(3, 1, 9, .45, 0)
(3, 1, 9, .5, 0)
(3, 1, 9, .55, 0)
(3, 1, 9, .6, 0)
(3, 1, 9, .65, 0)
(3, 1, 9, .7, 0)
(3, 1, 9, .75, 0)
(3, 1, 9, .8, 0)
(3, 1, 9, .85, 0)
(3, 1, 9, .9, 0)
(3, 1, 9, .95, 0)
(3, 1, 9, 1, 0)
(3, 1, 10, 0, 1)
(3, 1, 10, .05, 1)
(3, 1, 10, .1, .225394)
(3, 1, 10, .15, .225394)
(3, 1, 10, .2, 0)
(3, 1, 10, .25, 0)
(3, 1, 10, .3, 0)
(3, 1, 10, .35, 0)
(3, 1, 10, .4, 0)
(3, 1, 10, .45, 0)
(3, 1, 10, .5, 0)
(3, 1, 10, .55, 0)
(3, 1, 10, .6, 0)
(3, 1, 10, .65, 0)
(3, 1, 10, .7, 0)
(3, 1, 10, .75, 0)
(3, 1, 10, .8, 0)
(3, 1, 10, .85, 0)
(3, 1, 10, .9, 0)
(3, 1, 10, .95, 0)
(3, 1, 10, 1, 0)
(3, 1, 11, 0, 1)
(3, 1, 11, .05, 1)
(3, 1, 11, .1, 0)
(3, 1, 11, .15, 0)
(3, 1, 11, .2, 0)
(3, 1, 11, .25, 0)
(3, 1, 11, .3, 0)
(3, 1, 11, .35, 0)
(3, 1, 11, .4, 0)
(3, 1, 11, .45, 0)
(3, 1, 11, .5, 0)
(3, 1, 11, .55, 0)
(3, 1, 11, .6, 0)
(3, 1, 11, .65, 0)
(3, 1, 11, .7, 0)
(3, 1, 11, .75, 0)
(3, 1, 11, .8, 0)
(3, 1, 11, .85, 0)
(3, 1, 11, .9, 0)
(3, 1, 11, .95, 0)
(3, 1, 11, 1, 0)
(3, 2, 1, 0, 1)
(3, 2, 1, .05, 1)
(3, 2, 1, .1, .676183)
(3, 2, 1, .15, .676183)
(3, 2, 1, .2, .432757)
(3, 2, 1, .25, .432757)
(3, 2, 1, .3, .252442)
(3, 2, 1, .35, .252442)
(3, 2, 1, .4, .13148)
(3, 2, 1, .45, .13148)
(3, 2, 1, .5, .0540947)
(3, 2, 1, .55, .0150263)
(3, 2, 1, .6, .0150263)
(3, 2, 1, .65, 0)
(3, 2, 1, .7, 0)
(3, 2, 1, .75, 0)
(3, 2, 1, .8, 0)
(3, 2, 1, .85, 0)
(3, 2, 1, .9, 0)
(3, 2, 1, .95, 0)
(3, 2, 1, 1, 0)
(3, 2, 2, 0, 1)
(3, 2, 2, .05, 1)
(3, 2, 2, .1, .608565)
(3, 2, 2, .15, .608565)
(3, 2, 2, .2, .341848)
(3, 2, 2, .25, .341848)
(3, 2, 2, .3, .165289)
(3, 2, 2, .35, .165289)
(3, 2, 2, .4, .0653644)
(3, 2, 2, .45, .0653644)
(3, 2, 2, .5, .0150263)
(3, 2, 2, .55, .000751315)
(3, 2, 2, .6, .000751315)
(3, 2, 2, .65, 0)
(3, 2, 2, .7, 0)
(3, 2, 2, .75, 0)
(3, 2, 2, .8, 0)
(3, 2, 2, .85, 0)
(3, 2, 2, .9, 0)
(3, 2, 2, .95, 0)
(3, 2, 2, 1, 0)
(3, 2, 3, 0, 1)
(3, 2, 3, .05, 1)
(3, 2, 3, .1, .540947)
(3, 2, 3, .15, .540947)
(3, 2, 3, .2, .261458)
(3, 2, 3, .25, .261458)
(3, 2, 3, .3, .093163)
(3, 2, 3, .35, .093163)
(3, 2, 3, .4, .0210368)
(3, 2, 3, .45, .0210368)
(3, 2, 3, .5, 0)
(3, 2, 3, .55, 0)
(3, 2, 3, .6, 0)
(3, 2, 3, .65, 0)
(3, 2, 3, .7, 0)
(3, 2, 3, .75, 0)
(3, 2, 3, .8, 0)
(3, 2, 3, .85, 0)
(3, 2, 3, .9, 0)
(3, 2, 3, .95, 0)
(3, 2, 3, 1, 0)
(3, 2, 4, 0, 1)
(3, 2, 4, .05, 1)
(3, 2, 4, .1, .486852)
(3, 2, 4, .15, .486852)
(3, 2, 4, .2, .191585)
(3, 2, 4, .25, .191585)
(3, 2, 4, .3, .0450789)
(3, 2, 4, .35, .0450789)
(3, 2, 4, .4, .00225394)
(3, 2, 4, .45, .00225394)
(3, 2, 4, .5, 0)
(3, 2, 4, .55, 0)
(3, 2, 4, .6, 0)
(3, 2, 4, .65, 0)
(3, 2, 4, .7, 0)
(3, 2, 4, .75, 0)
(3, 2, 4, .8, 0)
(3, 2, 4, .85, 0)
(3, 2, 4, .9, 0)
(3, 2, 4, .95, 0)
(3, 2, 4, 1, 0)
(3, 2, 5, 0, 1)
(3, 2, 5, .05, 1)
(3, 2, 5, .1, .432757)
(3, 2, 5, .15, .432757)
(3, 2, 5, .2, .132231)
(3, 2, 5, .25, .132231)
(3, 2, 5, .3, .0150263)
(3, 2, 5, .35, .0150263)
(3, 2, 5, .4, 0)
(3, 2, 5, .45, 0)
(3, 2, 5, .5, 0)
(3, 2, 5, .55, 0)
(3, 2, 5, .6, 0)
(3, 2, 5, .65, 0)
(3, 2, 5, .7, 0)
(3, 2, 5, .75, 0)
(3, 2, 5, .8, 0)
(3, 2, 5, .85, 0)
(3, 2, 5, .9, 0)
(3, 2, 5, .95, 0)
(3, 2, 5, 1, 0)
(3, 2, 6, 0, 1)
(3, 2, 6, .05, 1)
(3, 2, 6, .1, .378663)
(3, 2, 6, .15, .378663)
(3, 2, 6, .2, .0841473)
(3, 2, 6, .25, .0841473)
(3, 2, 6, .3, 0)
(3, 2, 6, .35, 0)
(3, 2, 6, .4, 0)
(3, 2, 6, .45, 0)
(3, 2, 6, .5, 0)
(3, 2, 6, .55, 0)
(3, 2, 6, .6, 0)
(3, 2, 6, .65, 0)
(3, 2, 6, .7, 0)
(3, 2, 6, .75, 0)
(3, 2, 6, .8, 0)
(3, 2, 6, .85, 0)
(3, 2, 6, .9, 0)
(3, 2, 6, .95, 0)
(3, 2, 6, 1, 0)
(3, 2, 7, 0, 1)
(3, 2, 7, .05, 1)
(3, 2, 7, .1, .324568)
(3, 2, 7, .15, .324568)
(3, 2, 7, .2, .0420736)
(3, 2, 7, .25, .0420736)
(3, 2, 7, .3, 0)
(3, 2, 7, .35, 0)
(3, 2, 7, .4, 0)
(3, 2, 7, .45, 0)
(3, 2, 7, .5, 0)
(3, 2, 7, .55, 0)
(3, 2, 7, .6, 0)
(3, 2, 7, .65, 0)
(3, 2, 7, .7, 0)
(3, 2, 7, .75, 0)
(3, 2, 7, .8, 0)
(3, 2, 7, .85, 0)
(3, 2, 7, .9, 0)
(3, 2, 7, .95, 0)
(3, 2, 7, 1, 0)
(3, 2, 8, 0, 1)
(3, 2, 8, .05, 1)
(3, 2, 8, .1, .283997)
(3, 2, 8, .15, .283997)
(3, 2, 8, .2, .0210368)
(3, 2, 8, .25, .0210368)
(3, 2, 8, .3, 0)
(3, 2, 8, .35, 0)
(3, 2, 8, .4, 0)
(3, 2, 8, .45, 0)
(3, 2, 8, .5, 0)
(3, 2, 8, .55, 0)
(3, 2, 8, .6, 0)
(3, 2, 8, .65, 0)
(3, 2, 8, .7, 0)
(3, 2, 8, .75, 0)
(3, 2, 8, .8, 0)
(3, 2, 8, .85, 0)
(3, 2, 8, .9, 0)
(3, 2, 8, .95, 0)
(3, 2, 8, 1, 0)
(3, 2, 9, 0, 1)
(3, 2, 9, .05, 1)
(3, 2, 9, .1, .243426)
(3, 2, 9, .15, .243426)
(3, 2, 9, .2, .0052592)
(3, 2, 9, .25, .0052592)
(3, 2, 9, .3, 0)
(3, 2, 9, .35, 0)
(3, 2, 9, .4, 0)
(3, 2, 9, .45, 0)
(3, 2, 9, .5, 0)
(3, 2, 9, .55, 0)
(3, 2, 9, .6, 0)
(3, 2, 9, .65, 0)
(3, 2, 9, .7, 0)
(3, 2, 9, .75, 0)
(3, 2, 9, .8, 0)
(3, 2, 9, .85, 0)
(3, 2, 9, .9, 0)
(3, 2, 9, .95, 0)
(3, 2, 9, 1, 0)
(3, 2, 10, 0, 1)
(3, 2, 10, .05, 1)
(3, 2, 10, .1, .202855)
(3, 2, 10, .15, .202855)
(3, 2, 10, .2, 0)
(3, 2, 10, .25, 0)
(3, 2, 10, .3, 0)
(3, 2, 10, .35, 0)
(3, 2, 10, .4, 0)
(3, 2, 10, .45, 0)
(3, 2, 10, .5, 0)
(3, 2, 10, .55, 0)
(3, 2, 10, .6, 0)
(3, 2, 10, .65, 0)
(3, 2, 10, .7, 0)
(3, 2, 10, .75, 0)
(3, 2, 10, .8, 0)
(3, 2, 10, .85, 0)
(3, 2, 10, .9, 0)
(3, 2, 10, .95, 0)
(3, 2, 10, 1, 0)
(3, 2, 11, 0, 1)
(3, 2, 11, .05, 1)
(3, 2, 11, .1, 0)
(3, 2, 11, .15, 0)
(3, 2, 11, .2, 0)
(3, 2, 11, .25, 0)
(3, 2, 11, .3, 0)
(3, 2, 11, .35, 0)
(3, 2, 11, .4, 0)
(3, 2, 11, .45, 0)
(3, 2, 11, .5, 0)
(3, 2, 11, .55, 0)
(3, 2, 11, .6, 0)
(3, 2, 11, .65, 0)
(3, 2, 11, .7, 0)
(3, 2, 11, .75, 0)
(3, 2, 11, .8, 0)
(3, 2, 11, .85, 0)
(3, 2, 11, .9, 0)
(3, 2, 11, .95, 0)
(3, 2, 11, 1, 0)
(3, 3, 1, 0, 1)
(3, 3, 1, .05, 1)
(3, 3, 1, .1, .601052)
(3, 3, 1, .15, .601052)
(3, 3, 1, .2, .33133)
(3, 3, 1, .25, .33133)
(3, 3, 1, .3, .144252)
(3, 3, 1, .35, .144252)
(3, 3, 1, .4, .0473328)
(3, 3, 1, .45, .0473328)
(3, 3, 1, .5, 0)
(3, 3, 1, .55, 0)
(3, 3, 1, .6, 0)
(3, 3, 1, .65, 0)
(3, 3, 1, .7, 0)
(3, 3, 1, .75, 0)
(3, 3, 1, .8, 0)
(3, 3, 1, .85, 0)
(3, 3, 1, .9, 0)
(3, 3, 1, .95, 0)
(3, 3, 1, 1, 0)
(3, 3, 2, 0, 1)
(3, 3, 2, .05, 1)
(3, 3, 2, .1, .540947)
(3, 3, 2, .15, .540947)
(3, 3, 2, .2, .261458)
(3, 3, 2, .25, .261458)
(3, 3, 2, .3, .093163)
(3, 3, 2, .35, .093163)
(3, 3, 2, .4, .0210368)
(3, 3, 2, .45, .0210368)
(3, 3, 2, .5, 0)
(3, 3, 2, .55, 0)
(3, 3, 2, .6, 0)
(3, 3, 2, .65, 0)
(3, 3, 2, .7, 0)
(3, 3, 2, .75, 0)
(3, 3, 2, .8, 0)
(3, 3, 2, .85, 0)
(3, 3, 2, .9, 0)
(3, 3, 2, .95, 0)
(3, 3, 2, 1, 0)
(3, 3, 3, 0, 1)
(3, 3, 3, .05, 1)
(3, 3, 3, .1, .480841)
(3, 3, 3, .15, .480841)
(3, 3, 3, .2, .199098)
(3, 3, 3, .25, .199098)
(3, 3, 3, .3, .0480841)
(3, 3, 3, .35, .0480841)
(3, 3, 3, .4, .00375657)
(3, 3, 3, .45, .00375657)
(3, 3, 3, .5, 0)
(3, 3, 3, .55, 0)
(3, 3, 3, .6, 0)
(3, 3, 3, .65, 0)
(3, 3, 3, .7, 0)
(3, 3, 3, .75, 0)
(3, 3, 3, .8, 0)
(3, 3, 3, .85, 0)
(3, 3, 3, .9, 0)
(3, 3, 3, .95, 0)
(3, 3, 3, 1, 0)
(3, 3, 4, 0, 1)
(3, 3, 4, .05, 1)
(3, 3, 4, .1, .432757)
(3, 3, 4, .15, .432757)
(3, 3, 4, .2, .144252)
(3, 3, 4, .25, .144252)
(3, 3, 4, .3, .0210368)
(3, 3, 4, .35, .0210368)
(3, 3, 4, .4, 0)
(3, 3, 4, .45, 0)
(3, 3, 4, .5, 0)
(3, 3, 4, .55, 0)
(3, 3, 4, .6, 0)
(3, 3, 4, .65, 0)
(3, 3, 4, .7, 0)
(3, 3, 4, .75, 0)
(3, 3, 4, .8, 0)
(3, 3, 4, .85, 0)
(3, 3, 4, .9, 0)
(3, 3, 4, .95, 0)
(3, 3, 4, 1, 0)
(3, 3, 5, 0, 1)
(3, 3, 5, .05, 1)
(3, 3, 5, .1, .384673)
(3, 3, 5, .15, .384673)
(3, 3, 5, .2, .0976709)
(3, 3, 5, .25, .0976709)
(3, 3, 5, .3, .00601052)
(3, 3, 5, .35, .00601052)
(3, 3, 5, .4, 0)
(3, 3, 5, .45, 0)
(3, 3, 5, .5, 0)
(3, 3, 5, .55, 0)
(3, 3, 5, .6, 0)
(3, 3, 5, .65, 0)
(3, 3, 5, .7, 0)
(3, 3, 5, .75, 0)
(3, 3, 5, .8, 0)
(3, 3, 5, .85, 0)
(3, 3, 5, .9, 0)
(3, 3, 5, .95, 0)
(3, 3, 5, 1, 0)
(3, 3, 6, 0, 1)
(3, 3, 6, .05, 1)
(3, 3, 6, .1, .336589)
(3, 3, 6, .15, .336589)
(3, 3, 6, .2, .0608565)
(3, 3, 6, .25, .0608565)
(3, 3, 6, .3, 0)
(3, 3, 6, .35, 0)
(3, 3, 6, .4, 0)
(3, 3, 6, .45, 0)
(3, 3, 6, .5, 0)
(3, 3, 6, .55, 0)
(3, 3, 6, .6, 0)
(3, 3, 6, .65, 0)
(3, 3, 6, .7, 0)
(3, 3, 6, .75, 0)
(3, 3, 6, .8, 0)
(3, 3, 6, .85, 0)
(3, 3, 6, .9, 0)
(3, 3, 6, .95, 0)
(3, 3, 6, 1, 0)
(3, 3, 7, 0, 1)
(3, 3, 7, .05, 1)
(3, 3, 7, .1, .288505)
(3, 3, 7, .15, .288505)
(3, 3, 7, .2, .0300526)
(3, 3, 7, .25, .0300526)
(3, 3, 7, .3, 0)
(3, 3, 7, .35, 0)
(3, 3, 7, .4, 0)
(3, 3, 7, .45, 0)
(3, 3, 7, .5, 0)
(3, 3, 7, .55, 0)
(3, 3, 7, .6, 0)
(3, 3, 7, .65, 0)
(3, 3, 7, .7, 0)
(3, 3, 7, .75, 0)
(3, 3, 7, .8, 0)
(3, 3, 7, .85, 0)
(3, 3, 7, .9, 0)
(3, 3, 7, .95, 0)
(3, 3, 7, 1, 0)
(3, 3, 8, 0, 1)
(3, 3, 8, .05, 1)
(3, 3, 8, .1, .252442)
(3, 3, 8, .15, .252442)
(3, 3, 8, .2, .0150263)
(3, 3, 8, .25, .0150263)
(3, 3, 8, .3, 0)
(3, 3, 8, .35, 0)
(3, 3, 8, .4, 0)
(3, 3, 8, .45, 0)
(3, 3, 8, .5, 0)
(3, 3, 8, .55, 0)
(3, 3, 8, .6, 0)
(3, 3, 8, .65, 0)
(3, 3, 8, .7, 0)
(3, 3, 8, .75, 0)
(3, 3, 8, .8, 0)
(3, 3, 8, .85, 0)
(3, 3, 8, .9, 0)
(3, 3, 8, .95, 0)
(3, 3, 8, 1, 0)
(3, 3, 9, 0, 1)
(3, 3, 9, .05, 1)
(3, 3, 9, .1, .216379)
(3, 3, 9, .15, .216379)
(3, 3, 9, .2, .00375657)
(3, 3, 9, .25, .00375657)
(3, 3, 9, .3, 0)
(3, 3, 9, .35, 0)
(3, 3, 9, .4, 0)
(3, 3, 9, .45, 0)
(3, 3, 9, .5, 0)
(3, 3, 9, .55, 0)
(3, 3, 9, .6, 0)
(3, 3, 9, .65, 0)
(3, 3, 9, .7, 0)
(3, 3, 9, .75, 0)
(3, 3, 9, .8, 0)
(3, 3, 9, .85, 0)
(3, 3, 9, .9, 0)
(3, 3, 9, .95, 0)
(3, 3, 9, 1, 0)
(3, 3, 10, 0, 1)
(3, 3, 10, .05, 1)
(3, 3, 10, .1, .180316)
(3, 3, 10, .15, .180316)
(3, 3, 10, .2, 0)
(3, 3, 10, .25, 0)
(3, 3, 10, .3, 0)
(3, 3, 10, .35, 0)
(3, 3, 10, .4, 0)
(3, 3, 10, .45, 0)
(3, 3, 10, .5, 0)
(3, 3, 10, .55, 0)
(3, 3, 10, .6, 0)
(3, 3, 10, .65, 0)
(3, 3, 10, .7, 0)
(3, 3, 10, .75, 0)
(3, 3, 10, .8, 0)
(3, 3, 10, .85, 0)
(3, 3, 10, .9, 0)
(3, 3, 10, .95, 0)
(3, 3, 10, 1, 0)
(3, 3, 11, 0, 1)
(3, 3, 11, .05, 1)
(3, 3, 11, .1, 0)
(3, 3, 11, .15, 0)
(3, 3, 11, .2, 0)
(3, 3, 11, .25, 0)
(3, 3, 11, .3, 0)
(3, 3, 11, .35, 0)
(3, 3, 11, .4, 0)
(3, 3, 11, .45, 0)
(3, 3, 11, .5, 0)
(3, 3, 11, .55, 0)
(3, 3, 11, .6, 0)
(3, 3, 11, .65, 0)
(3, 3, 11, .7, 0)
(3, 3, 11, .75, 0)
(3, 3, 11, .8, 0)
(3, 3, 11, .85, 0)
(3, 3, 11, .9, 0)
(3, 3, 11, .95, 0)
(3, 3, 11, 1, 0)
(3, 4, 1, 0, 1)
(3, 4, 1, .05, 1)
(3, 4, 1, .1, .540947)
(3, 4, 1, .15, .540947)
(3, 4, 1, .2, .243426)
(3, 4, 1, .25, .243426)
(3, 4, 1, .3, .0721262)
(3, 4, 1, .35, .0721262)
(3, 4, 1, .4, .0052592)
(3, 4, 1, .45, .0052592)
(3, 4, 1, .5, 0)
(3, 4, 1, .55, 0)
(3, 4, 1, .6, 0)
(3, 4, 1, .65, 0)
(3, 4, 1, .7, 0)
(3, 4, 1, .75, 0)
(3, 4, 1, .8, 0)
(3, 4, 1, .85, 0)
(3, 4, 1, .9, 0)
(3, 4, 1, .95, 0)
(3, 4, 1, 1, 0)
(3, 4, 2, 0, 1)
(3, 4, 2, .05, 1)
(3, 4, 2, .1, .486852)
(3, 4, 2, .15, .486852)
(3, 4, 2, .2, .191585)
(3, 4, 2, .25, .191585)
(3, 4, 2, .3, .0450789)
(3, 4, 2, .35, .0450789)
(3, 4, 2, .4, .00225394)
(3, 4, 2, .45, .00225394)
(3, 4, 2, .5, 0)
(3, 4, 2, .55, 0)
(3, 4, 2, .6, 0)
(3, 4, 2, .65, 0)
(3, 4, 2, .7, 0)
(3, 4, 2, .75, 0)
(3, 4, 2, .8, 0)
(3, 4, 2, .85, 0)
(3, 4, 2, .9, 0)
(3, 4, 2, .95, 0)
(3, 4, 2, 1, 0)
(3, 4, 3, 0, 1)
(3, 4, 3, .05, 1)
(3, 4, 3, .1, .432757)
(3, 4, 3, .15, .432757)
(3, 4, 3, .2, .144252)
(3, 4, 3, .25, .144252)
(3, 4, 3, .3, .0210368)
(3, 4, 3, .35, .0210368)
(3, 4, 3, .4, 0)
(3, 4, 3, .45, 0)
(3, 4, 3, .5, 0)
(3, 4, 3, .55, 0)
(3, 4, 3, .6, 0)
(3, 4, 3, .65, 0)
(3, 4, 3, .7, 0)
(3, 4, 3, .75, 0)
(3, 4, 3, .8, 0)
(3, 4, 3, .85, 0)
(3, 4, 3, .9, 0)
(3, 4, 3, .95, 0)
(3, 4, 3, 1, 0)
(3, 4, 4, 0, 1)
(3, 4, 4, .05, 1)
(3, 4, 4, .1, .389181)
(3, 4, 4, .15, .389181)
(3, 4, 4, .2, .102179)
(3, 4, 4, .25, .102179)
(3, 4, 4, .3, .00601052)
(3, 4, 4, .35, .00601052)
(3, 4, 4, .4, 0)
(3, 4, 4, .45, 0)
(3, 4, 4, .5, 0)
(3, 4, 4, .55, 0)
(3, 4, 4, .6, 0)
(3, 4, 4, .65, 0)
(3, 4, 4, .7, 0)
(3, 4, 4, .75, 0)
(3, 4, 4, .8, 0)
(3, 4, 4, .85, 0)
(3, 4, 4, .9, 0)
(3, 4, 4, .95, 0)
(3, 4, 4, 1, 0)
(3, 4, 5, 0, 1)
(3, 4, 5, .05, 1)
(3, 4, 5, .1, .345605)
(3, 4, 5, .15, .345605)
(3, 4, 5, .2, .066867)
(3, 4, 5, .25, .066867)
(3, 4, 5, .3, 0)
(3, 4, 5, .35, 0)
(3, 4, 5, .4, 0)
(3, 4, 5, .45, 0)
(3, 4, 5, .5, 0)
(3, 4, 5, .55, 0)
(3, 4, 5, .6, 0)
(3, 4, 5, .65, 0)
(3, 4, 5, .7, 0)
(3, 4, 5, .75, 0)
(3, 4, 5, .8, 0)
(3, 4, 5, .85, 0)
(3, 4, 5, .9, 0)
(3, 4, 5, .95, 0)
(3, 4, 5, 1, 0)
(3, 4, 6, 0, 1)
(3, 4, 6, .05, 1)
(3, 4, 6, .1, .302029)
(3, 4, 6, .15, .302029)
(3, 4, 6, .2, .0398197)
(3, 4, 6, .25, .0398197)
(3, 4, 6, .3, 0)
(3, 4, 6, .35, 0)
(3, 4, 6, .4, 0)
(3, 4, 6, .45, 0)
(3, 4, 6, .5, 0)
(3, 4, 6, .55, 0)
(3, 4, 6, .6, 0)
(3, 4, 6, .65, 0)
(3, 4, 6, .7, 0)
(3, 4, 6, .75, 0)
(3, 4, 6, .8, 0)
(3, 4, 6, .85, 0)
(3, 4, 6, .9, 0)
(3, 4, 6, .95, 0)
(3, 4, 6, 1, 0)
(3, 4, 7, 0, 1)
(3, 4, 7, .05, 1)
(3, 4, 7, .1, .258452)
(3, 4, 7, .15, .258452)
(3, 4, 7, .2, .0187829)
(3, 4, 7, .25, .0187829)
(3, 4, 7, .3, 0)
(3, 4, 7, .35, 0)
(3, 4, 7, .4, 0)
(3, 4, 7, .45, 0)
(3, 4, 7, .5, 0)
(3, 4, 7, .55, 0)
(3, 4, 7, .6, 0)
(3, 4, 7, .65, 0)
(3, 4, 7, .7, 0)
(3, 4, 7, .75, 0)
(3, 4, 7, .8, 0)
(3, 4, 7, .85, 0)
(3, 4, 7, .9, 0)
(3, 4, 7, .95, 0)
(3, 4, 7, 1, 0)
(3, 4, 8, 0, 1)
(3, 4, 8, .05, 1)
(3, 4, 8, .1, .225394)
(3, 4, 8, .15, .225394)
(3, 4, 8, .2, .00901578)
(3, 4, 8, .25, .00901578)
(3, 4, 8, .3, 0)
(3, 4, 8, .35, 0)
(3, 4, 8, .4, 0)
(3, 4, 8, .45, 0)
(3, 4, 8, .5, 0)
(3, 4, 8, .55, 0)
(3, 4, 8, .6, 0)
(3, 4, 8, .65, 0)
(3, 4, 8, .7, 0)
(3, 4, 8, .75, 0)
(3, 4, 8, .8, 0)
(3, 4, 8, .85, 0)
(3, 4, 8, .9, 0)
(3, 4, 8, .95, 0)
(3, 4, 8, 1, 0)
(3, 4, 9, 0, 1)
(3, 4, 9, .05, 1)
(3, 4, 9, .1, .192337)
(3, 4, 9, .15, .192337)
(3, 4, 9, .2, .00225394)
(3, 4, 9, .25, .00225394)
(3, 4, 9, .3, 0)
(3, 4, 9, .35, 0)
(3, 4, 9, .4, 0)
(3, 4, 9, .45, 0)
(3, 4, 9, .5, 0)
(3, 4, 9, .55, 0)
(3, 4, 9, .6, 0)
(3, 4, 9, .65, 0)
(3, 4, 9, .7, 0)
(3, 4, 9, .75, 0)
(3, 4, 9, .8, 0)
(3, 4, 9, .85, 0)
(3, 4, 9, .9, 0)
(3, 4, 9, .95, 0)
(3, 4, 9, 1, 0)
(3, 4, 10, 0, 1)
(3, 4, 10, .05, 1)
(3, 4, 10, .1, .159279)
(3, 4, 10, .15, .159279)
(3, 4, 10, .2, 0)
(3, 4, 10, .25, 0)
(3, 4, 10, .3, 0)
(3, 4, 10, .35, 0)
(3, 4, 10, .4, 0)
(3, 4, 10, .45, 0)
(3, 4, 10, .5, 0)
(3, 4, 10, .55, 0)
(3, 4, 10, .6, 0)
(3, 4, 10, .65, 0)
(3, 4, 10, .7, 0)
(3, 4, 10, .75, 0)
(3, 4, 10, .8, 0)
(3, 4, 10, .85, 0)
(3, 4, 10, .9, 0)
(3, 4, 10, .95, 0)
(3, 4, 10, 1, 0)
(3, 4, 11, 0, 1)
(3, 4, 11, .05, 1)
(3, 4, 11, .1, 0)
(3, 4, 11, .15, 0)
(3, 4, 11, .2, 0)
(3, 4, 11, .25, 0)
(3, 4, 11, .3, 0)
(3, 4, 11, .35, 0)
(3, 4, 11, .4, 0)
(3, 4, 11, .45, 0)
(3, 4, 11, .5, 0)
(3, 4, 11, .55, 0)
(3, 4, 11, .6, 0)
(3, 4, 11, .65, 0)
(3, 4, 11, .7, 0)
(3, 4, 11, .75, 0)
(3, 4, 11, .8, 0)
(3, 4, 11, .85, 0)
(3, 4, 11, .9, 0)
(3, 4, 11, .95, 0)
(3, 4, 11, 1, 0)
(3, 5, 1, 0, 1)
(3, 5, 1, .05, 1)
(3, 5, 1, .1, .480841)
(3, 5, 1, .15, .480841)
(3, 5, 1, .2, .169046)
(3, 5, 1, .25, .169046)
(3, 5, 1, .3, .0240421)
(3, 5, 1, .35, .0240421)
(3, 5, 1, .4, 0)
(3, 5, 1, .45, 0)
(3, 5, 1, .5, 0)
(3, 5, 1, .55, 0)
(3, 5, 1, .6, 0)
(3, 5, 1, .65, 0)
(3, 5, 1, .7, 0)
(3, 5, 1, .75, 0)
(3, 5, 1, .8, 0)
(3, 5, 1, .85, 0)
(3, 5, 1, .9, 0)
(3, 5, 1, .95, 0)
(3, 5, 1, 1, 0)
(3, 5, 2, 0, 1)
(3, 5, 2, .05, 1)
(3, 5, 2, .1, .432757)
(3, 5, 2, .15, .432757)
(3, 5, 2, .2, .132231)
(3, 5, 2, .25, .132231)
(3, 5, 2, .3, .0150263)
(3, 5, 2, .35, .0150263)
(3, 5, 2, .4, 0)
(3, 5, 2, .45, 0)
(3, 5, 2, .5, 0)
(3, 5, 2, .55, 0)
(3, 5, 2, .6, 0)
(3, 5, 2, .65, 0)
(3, 5, 2, .7, 0)
(3, 5, 2, .75, 0)
(3, 5, 2, .8, 0)
(3, 5, 2, .85, 0)
(3, 5, 2, .9, 0)
(3, 5, 2, .95, 0)
(3, 5, 2, 1, 0)
(3, 5, 3, 0, 1)
(3, 5, 3, .05, 1)
(3, 5, 3, .1, .384673)
(3, 5, 3, .15, .384673)
(3, 5, 3, .2, .0976709)
(3, 5, 3, .25, .0976709)
(3, 5, 3, .3, .00601052)
(3, 5, 3, .35, .00601052)
(3, 5, 3, .4, 0)
(3, 5, 3, .45, 0)
(3, 5, 3, .5, 0)
(3, 5, 3, .55, 0)
(3, 5, 3, .6, 0)
(3, 5, 3, .65, 0)
(3, 5, 3, .7, 0)
(3, 5, 3, .75, 0)
(3, 5, 3, .8, 0)
(3, 5, 3, .85, 0)
(3, 5, 3, .9, 0)
(3, 5, 3, .95, 0)
(3, 5, 3, 1, 0)
(3, 5, 4, 0, 1)
(3, 5, 4, .05, 1)
(3, 5, 4, .1, .345605)
(3, 5, 4, .15, .345605)
(3, 5, 4, .2, .066867)
(3, 5, 4, .25, .066867)
(3, 5, 4, .3, 0)
(3, 5, 4, .35, 0)
(3, 5, 4, .4, 0)
(3, 5, 4, .45, 0)
(3, 5, 4, .5, 0)
(3, 5, 4, .55, 0)
(3, 5, 4, .6, 0)
(3, 5, 4, .65, 0)
(3, 5, 4, .7, 0)
(3, 5, 4, .75, 0)
(3, 5, 4, .8, 0)
(3, 5, 4, .85, 0)
(3, 5, 4, .9, 0)
(3, 5, 4, .95, 0)
(3, 5, 4, 1, 0)
(3, 5, 5, 0, 1)
(3, 5, 5, .05, 1)
(3, 5, 5, .1, .306536)
(3, 5, 5, .15, .306536)
(3, 5, 5, .2, .0413223)
(3, 5, 5, .25, .0413223)
(3, 5, 5, .3, 0)
(3, 5, 5, .35, 0)
(3, 5, 5, .4, 0)
(3, 5, 5, .45, 0)
(3, 5, 5, .5, 0)
(3, 5, 5, .55, 0)
(3, 5, 5, .6, 0)
(3, 5, 5, .65, 0)
(3, 5, 5, .7, 0)
(3, 5, 5, .75, 0)
(3, 5, 5, .8, 0)
(3, 5, 5, .85, 0)
(3, 5, 5, .9, 0)
(3, 5, 5, .95, 0)
(3, 5, 5, 1, 0)
(3, 5, 6, 0, 1)
(3, 5, 6, .05, 1)
(3, 5, 6, .1, .267468)
(3, 5, 6, .15, .267468)
(3, 5, 6, .2, .0225394)
(3, 5, 6, .25, .0225394)
(3, 5, 6, .3, 0)
(3, 5, 6, .35, 0)
(3, 5, 6, .4, 0)
(3, 5, 6, .45, 0)
(3, 5, 6, .5, 0)
(3, 5, 6, .55, 0)
(3, 5, 6, .6, 0)
(3, 5, 6, .65, 0)
(3, 5, 6, .7, 0)
(3, 5, 6, .75, 0)
(3, 5, 6, .8, 0)
(3, 5, 6, .85, 0)
(3, 5, 6, .9, 0)
(3, 5, 6, .95, 0)
(3, 5, 6, 1, 0)
(3, 5, 7, 0, 1)
(3, 5, 7, .05, 1)
(3, 5, 7, .1, .2284)
(3, 5, 7, .15, .2284)
(3, 5, 7, .2, .00901578)
(3, 5, 7, .25, .00901578)
(3, 5, 7, .3, 0)
(3, 5, 7, .35, 0)
(3, 5, 7, .4, 0)
(3, 5, 7, .45, 0)
(3, 5, 7, .5, 0)
(3, 5, 7, .55, 0)
(3, 5, 7, .6, 0)
(3, 5, 7, .65, 0)
(3, 5, 7, .7, 0)
(3, 5, 7, .75, 0)
(3, 5, 7, .8, 0)
(3, 5, 7, .85, 0)
(3, 5, 7, .9, 0)
(3, 5, 7, .95, 0)
(3, 5, 7, 1, 0)
(3, 5, 8, 0, 1)
(3, 5, 8, .05, 1)
(3, 5, 8, .1, .198347)
(3, 5, 8, .15, .198347)
(3, 5, 8, .2, .00375657)
(3, 5, 8, .25, .00375657)
(3, 5, 8, .3, 0)
(3, 5, 8, .35, 0)
(3, 5, 8, .4, 0)
(3, 5, 8, .45, 0)
(3, 5, 8, .5, 0)
(3, 5, 8, .55, 0)
(3, 5, 8, .6, 0)
(3, 5, 8, .65, 0)
(3, 5, 8, .7, 0)
(3, 5, 8, .75, 0)
(3, 5, 8, .8, 0)
(3, 5, 8, .85, 0)
(3, 5, 8, .9, 0)
(3, 5, 8, .95, 0)
(3, 5, 8, 1, 0)
(3, 5, 9, 0, 1)
(3, 5, 9, .05, 1)
(3, 5, 9, .1, .168295)
(3, 5, 9, .15, .168295)
(3, 5, 9, .2, .000751315)
(3, 5, 9, .25, .000751315)
(3, 5, 9, .3, 0)
(3, 5, 9, .35, 0)
(3, 5, 9, .4, 0)
(3, 5, 9, .45, 0)
(3, 5, 9, .5, 0)
(3, 5, 9, .55, 0)
(3, 5, 9, .6, 0)
(3, 5, 9, .65, 0)
(3, 5, 9, .7, 0)
(3, 5, 9, .75, 0)
(3, 5, 9, .8, 0)
(3, 5, 9, .85, 0)
(3, 5, 9, .9, 0)
(3, 5, 9, .95, 0)
(3, 5, 9, 1, 0)
(3, 5, 10, 0, 1)
(3, 5, 10, .05, 1)
(3, 5, 10, .1, .138242)
(3, 5, 10, .15, .138242)
(3, 5, 10, .2, 0)
(3, 5, 10, .25, 0)
(3, 5, 10, .3, 0)
(3, 5, 10, .35, 0)
(3, 5, 10, .4, 0)
(3, 5, 10, .45, 0)
(3, 5, 10, .5, 0)
(3, 5, 10, .55, 0)
(3, 5, 10, .6, 0)
(3, 5, 10, .65, 0)
(3, 5, 10, .7, 0)
(3, 5, 10, .75, 0)
(3, 5, 10, .8, 0)
(3, 5, 10, .85, 0)
(3, 5, 10, .9, 0)
(3, 5, 10, .95, 0)
(3, 5, 10, 1, 0)
(3, 5, 11, 0, 1)
(3, 5, 11, .05, 1)
(3, 5, 11, .1, 0)
(3, 5, 11, .15, 0)
(3, 5, 11, .2, 0)
(3, 5, 11, .25, 0)
(3, 5, 11, .3, 0)
(3, 5, 11, .35, 0)
(3, 5, 11, .4, 0)
(3, 5, 11, .45, 0)
(3, 5, 11, .5, 0)
(3, 5, 11, .55, 0)
(3, 5, 11, .6, 0)
(3, 5, 11, .65, 0)
(3, 5, 11, .7, 0)
(3, 5, 11, .75, 0)
(3, 5, 11, .8, 0)
(3, 5, 11, .85, 0)
(3, 5, 11, .9, 0)
(3, 5, 11, .95, 0)
(3, 5, 11, 1, 0)
(3, 6, 1, 0, 1)
(3, 6, 1, .05, 1)
(3, 6, 1, .1, .420736)
(3, 6, 1, .15, .420736)
(3, 6, 1, .2, .108189)
(3, 6, 1, .25, .108189)
(3, 6, 1, .3, 0)
(3, 6, 1, .35, 0)
(3, 6, 1, .4, 0)
(3, 6, 1, .45, 0)
(3, 6, 1, .5, 0)
(3, 6, 1, .55, 0)
(3, 6, 1, .6, 0)
(3, 6, 1, .65, 0)
(3, 6, 1, .7, 0)
(3, 6, 1, .75, 0)
(3, 6, 1, .8, 0)
(3, 6, 1, .85, 0)
(3, 6, 1, .9, 0)
(3, 6, 1, .95, 0)
(3, 6, 1, 1, 0)
(3, 6, 2, 0, 1)
(3, 6, 2, .05, 1)
(3, 6, 2, .1, .378663)
(3, 6, 2, .15, .378663)
(3, 6, 2, .2, .0841473)
(3, 6, 2, .25, .0841473)
(3, 6, 2, .3, 0)
(3, 6, 2, .35, 0)
(3, 6, 2, .4, 0)
(3, 6, 2, .45, 0)
(3, 6, 2, .5, 0)
(3, 6, 2, .55, 0)
(3, 6, 2, .6, 0)
(3, 6, 2, .65, 0)
(3, 6, 2, .7, 0)
(3, 6, 2, .75, 0)
(3, 6, 2, .8, 0)
(3, 6, 2, .85, 0)
(3, 6, 2, .9, 0)
(3, 6, 2, .95, 0)
(3, 6, 2, 1, 0)
(3, 6, 3, 0, 1)
(3, 6, 3, .05, 1)
(3, 6, 3, .1, .336589)
(3, 6, 3, .15, .336589)
(3, 6, 3, .2, .0608565)
(3, 6, 3, .25, .0608565)
(3, 6, 3, .3, 0)
(3, 6, 3, .35, 0)
(3, 6, 3, .4, 0)
(3, 6, 3, .45, 0)
(3, 6, 3, .5, 0)
(3, 6, 3, .55, 0)
(3, 6, 3, .6, 0)
(3, 6, 3, .65, 0)
(3, 6, 3, .7, 0)
(3, 6, 3, .75, 0)
(3, 6, 3, .8, 0)
(3, 6, 3, .85, 0)
(3, 6, 3, .9, 0)
(3, 6, 3, .95, 0)
(3, 6, 3, 1, 0)
(3, 6, 4, 0, 1)
(3, 6, 4, .05, 1)
(3, 6, 4, .1, .302029)
(3, 6, 4, .15, .302029)
(3, 6, 4, .2, .0398197)
(3, 6, 4, .25, .0398197)
(3, 6, 4, .3, 0)
(3, 6, 4, .35, 0)
(3, 6, 4, .4, 0)
(3, 6, 4, .45, 0)
(3, 6, 4, .5, 0)
(3, 6, 4, .55, 0)
(3, 6, 4, .6, 0)
(3, 6, 4, .65, 0)
(3, 6, 4, .7, 0)
(3, 6, 4, .75, 0)
(3, 6, 4, .8, 0)
(3, 6, 4, .85, 0)
(3, 6, 4, .9, 0)
(3, 6, 4, .95, 0)
(3, 6, 4, 1, 0)
(3, 6, 5, 0, 1)
(3, 6, 5, .05, 1)
(3, 6, 5, .1, .267468)
(3, 6, 5, .15, .267468)
(3, 6, 5, .2, .0225394)
(3, 6, 5, .25, .0225394)
(3, 6, 5, .3, 0)
(3, 6, 5, .35, 0)
(3, 6, 5, .4, 0)
(3, 6, 5, .45, 0)
(3, 6, 5, .5, 0)
(3, 6, 5, .55, 0)
(3, 6, 5, .6, 0)
(3, 6, 5, .65, 0)
(3, 6, 5, .7, 0)
(3, 6, 5, .75, 0)
(3, 6, 5, .8, 0)
(3, 6, 5, .85, 0)
(3, 6, 5, .9, 0)
(3, 6, 5, .95, 0)
(3, 6, 5, 1, 0)
(3, 6, 6, 0, 1)
(3, 6, 6, .05, 1)
(3, 6, 6, .1, .232908)
(3, 6, 6, .15, .232908)
(3, 6, 6, .2, .0105184)
(3, 6, 6, .25, .0105184)
(3, 6, 6, .3, 0)
(3, 6, 6, .35, 0)
(3, 6, 6, .4, 0)
(3, 6, 6, .45, 0)
(3, 6, 6, .5, 0)
(3, 6, 6, .55, 0)
(3, 6, 6, .6, 0)
(3, 6, 6, .65, 0)
(3, 6, 6, .7, 0)
(3, 6, 6, .75, 0)
(3, 6, 6, .8, 0)
(3, 6, 6, .85, 0)
(3, 6, 6, .9, 0)
(3, 6, 6, .95, 0)
(3, 6, 6, 1, 0)
(3, 6, 7, 0, 1)
(3, 6, 7, .05, 1)
(3, 6, 7, .1, .198347)
(3, 6, 7, .15, .198347)
(3, 6, 7, .2, .00300526)
(3, 6, 7, .25, .00300526)
(3, 6, 7, .3, 0)
(3, 6, 7, .35, 0)
(3, 6, 7, .4, 0)
(3, 6, 7, .45, 0)
(3, 6, 7, .5, 0)
(3, 6, 7, .55, 0)
(3, 6, 7, .6, 0)
(3, 6, 7, .65, 0)
(3, 6, 7, .7, 0)
(3, 6, 7, .75, 0)
(3, 6, 7, .8, 0)
(3, 6, 7, .85, 0)
(3, 6, 7, .9, 0)
(3, 6, 7, .95, 0)
(3, 6, 7, 1, 0)
(3, 6, 8, 0, 1)
(3, 6, 8, .05, 1)
(3, 6, 8, .1, .1713)
(3, 6, 8, .15, .1713)
(3, 6, 8, .2, .000751315)
(3, 6, 8, .25, .000751315)
(3, 6, 8, .3, 0)
(3, 6, 8, .35, 0)
(3, 6, 8, .4, 0)
(3, 6, 8, .45, 0)
(3, 6, 8, .5, 0)
(3, 6, 8, .55, 0)
(3, 6, 8, .6, 0)
(3, 6, 8, .65, 0)
(3, 6, 8, .7, 0)
(3, 6, 8, .75, 0)
(3, 6, 8, .8, 0)
(3, 6, 8, .85, 0)
(3, 6, 8, .9, 0)
(3, 6, 8, .95, 0)
(3, 6, 8, 1, 0)
(3, 6, 9, 0, 1)
(3, 6, 9, .05, 1)
(3, 6, 9, .1, .144252)
(3, 6, 9, .15, .144252)
(3, 6, 9, .2, 0)
(3, 6, 9, .25, 0)
(3, 6, 9, .3, 0)
(3, 6, 9, .35, 0)
(3, 6, 9, .4, 0)
(3, 6, 9, .45, 0)
(3, 6, 9, .5, 0)
(3, 6, 9, .55, 0)
(3, 6, 9, .6, 0)
(3, 6, 9, .65, 0)
(3, 6, 9, .7, 0)
(3, 6, 9, .75, 0)
(3, 6, 9, .8, 0)
(3, 6, 9, .85, 0)
(3, 6, 9, .9, 0)
(3, 6, 9, .95, 0)
(3, 6, 9, 1, 0)
(3, 6, 10, 0, 1)
(3, 6, 10, .05, 1)
(3, 6, 10, .1, .118708)
(3, 6, 10, .15, .118708)
(3, 6, 10, .2, 0)
(3, 6, 10, .25, 0)
(3, 6, 10, .3, 0)
(3, 6, 10, .35, 0)
(3, 6, 10, .4, 0)
(3, 6, 10, .45, 0)
(3, 6, 10, .5, 0)
(3, 6, 10, .55, 0)
(3, 6, 10, .6, 0)
(3, 6, 10, .65, 0)
(3, 6, 10, .7, 0)
(3, 6, 10, .75, 0)
(3, 6, 10, .8, 0)
(3, 6, 10, .85, 0)
(3, 6, 10, .9, 0)
(3, 6, 10, .95, 0)
(3, 6, 10, 1, 0)
(3, 6, 11, 0, 1)
(3, 6, 11, .05, 1)
(3, 6, 11, .1, 0)
(3, 6, 11, .15, 0)
(3, 6, 11, .2, 0)
(3, 6, 11, .25, 0)
(3, 6, 11, .3, 0)
(3, 6, 11, .35, 0)
(3, 6, 11, .4, 0)
(3, 6, 11, .45, 0)
(3, 6, 11, .5, 0)
(3, 6, 11, .55, 0)
(3, 6, 11, .6, 0)
(3, 6, 11, .65, 0)
(3, 6, 11, .7, 0)
(3, 6, 11, .75, 0)
(3, 6, 11, .8, 0)
(3, 6, 11, .85, 0)
(3, 6, 11, .9, 0)
(3, 6, 11, .95, 0)
(3, 6, 11, 1, 0)
(3, 7, 1, 0, 1)
(3, 7, 1, .05, 1)
(3, 7, 1, .1, .360631)
(3, 7, 1, .15, .360631)
(3, 7, 1, .2, .0540947)
(3, 7, 1, .25, .0540947)
(3, 7, 1, .3, 0)
(3, 7, 1, .35, 0)
(3, 7, 1, .4, 0)
(3, 7, 1, .45, 0)
(3, 7, 1, .5, 0)
(3, 7, 1, .55, 0)
(3, 7, 1, .6, 0)
(3, 7, 1, .65, 0)
(3, 7, 1, .7, 0)
(3, 7, 1, .75, 0)
(3, 7, 1, .8, 0)
(3, 7, 1, .85, 0)
(3, 7, 1, .9, 0)
(3, 7, 1, .95, 0)
(3, 7, 1, 1, 0)
(3, 7, 2, 0, 1)
(3, 7, 2, .05, 1)
(3, 7, 2, .1, .324568)
(3, 7, 2, .15, .324568)
(3, 7, 2, .2, .0420736)
(3, 7, 2, .25, .0420736)
(3, 7, 2, .3, 0)
(3, 7, 2, .35, 0)
(3, 7, 2, .4, 0)
(3, 7, 2, .45, 0)
(3, 7, 2, .5, 0)
(3, 7, 2, .55, 0)
(3, 7, 2, .6, 0)
(3, 7, 2, .65, 0)
(3, 7, 2, .7, 0)
(3, 7, 2, .75, 0)
(3, 7, 2, .8, 0)
(3, 7, 2, .85, 0)
(3, 7, 2, .9, 0)
(3, 7, 2, .95, 0)
(3, 7, 2, 1, 0)
(3, 7, 3, 0, 1)
(3, 7, 3, .05, 1)
(3, 7, 3, .1, .288505)
(3, 7, 3, .15, .288505)
(3, 7, 3, .2, .0300526)
(3, 7, 3, .25, .0300526)
(3, 7, 3, .3, 0)
(3, 7, 3, .35, 0)
(3, 7, 3, .4, 0)
(3, 7, 3, .45, 0)
(3, 7, 3, .5, 0)
(3, 7, 3, .55, 0)
(3, 7, 3, .6, 0)
(3, 7, 3, .65, 0)
(3, 7, 3, .7, 0)
(3, 7, 3, .75, 0)
(3, 7, 3, .8, 0)
(3, 7, 3, .85, 0)
(3, 7, 3, .9, 0)
(3, 7, 3, .95, 0)
(3, 7, 3, 1, 0)
(3, 7, 4, 0, 1)
(3, 7, 4, .05, 1)
(3, 7, 4, .1, .258452)
(3, 7, 4, .15, .258452)
(3, 7, 4, .2, .0187829)
(3, 7, 4, .25, .0187829)
(3, 7, 4, .3, 0)
(3, 7, 4, .35, 0)
(3, 7, 4, .4, 0)
(3, 7, 4, .45, 0)
(3, 7, 4, .5, 0)
(3, 7, 4, .55, 0)
(3, 7, 4, .6, 0)
(3, 7, 4, .65, 0)
(3, 7, 4, .7, 0)
(3, 7, 4, .75, 0)
(3, 7, 4, .8, 0)
(3, 7, 4, .85, 0)
(3, 7, 4, .9, 0)
(3, 7, 4, .95, 0)
(3, 7, 4, 1, 0)
(3, 7, 5, 0, 1)
(3, 7, 5, .05, 1)
(3, 7, 5, .1, .2284)
(3, 7, 5, .15, .2284)
(3, 7, 5, .2, .00901578)
(3, 7, 5, .25, .00901578)
(3, 7, 5, .3, 0)
(3, 7, 5, .35, 0)
(3, 7, 5, .4, 0)
(3, 7, 5, .45, 0)
(3, 7, 5, .5, 0)
(3, 7, 5, .55, 0)
(3, 7, 5, .6, 0)
(3, 7, 5, .65, 0)
(3, 7, 5, .7, 0)
(3, 7, 5, .75, 0)
(3, 7, 5, .8, 0)
(3, 7, 5, .85, 0)
(3, 7, 5, .9, 0)
(3, 7, 5, .95, 0)
(3, 7, 5, 1, 0)
(3, 7, 6, 0, 1)
(3, 7, 6, .05, 1)
(3, 7, 6, .1, .198347)
(3, 7, 6, .15, .198347)
(3, 7, 6, .2, .00300526)
(3, 7, 6, .25, .00300526)
(3, 7, 6, .3, 0)
(3, 7, 6, .35, 0)
(3, 7, 6, .4, 0)
(3, 7, 6, .45, 0)
(3, 7, 6, .5, 0)
(3, 7, 6, .55, 0)
(3, 7, 6, .6, 0)
(3, 7, 6, .65, 0)
(3, 7, 6, .7, 0)
(3, 7, 6, .75, 0)
(3, 7, 6, .8, 0)
(3, 7, 6, .85, 0)
(3, 7, 6, .9, 0)
(3, 7, 6, .95, 0)
(3, 7, 6, 1, 0)
(3, 7, 7, 0, 1)
(3, 7, 7, .05, 1)
(3, 7, 7, .1, .168295)
(3, 7, 7, .15, .168295)
(3, 7, 7, .2, .000751315)
(3, 7, 7, .25, .000751315)
(3, 7, 7, .3, 0)
(3, 7, 7, .35, 0)
(3, 7, 7, .4, 0)
(3, 7, 7, .45, 0)
(3, 7, 7, .5, 0)
(3, 7, 7, .55, 0)
(3, 7, 7, .6, 0)
(3, 7, 7, .65, 0)
(3, 7, 7, .7, 0)
(3, 7, 7, .75, 0)
(3, 7, 7, .8, 0)
(3, 7, 7, .85, 0)
(3, 7, 7, .9, 0)
(3, 7, 7, .95, 0)
(3, 7, 7, 1, 0)
(3, 7, 8, 0, 1)
(3, 7, 8, .05, 1)
(3, 7, 8, .1, .144252)
(3, 7, 8, .15, .144252)
(3, 7, 8, .2, 0)
(3, 7, 8, .25, 0)
(3, 7, 8, .3, 0)
(3, 7, 8, .35, 0)
(3, 7, 8, .4, 0)
(3, 7, 8, .45, 0)
(3, 7, 8, .5, 0)
(3, 7, 8, .55, 0)
(3, 7, 8, .6, 0)
(3, 7, 8, .65, 0)
(3, 7, 8, .7, 0)
(3, 7, 8, .75, 0)
(3, 7, 8, .8, 0)
(3, 7, 8, .85, 0)
(3, 7, 8, .9, 0)
(3, 7, 8, .95, 0)
(3, 7, 8, 1, 0)
(3, 7, 9, 0, 1)
(3, 7, 9, .05, 1)
(3, 7, 9, .1, .12021)
(3, 7, 9, .15, .12021)
(3, 7, 9, .2, 0)
(3, 7, 9, .25, 0)
(3, 7, 9, .3, 0)
(3, 7, 9, .35, 0)
(3, 7, 9, .4, 0)
(3, 7, 9, .45, 0)
(3, 7, 9, .5, 0)
(3, 7, 9, .55, 0)
(3, 7, 9, .6, 0)
(3, 7, 9, .65, 0)
(3, 7, 9, .7, 0)
(3, 7, 9, .75, 0)
(3, 7, 9, .8, 0)
(3, 7, 9, .85, 0)
(3, 7, 9, .9, 0)
(3, 7, 9, .95, 0)
(3, 7, 9, 1, 0)
(3, 7, 10, 0, 1)
(3, 7, 10, .05, 1)
(3, 7, 10, .1, .0991736)
(3, 7, 10, .15, .0991736)
(3, 7, 10, .2, 0)
(3, 7, 10, .25, 0)
(3, 7, 10, .3, 0)
(3, 7, 10, .35, 0)
(3, 7, 10, .4, 0)
(3, 7, 10, .45, 0)
(3, 7, 10, .5, 0)
(3, 7, 10, .55, 0)
(3, 7, 10, .6, 0)
(3, 7, 10, .65, 0)
(3, 7, 10, .7, 0)
(3, 7, 10, .75, 0)
(3, 7, 10, .8, 0)
(3, 7, 10, .85, 0)
(3, 7, 10, .9, 0)
(3, 7, 10, .95, 0)
(3, 7, 10, 1, 0)
(3, 7, 11, 0, 1)
(3, 7, 11, .05, 1)
(3, 7, 11, .1, 0)
(3, 7, 11, .15, 0)
(3, 7, 11, .2, 0)
(3, 7, 11, .25, 0)
(3, 7, 11, .3, 0)
(3, 7, 11, .35, 0)
(3, 7, 11, .4, 0)
(3, 7, 11, .45, 0)
(3, 7, 11, .5, 0)
(3, 7, 11, .55, 0)
(3, 7, 11, .6, 0)
(3, 7, 11, .65, 0)
(3, 7, 11, .7, 0)
(3, 7, 11, .75, 0)
(3, 7, 11, .8, 0)
(3, 7, 11, .85, 0)
(3, 7, 11, .9, 0)
(3, 7, 11, .95, 0)
(3, 7, 11, 1, 0)
(3, 8, 1, 0, 1)
(3, 8, 1, .05, 1)
(3, 8, 1, .1, .315552)
(3, 8, 1, .15, .315552)
(3, 8, 1, .2, .0270473)
(3, 8, 1, .25, .0270473)
(3, 8, 1, .3, 0)
(3, 8, 1, .35, 0)
(3, 8, 1, .4, 0)
(3, 8, 1, .45, 0)
(3, 8, 1, .5, 0)
(3, 8, 1, .55, 0)
(3, 8, 1, .6, 0)
(3, 8, 1, .65, 0)
(3, 8, 1, .7, 0)
(3, 8, 1, .75, 0)
(3, 8, 1, .8, 0)
(3, 8, 1, .85, 0)
(3, 8, 1, .9, 0)
(3, 8, 1, .95, 0)
(3, 8, 1, 1, 0)
(3, 8, 2, 0, 1)
(3, 8, 2, .05, 1)
(3, 8, 2, .1, .283997)
(3, 8, 2, .15, .283997)
(3, 8, 2, .2, .0210368)
(3, 8, 2, .25, .0210368)
(3, 8, 2, .3, 0)
(3, 8, 2, .35, 0)
(3, 8, 2, .4, 0)
(3, 8, 2, .45, 0)
(3, 8, 2, .5, 0)
(3, 8, 2, .55, 0)
(3, 8, 2, .6, 0)
(3, 8, 2, .65, 0)
(3, 8, 2, .7, 0)
(3, 8, 2, .75, 0)
(3, 8, 2, .8, 0)
(3, 8, 2, .85, 0)
(3, 8, 2, .9, 0)
(3, 8, 2, .95, 0)
(3, 8, 2, 1, 0)
(3, 8, 3, 0, 1)
(3, 8, 3, .05, 1)
(3, 8, 3, .1, .252442)
(3, 8, 3, .15, .252442)
(3, 8, 3, .2, .0150263)
(3, 8, 3, .25, .0150263)
(3, 8, 3, .3, 0)
(3, 8, 3, .35, 0)
(3, 8, 3, .4, 0)
(3, 8, 3, .45, 0)
(3, 8, 3, .5, 0)
(3, 8, 3, .55, 0)
(3, 8, 3, .6, 0)
(3, 8, 3, .65, 0)
(3, 8, 3, .7, 0)
(3, 8, 3, .75, 0)
(3, 8, 3, .8, 0)
(3, 8, 3, .85, 0)
(3, 8, 3, .9, 0)
(3, 8, 3, .95, 0)
(3, 8, 3, 1, 0)
(3, 8, 4, 0, 1)
(3, 8, 4, .05, 1)
(3, 8, 4, .1, .225394)
(3, 8, 4, .15, .225394)
(3, 8, 4, .2, .00901578)
(3, 8, 4, .25, .00901578)
(3, 8, 4, .3, 0)
(3, 8, 4, .35, 0)
(3, 8, 4, .4, 0)
(3, 8, 4, .45, 0)
(3, 8, 4, .5, 0)
(3, 8, 4, .55, 0)
(3, 8, 4, .6, 0)
(3, 8, 4, .65, 0)
(3, 8, 4, .7, 0)
(3, 8, 4, .75, 0)
(3, 8, 4, .8, 0)
(3, 8, 4, .85, 0)
(3, 8, 4, .9, 0)
(3, 8, 4, .95, 0)
(3, 8, 4, 1, 0)
(3, 8, 5, 0, 1)
(3, 8, 5, .05, 1)
(3, 8, 5, .1, .198347)
(3, 8, 5, .15, .198347)
(3, 8, 5, .2, .00375657)
(3, 8, 5, .25, .00375657)
(3, 8, 5, .3, 0)
(3, 8, 5, .35, 0)
(3, 8, 5, .4, 0)
(3, 8, 5, .45, 0)
(3, 8, 5, .5, 0)
(3, 8, 5, .55, 0)
(3, 8, 5, .6, 0)
(3, 8, 5, .65, 0)
(3, 8, 5, .7, 0)
(3, 8, 5, .75, 0)
(3, 8, 5, .8, 0)
(3, 8, 5, .85, 0)
(3, 8, 5, .9, 0)
(3, 8, 5, .95, 0)
(3, 8, 5, 1, 0)
(3, 8, 6, 0, 1)
(3, 8, 6, .05, 1)
(3, 8, 6, .1, .1713)
(3, 8, 6, .15, .1713)
(3, 8, 6, .2, .000751315)
(3, 8, 6, .25, .000751315)
(3, 8, 6, .3, 0)
(3, 8, 6, .35, 0)
(3, 8, 6, .4, 0)
(3, 8, 6, .45, 0)
(3, 8, 6, .5, 0)
(3, 8, 6, .55, 0)
(3, 8, 6, .6, 0)
(3, 8, 6, .65, 0)
(3, 8, 6, .7, 0)
(3, 8, 6, .75, 0)
(3, 8, 6, .8, 0)
(3, 8, 6, .85, 0)
(3, 8, 6, .9, 0)
(3, 8, 6, .95, 0)
(3, 8, 6, 1, 0)
(3, 8, 7, 0, 1)
(3, 8, 7, .05, 1)
(3, 8, 7, .1, .144252)
(3, 8, 7, .15, .144252)
(3, 8, 7, .2, 0)
(3, 8, 7, .25, 0)
(3, 8, 7, .3, 0)
(3, 8, 7, .35, 0)
(3, 8, 7, .4, 0)
(3, 8, 7, .45, 0)
(3, 8, 7, .5, 0)
(3, 8, 7, .55, 0)
(3, 8, 7, .6, 0)
(3, 8, 7, .65, 0)
(3, 8, 7, .7, 0)
(3, 8, 7, .75, 0)
(3, 8, 7, .8, 0)
(3, 8, 7, .85, 0)
(3, 8, 7, .9, 0)
(3, 8, 7, .95, 0)
(3, 8, 7, 1, 0)
(3, 8, 8, 0, 1)
(3, 8, 8, .05, 1)
(3, 8, 8, .1, .123216)
(3, 8, 8, .15, .123216)
(3, 8, 8, .2, 0)
(3, 8, 8, .25, 0)
(3, 8, 8, .3, 0)
(3, 8, 8, .35, 0)
(3, 8, 8, .4, 0)
(3, 8, 8, .45, 0)
(3, 8, 8, .5, 0)
(3, 8, 8, .55, 0)
(3, 8, 8, .6, 0)
(3, 8, 8, .65, 0)
(3, 8, 8, .7, 0)
(3, 8, 8, .75, 0)
(3, 8, 8, .8, 0)
(3, 8, 8, .85, 0)
(3, 8, 8, .9, 0)
(3, 8, 8, .95, 0)
(3, 8, 8, 1, 0)
(3, 8, 9, 0, 1)
(3, 8, 9, .05, 1)
(3, 8, 9, .1, .102179)
(3, 8, 9, .15, .102179)
(3, 8, 9, .2, 0)
(3, 8, 9, .25, 0)
(3, 8, 9, .3, 0)
(3, 8, 9, .35, 0)
(3, 8, 9, .4, 0)
(3, 8, 9, .45, 0)
(3, 8, 9, .5, 0)
(3, 8, 9, .55, 0)
(3, 8, 9, .6, 0)
(3, 8, 9, .65, 0)
(3, 8, 9, .7, 0)
(3, 8, 9, .75, 0)
(3, 8, 9, .8, 0)
(3, 8, 9, .85, 0)
(3, 8, 9, .9, 0)
(3, 8, 9, .95, 0)
(3, 8, 9, 1, 0)
(3, 8, 10, 0, 1)
(3, 8, 10, .05, 1)
(3, 8, 10, .1, .0826446)
(3, 8, 10, .15, .0826446)
(3, 8, 10, .2, 0)
(3, 8, 10, .25, 0)
(3, 8, 10, .3, 0)
(3, 8, 10, .35, 0)
(3, 8, 10, .4, 0)
(3, 8, 10, .45, 0)
(3, 8, 10, .5, 0)
(3, 8, 10, .55, 0)
(3, 8, 10, .6, 0)
(3, 8, 10, .65, 0)
(3, 8, 10, .7, 0)
(3, 8, 10, .75, 0)
(3, 8, 10, .8, 0)
(3, 8, 10, .85, 0)
(3, 8, 10, .9, 0)
(3, 8, 10, .95, 0)
(3, 8, 10, 1, 0)
(3, 8, 11, 0, 1)
(3, 8, 11, .05, 1)
(3, 8, 11, .1, 0)
(3, 8, 11, .15, 0)
(3, 8, 11, .2, 0)
(3, 8, 11, .25, 0)
(3, 8, 11, .3, 0)
(3, 8, 11, .35, 0)
(3, 8, 11, .4, 0)
(3, 8, 11, .45, 0)
(3, 8, 11, .5, 0)
(3, 8, 11, .55, 0)
(3, 8, 11, .6, 0)
(3, 8, 11, .65, 0)
(3, 8, 11, .7, 0)
(3, 8, 11, .75, 0)
(3, 8, 11, .8, 0)
(3, 8, 11, .85, 0)
(3, 8, 11, .9, 0)
(3, 8, 11, .95, 0)
(3, 8, 11, 1, 0)
(3, 9, 1, 0, 1)
(3, 9, 1, .05, 1)
(3, 9, 1, .1, .270473)
(3, 9, 1, .15, .270473)
(3, 9, 1, .2, .00676183)
(3, 9, 1, .25, .00676183)
(3, 9, 1, .3, 0)
(3, 9, 1, .35, 0)
(3, 9, 1, .4, 0)
(3, 9, 1, .45, 0)
(3, 9, 1, .5, 0)
(3, 9, 1, .55, 0)
(3, 9, 1, .6, 0)
(3, 9, 1, .65, 0)
(3, 9, 1, .7, 0)
(3, 9, 1, .75, 0)
(3, 9, 1, .8, 0)
(3, 9, 1, .85, 0)
(3, 9, 1, .9, 0)
(3, 9, 1, .95, 0)
(3, 9, 1, 1, 0)
(3, 9, 2, 0, 1)
(3, 9, 2, .05, 1)
(3, 9, 2, .1, .243426)
(3, 9, 2, .15, .243426)
(3, 9, 2, .2, .0052592)
(3, 9, 2, .25, .0052592)
(3, 9, 2, .3, 0)
(3, 9, 2, .35, 0)
(3, 9, 2, .4, 0)
(3, 9, 2, .45, 0)
(3, 9, 2, .5, 0)
(3, 9, 2, .55, 0)
(3, 9, 2, .6, 0)
(3, 9, 2, .65, 0)
(3, 9, 2, .7, 0)
(3, 9, 2, .75, 0)
(3, 9, 2, .8, 0)
(3, 9, 2, .85, 0)
(3, 9, 2, .9, 0)
(3, 9, 2, .95, 0)
(3, 9, 2, 1, 0)
(3, 9, 3, 0, 1)
(3, 9, 3, .05, 1)
(3, 9, 3, .1, .216379)
(3, 9, 3, .15, .216379)
(3, 9, 3, .2, .00375657)
(3, 9, 3, .25, .00375657)
(3, 9, 3, .3, 0)
(3, 9, 3, .35, 0)
(3, 9, 3, .4, 0)
(3, 9, 3, .45, 0)
(3, 9, 3, .5, 0)
(3, 9, 3, .55, 0)
(3, 9, 3, .6, 0)
(3, 9, 3, .65, 0)
(3, 9, 3, .7, 0)
(3, 9, 3, .75, 0)
(3, 9, 3, .8, 0)
(3, 9, 3, .85, 0)
(3, 9, 3, .9, 0)
(3, 9, 3, .95, 0)
(3, 9, 3, 1, 0)
(3, 9, 4, 0, 1)
(3, 9, 4, .05, 1)
(3, 9, 4, .1, .192337)
(3, 9, 4, .15, .192337)
(3, 9, 4, .2, .00225394)
(3, 9, 4, .25, .00225394)
(3, 9, 4, .3, 0)
(3, 9, 4, .35, 0)
(3, 9, 4, .4, 0)
(3, 9, 4, .45, 0)
(3, 9, 4, .5, 0)
(3, 9, 4, .55, 0)
(3, 9, 4, .6, 0)
(3, 9, 4, .65, 0)
(3, 9, 4, .7, 0)
(3, 9, 4, .75, 0)
(3, 9, 4, .8, 0)
(3, 9, 4, .85, 0)
(3, 9, 4, .9, 0)
(3, 9, 4, .95, 0)
(3, 9, 4, 1, 0)
(3, 9, 5, 0, 1)
(3, 9, 5, .05, 1)
(3, 9, 5, .1, .168295)
(3, 9, 5, .15, .168295)
(3, 9, 5, .2, .000751315)
(3, 9, 5, .25, .000751315)
(3, 9, 5, .3, 0)
(3, 9, 5, .35, 0)
(3, 9, 5, .4, 0)
(3, 9, 5, .45, 0)
(3, 9, 5, .5, 0)
(3, 9, 5, .55, 0)
(3, 9, 5, .6, 0)
(3, 9, 5, .65, 0)
(3, 9, 5, .7, 0)
(3, 9, 5, .75, 0)
(3, 9, 5, .8, 0)
(3, 9, 5, .85, 0)
(3, 9, 5, .9, 0)
(3, 9, 5, .95, 0)
(3, 9, 5, 1, 0)
(3, 9, 6, 0, 1)
(3, 9, 6, .05, 1)
(3, 9, 6, .1, .144252)
(3, 9, 6, .15, .144252)
(3, 9, 6, .2, 0)
(3, 9, 6, .25, 0)
(3, 9, 6, .3, 0)
(3, 9, 6, .35, 0)
(3, 9, 6, .4, 0)
(3, 9, 6, .45, 0)
(3, 9, 6, .5, 0)
(3, 9, 6, .55, 0)
(3, 9, 6, .6, 0)
(3, 9, 6, .65, 0)
(3, 9, 6, .7, 0)
(3, 9, 6, .75, 0)
(3, 9, 6, .8, 0)
(3, 9, 6, .85, 0)
(3, 9, 6, .9, 0)
(3, 9, 6, .95, 0)
(3, 9, 6, 1, 0)
(3, 9, 7, 0, 1)
(3, 9, 7, .05, 1)
(3, 9, 7, .1, .12021)
(3, 9, 7, .15, .12021)
(3, 9, 7, .2, 0)
(3, 9, 7, .25, 0)
(3, 9, 7, .3, 0)
(3, 9, 7, .35, 0)
(3, 9, 7, .4, 0)
(3, 9, 7, .45, 0)
(3, 9, 7, .5, 0)
(3, 9, 7, .55, 0)
(3, 9, 7, .6, 0)
(3, 9, 7, .65, 0)
(3, 9, 7, .7, 0)
(3, 9, 7, .75, 0)
(3, 9, 7, .8, 0)
(3, 9, 7, .85, 0)
(3, 9, 7, .9, 0)
(3, 9, 7, .95, 0)
(3, 9, 7, 1, 0)
(3, 9, 8, 0, 1)
(3, 9, 8, .05, 1)
(3, 9, 8, .1, .102179)
(3, 9, 8, .15, .102179)
(3, 9, 8, .2, 0)
(3, 9, 8, .25, 0)
(3, 9, 8, .3, 0)
(3, 9, 8, .35, 0)
(3, 9, 8, .4, 0)
(3, 9, 8, .45, 0)
(3, 9, 8, .5, 0)
(3, 9, 8, .55, 0)
(3, 9, 8, .6, 0)
(3, 9, 8, .65, 0)
(3, 9, 8, .7, 0)
(3, 9, 8, .75, 0)
(3, 9, 8, .8, 0)
(3, 9, 8, .85, 0)
(3, 9, 8, .9, 0)
(3, 9, 8, .95, 0)
(3, 9, 8, 1, 0)
(3, 9, 9, 0, 1)
(3, 9, 9, .05, 1)
(3, 9, 9, .1, .0841473)
(3, 9, 9, .15, .0841473)
(3, 9, 9, .2, 0)
(3, 9, 9, .25, 0)
(3, 9, 9, .3, 0)
(3, 9, 9, .35, 0)
(3, 9, 9, .4, 0)
(3, 9, 9, .45, 0)
(3, 9, 9, .5, 0)
(3, 9, 9, .55, 0)
(3, 9, 9, .6, 0)
(3, 9, 9, .65, 0)
(3, 9, 9, .7, 0)
(3, 9, 9, .75, 0)
(3, 9, 9, .8, 0)
(3, 9, 9, .85, 0)
(3, 9, 9, .9, 0)
(3, 9, 9, .95, 0)
(3, 9, 9, 1, 0)
(3, 9, 10, 0, 1)
(3, 9, 10, .05, 1)
(3, 9, 10, .1, .0661157)
(3, 9, 10, .15, .0661157)
(3, 9, 10, .2, 0)
(3, 9, 10, .25, 0)
(3, 9, 10, .3, 0)
(3, 9, 10, .35, 0)
(3, 9, 10, .4, 0)
(3, 9, 10, .45, 0)
(3, 9, 10, .5, 0)
(3, 9, 10, .55, 0)
(3, 9, 10, .6, 0)
(3, 9, 10, .65, 0)
(3, 9, 10, .7, 0)
(3, 9, 10, .75, 0)
(3, 9, 10, .8, 0)
(3, 9, 10, .85, 0)
(3, 9, 10, .9, 0)
(3, 9, 10, .95, 0)
(3, 9, 10, 1, 0)
(3, 9, 11, 0, 1)
(3, 9, 11, .05, 1)
(3, 9, 11, .1, 0)
(3, 9, 11, .15, 0)
(3, 9, 11, .2, 0)
(3, 9, 11, .25, 0)
(3, 9, 11, .3, 0)
(3, 9, 11, .35, 0)
(3, 9, 11, .4, 0)
(3, 9, 11, .45, 0)
(3, 9, 11, .5, 0)
(3, 9, 11, .55, 0)
(3, 9, 11, .6, 0)
(3, 9, 11, .65, 0)
(3, 9, 11, .7, 0)
(3, 9, 11, .75, 0)
(3, 9, 11, .8, 0)
(3, 9, 11, .85, 0)
(3, 9, 11, .9, 0)
(3, 9, 11, .95, 0)
(3, 9, 11, 1, 0)
(3, 10, 1, 0, 1)
(3, 10, 1, .05, 1)
(3, 10, 1, .1, .225394)
(3, 10, 1, .15, .225394)
(3, 10, 1, .2, 0)
(3, 10, 1, .25, 0)
(3, 10, 1, .3, 0)
(3, 10, 1, .35, 0)
(3, 10, 1, .4, 0)
(3, 10, 1, .45, 0)
(3, 10, 1, .5, 0)
(3, 10, 1, .55, 0)
(3, 10, 1, .6, 0)
(3, 10, 1, .65, 0)
(3, 10, 1, .7, 0)
(3, 10, 1, .75, 0)
(3, 10, 1, .8, 0)
(3, 10, 1, .85, 0)
(3, 10, 1, .9, 0)
(3, 10, 1, .95, 0)
(3, 10, 1, 1, 0)
(3, 10, 2, 0, 1)
(3, 10, 2, .05, 1)
(3, 10, 2, .1, .202855)
(3, 10, 2, .15, .202855)
(3, 10, 2, .2, 0)
(3, 10, 2, .25, 0)
(3, 10, 2, .3, 0)
(3, 10, 2, .35, 0)
(3, 10, 2, .4, 0)
(3, 10, 2, .45, 0)
(3, 10, 2, .5, 0)
(3, 10, 2, .55, 0)
(3, 10, 2, .6, 0)
(3, 10, 2, .65, 0)
(3, 10, 2, .7, 0)
(3, 10, 2, .75, 0)
(3, 10, 2, .8, 0)
(3, 10, 2, .85, 0)
(3, 10, 2, .9, 0)
(3, 10, 2, .95, 0)
(3, 10, 2, 1, 0)
(3, 10, 3, 0, 1)
(3, 10, 3, .05, 1)
(3, 10, 3, .1, .180316)
(3, 10, 3, .15, .180316)
(3, 10, 3, .2, 0)
(3, 10, 3, .25, 0)
(3, 10, 3, .3, 0)
(3, 10, 3, .35, 0)
(3, 10, 3, .4, 0)
(3, 10, 3, .45, 0)
(3, 10, 3, .5, 0)
(3, 10, 3, .55, 0)
(3, 10, 3, .6, 0)
(3, 10, 3, .65, 0)
(3, 10, 3, .7, 0)
(3, 10, 3, .75, 0)
(3, 10, 3, .8, 0)
(3, 10, 3, .85, 0)
(3, 10, 3, .9, 0)
(3, 10, 3, .95, 0)
(3, 10, 3, 1, 0)
(3, 10, 4, 0, 1)
(3, 10, 4, .05, 1)
(3, 10, 4, .1, .159279)
(3, 10, 4, .15, .159279)
(3, 10, 4, .2, 0)
(3, 10, 4, .25, 0)
(3, 10, 4, .3, 0)
(3, 10, 4, .35, 0)
(3, 10, 4, .4, 0)
(3, 10, 4, .45, 0)
(3, 10, 4, .5, 0)
(3, 10, 4, .55, 0)
(3, 10, 4, .6, 0)
(3, 10, 4, .65, 0)
(3, 10, 4, .7, 0)
(3, 10, 4, .75, 0)
(3, 10, 4, .8, 0)
(3, 10, 4, .85, 0)
(3, 10, 4, .9, 0)
(3, 10, 4, .95, 0)
(3, 10, 4, 1, 0)
(3, 10, 5, 0, 1)
(3, 10, 5, .05, 1)
(3, 10, 5, .1, .138242)
(3, 10, 5, .15, .138242)
(3, 10, 5, .2, 0)
(3, 10, 5, .25, 0)
(3, 10, 5, .3, 0)
(3, 10, 5, .35, 0)
(3, 10, 5, .4, 0)
(3, 10, 5, .45, 0)
(3, 10, 5, .5, 0)
(3, 10, 5, .55, 0)
(3, 10, 5, .6, 0)
(3, 10, 5, .65, 0)
(3, 10, 5, .7, 0)
(3, 10, 5, .75, 0)
(3, 10, 5, .8, 0)
(3, 10, 5, .85, 0)
(3, 10, 5, .9, 0)
(3, 10, 5, .95, 0)
(3, 10, 5, 1, 0)
(3, 10, 6, 0, 1)
(3, 10, 6, .05, 1)
(3, 10, 6, .1, .118708)
(3, 10, 6, .15, .118708)
(3, 10, 6, .2, 0)
(3, 10, 6, .25, 0)
(3, 10, 6, .3, 0)
(3, 10, 6, .35, 0)
(3, 10, 6, .4, 0)
(3, 10, 6, .45, 0)
(3, 10, 6, .5, 0)
(3, 10, 6, .55, 0)
(3, 10, 6, .6, 0)
(3, 10, 6, .65, 0)
(3, 10, 6, .7, 0)
(3, 10, 6, .75, 0)
(3, 10, 6, .8, 0)
(3, 10, 6, .85, 0)
(3, 10, 6, .9, 0)
(3, 10, 6, .95, 0)
(3, 10, 6, 1, 0)
(3, 10, 7, 0, 1)
(3, 10, 7, .05, 1)
(3, 10, 7, .1, .0991736)
(3, 10, 7, .15, .0991736)
(3, 10, 7, .2, 0)
(3, 10, 7, .25, 0)
(3, 10, 7, .3, 0)
(3, 10, 7, .35, 0)
(3, 10, 7, .4, 0)
(3, 10, 7, .45, 0)
(3, 10, 7, .5, 0)
(3, 10, 7, .55, 0)
(3, 10, 7, .6, 0)
(3, 10, 7, .65, 0)
(3, 10, 7, .7, 0)
(3, 10, 7, .75, 0)
(3, 10, 7, .8, 0)
(3, 10, 7, .85, 0)
(3, 10, 7, .9, 0)
(3, 10, 7, .95, 0)
(3, 10, 7, 1, 0)
(3, 10, 8, 0, 1)
(3, 10, 8, .05, 1)
(3, 10, 8, .1, .0826446)
(3, 10, 8, .15, .0826446)
(3, 10, 8, .2, 0)
(3, 10, 8, .25, 0)
(3, 10, 8, .3, 0)
(3, 10, 8, .35, 0)
(3, 10, 8, .4, 0)
(3, 10, 8, .45, 0)
(3, 10, 8, .5, 0)
(3, 10, 8, .55, 0)
(3, 10, 8, .6, 0)
(3, 10, 8, .65, 0)
(3, 10, 8, .7, 0)
(3, 10, 8, .75, 0)
(3, 10, 8, .8, 0)
(3, 10, 8, .85, 0)
(3, 10, 8, .9, 0)
(3, 10, 8, .95, 0)
(3, 10, 8, 1, 0)
(3, 10, 9, 0, 1)
(3, 10, 9, .05, 1)
(3, 10, 9, .1, .0661157)
(3, 10, 9, .15, .0661157)
(3, 10, 9, .2, 0)
(3, 10, 9, .25, 0)
(3, 10, 9, .3, 0)
(3, 10, 9, .35, 0)
(3, 10, 9, .4, 0)
(3, 10, 9, .45, 0)
(3, 10, 9, .5, 0)
(3, 10, 9, .55, 0)
(3, 10, 9, .6, 0)
(3, 10, 9, .65, 0)
(3, 10, 9, .7, 0)
(3, 10, 9, .75, 0)
(3, 10, 9, .8, 0)
(3, 10, 9, .85, 0)
(3, 10, 9, .9, 0)
(3, 10, 9, .95, 0)
(3, 10, 9, 1, 0)
(3, 10, 10, 0, 1)
(3, 10, 10, .05, 1)
(3, 10, 10, .1, .052592)
(3, 10, 10, .15, .052592)
(3, 10, 10, .2, 0)
(3, 10, 10, .25, 0)
(3, 10, 10, .3, 0)
(3, 10, 10, .35, 0)
(3, 10, 10, .4, 0)
(3, 10, 10, .45, 0)
(3, 10, 10, .5, 0)
(3, 10, 10, .55, 0)
(3, 10, 10, .6, 0)
(3, 10, 10, .65, 0)
(3, 10, 10, .7, 0)
(3, 10, 10, .75, 0)
(3, 10, 10, .8, 0)
(3, 10, 10, .85, 0)
(3, 10, 10, .9, 0)
(3, 10, 10, .95, 0)
(3, 10, 10, 1, 0)
(3, 10, 11, 0, 1)
(3, 10, 11, .05, 1)
(3, 10, 11, .1, 0)
(3, 10, 11, .15, 0)
(3, 10, 11, .2, 0)
(3, 10, 11, .25, 0)
(3, 10, 11, .3, 0)
(3, 10, 11, .35, 0)
(3, 10, 11, .4, 0)
(3, 10, 11, .45, 0)
(3, 10, 11, .5, 0)
(3, 10, 11, .55, 0)
(3, 10, 11, .6, 0)
(3, 10, 11, .65, 0)
(3, 10, 11, .7, 0)
(3, 10, 11, .75, 0)
(3, 10, 11, .8, 0)
(3, 10, 11, .85, 0)
(3, 10, 11, .9, 0)
(3, 10, 11, .95, 0)
(3, 10, 11, 1, 0)
(3, 11, 1, 0, 1)
(3, 11, 1, .05, 1)
(3, 11, 1, .1, 0)
(3, 11, 1, .15, 0)
(3, 11, 1, .2, 0)
(3, 11, 1, .25, 0)
(3, 11, 1, .3, 0)
(3, 11, 1, .35, 0)
(3, 11, 1, .4, 0)
(3, 11, 1, .45, 0)
(3, 11, 1, .5, 0)
(3, 11, 1, .55, 0)
(3, 11, 1, .6, 0)
(3, 11, 1, .65, 0)
(3, 11, 1, .7, 0)
(3, 11, 1, .75, 0)
(3, 11, 1, .8, 0)
(3, 11, 1, .85, 0)
(3, 11, 1, .9, 0)
(3, 11, 1, .95, 0)
(3, 11, 1, 1, 0)
(3, 11, 2, 0, 1)
(3, 11, 2, .05, 1)
(3, 11, 2, .1, 0)
(3, 11, 2, .15, 0)
(3, 11, 2, .2, 0)
(3, 11, 2, .25, 0)
(3, 11, 2, .3, 0)
(3, 11, 2, .35, 0)
(3, 11, 2, .4, 0)
(3, 11, 2, .45, 0)
(3, 11, 2, .5, 0)
(3, 11, 2, .55, 0)
(3, 11, 2, .6, 0)
(3, 11, 2, .65, 0)
(3, 11, 2, .7, 0)
(3, 11, 2, .75, 0)
(3, 11, 2, .8, 0)
(3, 11, 2, .85, 0)
(3, 11, 2, .9, 0)
(3, 11, 2, .95, 0)
(3, 11, 2, 1, 0)
(3, 11, 3, 0, 1)
(3, 11, 3, .05, 1)
(3, 11, 3, .1, 0)
(3, 11, 3, .15, 0)
(3, 11, 3, .2, 0)
(3, 11, 3, .25, 0)
(3, 11, 3, .3, 0)
(3, 11, 3, .35, 0)
(3, 11, 3, .4, 0)
(3, 11, 3, .45, 0)
(3, 11, 3, .5, 0)
(3, 11, 3, .55, 0)
(3, 11, 3, .6, 0)
(3, 11, 3, .65, 0)
(3, 11, 3, .7, 0)
(3, 11, 3, .75, 0)
(3, 11, 3, .8, 0)
(3, 11, 3, .85, 0)
(3, 11, 3, .9, 0)
(3, 11, 3, .95, 0)
(3, 11, 3, 1, 0)
(3, 11, 4, 0, 1)
(3, 11, 4, .05, 1)
(3, 11, 4, .1, 0)
(3, 11, 4, .15, 0)
(3, 11, 4, .2, 0)
(3, 11, 4, .25, 0)
(3, 11, 4, .3, 0)
(3, 11, 4, .35, 0)
(3, 11, 4, .4, 0)
(3, 11, 4, .45, 0)
(3, 11, 4, .5, 0)
(3, 11, 4, .55, 0)
(3, 11, 4, .6, 0)
(3, 11, 4, .65, 0)
(3, 11, 4, .7, 0)
(3, 11, 4, .75, 0)
(3, 11, 4, .8, 0)
(3, 11, 4, .85, 0)
(3, 11, 4, .9, 0)
(3, 11, 4, .95, 0)
(3, 11, 4, 1, 0)
(3, 11, 5, 0, 1)
(3, 11, 5, .05, 1)
(3, 11, 5, .1, 0)
(3, 11, 5, .15, 0)
(3, 11, 5, .2, 0)
(3, 11, 5, .25, 0)
(3, 11, 5, .3, 0)
(3, 11, 5, .35, 0)
(3, 11, 5, .4, 0)
(3, 11, 5, .45, 0)
(3, 11, 5, .5, 0)
(3, 11, 5, .55, 0)
(3, 11, 5, .6, 0)
(3, 11, 5, .65, 0)
(3, 11, 5, .7, 0)
(3, 11, 5, .75, 0)
(3, 11, 5, .8, 0)
(3, 11, 5, .85, 0)
(3, 11, 5, .9, 0)
(3, 11, 5, .95, 0)
(3, 11, 5, 1, 0)
(3, 11, 6, 0, 1)
(3, 11, 6, .05, 1)
(3, 11, 6, .1, 0)
(3, 11, 6, .15, 0)
(3, 11, 6, .2, 0)
(3, 11, 6, .25, 0)
(3, 11, 6, .3, 0)
(3, 11, 6, .35, 0)
(3, 11, 6, .4, 0)
(3, 11, 6, .45, 0)
(3, 11, 6, .5, 0)
(3, 11, 6, .55, 0)
(3, 11, 6, .6, 0)
(3, 11, 6, .65, 0)
(3, 11, 6, .7, 0)
(3, 11, 6, .75, 0)
(3, 11, 6, .8, 0)
(3, 11, 6, .85, 0)
(3, 11, 6, .9, 0)
(3, 11, 6, .95, 0)
(3, 11, 6, 1, 0)
(3, 11, 7, 0, 1)
(3, 11, 7, .05, 1)
(3, 11, 7, .1, 0)
(3, 11, 7, .15, 0)
(3, 11, 7, .2, 0)
(3, 11, 7, .25, 0)
(3, 11, 7, .3, 0)
(3, 11, 7, .35, 0)
(3, 11, 7, .4, 0)
(3, 11, 7, .45, 0)
(3, 11, 7, .5, 0)
(3, 11, 7, .55, 0)
(3, 11, 7, .6, 0)
(3, 11, 7, .65, 0)
(3, 11, 7, .7, 0)
(3, 11, 7, .75, 0)
(3, 11, 7, .8, 0)
(3, 11, 7, .85, 0)
(3, 11, 7, .9, 0)
(3, 11, 7, .95, 0)
(3, 11, 7, 1, 0)
(3, 11, 8, 0, 1)
(3, 11, 8, .05, 1)
(3, 11, 8, .1, 0)
(3, 11, 8, .15, 0)
(3, 11, 8, .2, 0)
(3, 11, 8, .25, 0)
(3, 11, 8, .3, 0)
(3, 11, 8, .35, 0)
(3, 11, 8, .4, 0)
(3, 11, 8, .45, 0)
(3, 11, 8, .5, 0)
(3, 11, 8, .55, 0)
(3, 11, 8, .6, 0)
(3, 11, 8, .65, 0)
(3, 11, 8, .7, 0)
(3, 11, 8, .75, 0)
(3, 11, 8, .8, 0)
(3, 11, 8, .85, 0)
(3, 11, 8, .9, 0)
(3, 11, 8, .95, 0)
(3, 11, 8, 1, 0)
(3, 11, 9, 0, 1)
(3, 11, 9, .05, 1)
(3, 11, 9, .1, 0)
(3, 11, 9, .15, 0)
(3, 11, 9, .2, 0)
(3, 11, 9, .25, 0)
(3, 11, 9, .3, 0)
(3, 11, 9, .35, 0)
(3, 11, 9, .4, 0)
(3, 11, 9, .45, 0)
(3, 11, 9, .5, 0)
(3, 11, 9, .55, 0)
(3, 11, 9, .6, 0)
(3, 11, 9, .65, 0)
(3, 11, 9, .7, 0)
(3, 11, 9, .75, 0)
(3, 11, 9, .8, 0)
(3, 11, 9, .85, 0)
(3, 11, 9, .9, 0)
(3, 11, 9, .95, 0)
(3, 11, 9, 1, 0)
(3, 11, 10, 0, 1)
(3, 11, 10, .05, 1)
(3, 11, 10, .1, 0)
(3, 11, 10, .15, 0)
(3, 11, 10, .2, 0)
(3, 11, 10, .25, 0)
(3, 11, 10, .3, 0)
(3, 11, 10, .35, 0)
(3, 11, 10, .4, 0)
(3, 11, 10, .45, 0)
(3, 11, 10, .5, 0)
(3, 11, 10, .55, 0)
(3, 11, 10, .6, 0)
(3, 11, 10, .65, 0)
(3, 11, 10, .7, 0)
(3, 11, 10, .75, 0)
(3, 11, 10, .8, 0)
(3, 11, 10, .85, 0)
(3, 11, 10, .9, 0)
(3, 11, 10, .95, 0)
(3, 11, 10, 1, 0)
(3, 11, 11, 0, 1)
(3, 11, 11, .05, 1)
(3, 11, 11, .1, 0)
(3, 11, 11, .15, 0)
(3, 11, 11, .2, 0)
(3, 11, 11, .25, 0)
(3, 11, 11, .3, 0)
(3, 11, 11, .35, 0)
(3, 11, 11, .4, 0)
(3, 11, 11, .45, 0)
(3, 11, 11, .5, 0)
(3, 11, 11, .55, 0)
(3, 11, 11, .6, 0)
(3, 11, 11, .65, 0)
(3, 11, 11, .7, 0)
(3, 11, 11, .75, 0)
(3, 11, 11, .8, 0)
(3, 11, 11, .85, 0)
(3, 11, 11, .9, 0)
(3, 11, 11, .95, 0)
(3, 11, 11, 1, 0)
(4, 1, 1, 0, 1)
(4, 1, 1, .05, 1)
(4, 1, 1, .1, .826446)
(4, 1, 1, .15, .826446)
(4, 1, 1, .2, .669421)
(4, 1, 1, .25, .669421)
(4, 1, 1, .3, .528926)
(4, 1, 1, .35, .528926)
(4, 1, 1, .4, .404959)
(4, 1, 1, .45, .404959)
(4, 1, 1, .5, .297521)
(4, 1, 1, .55, .206612)
(4, 1, 1, .6, .206612)
(4, 1, 1, .65, .132231)
(4, 1, 1, .7, .132231)
(4, 1, 1, .75, .0743802)
(4, 1, 1, .8, .0743802)
(4, 1, 1, .85, .0330579)
(4, 1, 1, .9, .0330579)
(4, 1, 1, .95, .00826446)
(4, 1, 1, 1, 0)
(4, 1, 2, 0, 1)
(4, 1, 2, .05, 1)
(4, 1, 2, .1, .751315)
(4, 1, 2, .15, .751315)
(4, 1, 2, .2, .547708)
(4, 1, 2, .25, .547708)
(4, 1, 2, .3, .384673)
(4, 1, 2, .35, .384673)
(4, 1, 2, .4, .257701)
(4, 1, 2, .45, .257701)
(4, 1, 2, .5, .162284)
(4, 1, 2, .55, .0939144)
(4, 1, 2, .6, .0939144)
(4, 1, 2, .65, .0480841)
(4, 1, 2, .7, .0480841)
(4, 1, 2, .75, .0202855)
(4, 1, 2, .8, .0202855)
(4, 1, 2, .85, .00601052)
(4, 1, 2, .9, .00601052)
(4, 1, 2, .95, .000751315)
(4, 1, 2, 1, 0)
(4, 1, 3, 0, 1)
(4, 1, 3, .05, 1)
(4, 1, 3, .1, .676183)
(4, 1, 3, .15, .676183)
(4, 1, 3, .2, .432757)
(4, 1, 3, .25, .432757)
(4, 1, 3, .3, .252442)
(4, 1, 3, .35, .252442)
(4, 1, 3, .4, .13148)
(4, 1, 3, .45, .13148)
(4, 1, 3, .5, .0540947)
(4, 1, 3, .55, .0150263)
(4, 1, 3, .6, .0150263)
(4, 1, 3, .65, 0)
(4, 1, 3, .7, 0)
(4, 1, 3, .75, 0)
(4, 1, 3, .8, 0)
(4, 1, 3, .85, 0)
(4, 1, 3, .9, 0)
(4, 1, 3, .95, 0)
(4, 1, 3, 1, 0)
(4, 1, 4, 0, 1)
(4, 1, 4, .05, 1)
(4, 1, 4, .1, .601052)
(4, 1, 4, .15, .601052)
(4, 1, 4, .2, .33133)
(4, 1, 4, .25, .33133)
(4, 1, 4, .3, .150263)
(4, 1, 4, .35, .150263)
(4, 1, 4, .4, .0473328)
(4, 1, 4, .45, .0473328)
(4, 1, 4, .5, .00450789)
(4, 1, 4, .55, 0)
(4, 1, 4, .6, 0)
(4, 1, 4, .65, 0)
(4, 1, 4, .7, 0)
(4, 1, 4, .75, 0)
(4, 1, 4, .8, 0)
(4, 1, 4, .85, 0)
(4, 1, 4, .9, 0)
(4, 1, 4, .95, 0)
(4, 1, 4, 1, 0)
(4, 1, 5, 0, 1)
(4, 1, 5, .05, 1)
(4, 1, 5, .1, .540947)
(4, 1, 5, .15, .540947)
(4, 1, 5, .2, .243426)
(4, 1, 5, .25, .243426)
(4, 1, 5, .3, .0721262)
(4, 1, 5, .35, .0721262)
(4, 1, 5, .4, .0052592)
(4, 1, 5, .45, .0052592)
(4, 1, 5, .5, 0)
(4, 1, 5, .55, 0)
(4, 1, 5, .6, 0)
(4, 1, 5, .65, 0)
(4, 1, 5, .7, 0)
(4, 1, 5, .75, 0)
(4, 1, 5, .8, 0)
(4, 1, 5, .85, 0)
(4, 1, 5, .9, 0)
(4, 1, 5, .95, 0)
(4, 1, 5, 1, 0)
(4, 1, 6, 0, 1)
(4, 1, 6, .05, 1)
(4, 1, 6, .1, .480841)
(4, 1, 6, .15, .480841)
(4, 1, 6, .2, .169046)
(4, 1, 6, .25, .169046)
(4, 1, 6, .3, .0240421)
(4, 1, 6, .35, .0240421)
(4, 1, 6, .4, 0)
(4, 1, 6, .45, 0)
(4, 1, 6, .5, 0)
(4, 1, 6, .55, 0)
(4, 1, 6, .6, 0)
(4, 1, 6, .65, 0)
(4, 1, 6, .7, 0)
(4, 1, 6, .75, 0)
(4, 1, 6, .8, 0)
(4, 1, 6, .85, 0)
(4, 1, 6, .9, 0)
(4, 1, 6, .95, 0)
(4, 1, 6, 1, 0)
(4, 1, 7, 0, 1)
(4, 1, 7, .05, 1)
(4, 1, 7, .1, .420736)
(4, 1, 7, .15, .420736)
(4, 1, 7, .2, .108189)
(4, 1, 7, .25, .108189)
(4, 1, 7, .3, 0)
(4, 1, 7, .35, 0)
(4, 1, 7, .4, 0)
(4, 1, 7, .45, 0)
(4, 1, 7, .5, 0)
(4, 1, 7, .55, 0)
(4, 1, 7, .6, 0)
(4, 1, 7, .65, 0)
(4, 1, 7, .7, 0)
(4, 1, 7, .75, 0)
(4, 1, 7, .8, 0)
(4, 1, 7, .85, 0)
(4, 1, 7, .9, 0)
(4, 1, 7, .95, 0)
(4, 1, 7, 1, 0)
(4, 1, 8, 0, 1)
(4, 1, 8, .05, 1)
(4, 1, 8, .1, .360631)
(4, 1, 8, .15, .360631)
(4, 1, 8, .2, .0608565)
(4, 1, 8, .25, .0608565)
(4, 1, 8, .3, 0)
(4, 1, 8, .35, 0)
(4, 1, 8, .4, 0)
(4, 1, 8, .45, 0)
(4, 1, 8, .5, 0)
(4, 1, 8, .55, 0)
(4, 1, 8, .6, 0)
(4, 1, 8, .65, 0)
(4, 1, 8, .7, 0)
(4, 1, 8, .75, 0)
(4, 1, 8, .8, 0)
(4, 1, 8, .85, 0)
(4, 1, 8, .9, 0)
(4, 1, 8, .95, 0)
(4, 1, 8, 1, 0)
(4, 1, 9, 0, 1)
(4, 1, 9, .05, 1)
(4, 1, 9, .1, .315552)
(4, 1, 9, .15, .315552)
(4, 1, 9, .2, .0270473)
(4, 1, 9, .25, .0270473)
(4, 1, 9, .3, 0)
(4, 1, 9, .35, 0)
(4, 1, 9, .4, 0)
(4, 1, 9, .45, 0)
(4, 1, 9, .5, 0)
(4, 1, 9, .55, 0)
(4, 1, 9, .6, 0)
(4, 1, 9, .65, 0)
(4, 1, 9, .7, 0)
(4, 1, 9, .75, 0)
(4, 1, 9, .8, 0)
(4, 1, 9, .85, 0)
(4, 1, 9, .9, 0)
(4, 1, 9, .95, 0)
(4, 1, 9, 1, 0)
(4, 1, 10, 0, 1)
(4, 1, 10, .05, 1)
(4, 1, 10, .1, .270473)
(4, 1, 10, .15, .270473)
(4, 1, 10, .2, .00676183)
(4, 1, 10, .25, .00676183)
(4, 1, 10, .3, 0)
(4, 1, 10, .35, 0)
(4, 1, 10, .4, 0)
(4, 1, 10, .45, 0)
(4, 1, 10, .5, 0)
(4, 1, 10, .55, 0)
(4, 1, 10, .6, 0)
(4, 1, 10, .65, 0)
(4, 1, 10, .7, 0)
(4, 1, 10, .75, 0)
(4, 1, 10, .8, 0)
(4, 1, 10, .85, 0)
(4, 1, 10, .9, 0)
(4, 1, 10, .95, 0)
(4, 1, 10, 1, 0)
(4, 1, 11, 0, 1)
(4, 1, 11, .05, 1)
(4, 1, 11, .1, 0)
(4, 1, 11, .15, 0)
(4, 1, 11, .2, 0)
(4, 1, 11, .25, 0)
(4, 1, 11, .3, 0)
(4, 1, 11, .35, 0)
(4, 1, 11, .4, 0)
(4, 1, 11, .45, 0)
(4, 1, 11, .5, 0)
(4, 1, 11, .55, 0)
(4, 1, 11, .6, 0)
(4, 1, 11, .65, 0)
(4, 1, 11, .7, 0)
(4, 1, 11, .75, 0)
(4, 1, 11, .8, 0)
(4, 1, 11, .85, 0)
(4, 1, 11, .9, 0)
(4, 1, 11, .95, 0)
(4, 1, 11, 1, 0)
(4, 2, 1, 0, 1)
(4, 2, 1, .05, 1)
(4, 2, 1, .1, .751315)
(4, 2, 1, .15, .751315)
(4, 2, 1, .2, .547708)
(4, 2, 1, .25, .547708)
(4, 2, 1, .3, .384673)
(4, 2, 1, .35, .384673)
(4, 2, 1, .4, .257701)
(4, 2, 1, .45, .257701)
(4, 2, 1, .5, .162284)
(4, 2, 1, .55, .0939144)
(4, 2, 1, .6, .0939144)
(4, 2, 1, .65, .0480841)
(4, 2, 1, .7, .0480841)
(4, 2, 1, .75, .0202855)
(4, 2, 1, .8, .0202855)
(4, 2, 1, .85, .00601052)
(4, 2, 1, .9, .00601052)
(4, 2, 1, .95, .000751315)
(4, 2, 1, 1, 0)
(4, 2, 2, 0, 1)
(4, 2, 2, .05, 1)
(4, 2, 2, .1, .682945)
(4, 2, 2, .15, .682945)
(4, 2, 2, .2, .447032)
(4, 2, 2, .25, .447032)
(4, 2, 2, .3, .27423)
(4, 2, 2, .35, .27423)
(4, 2, 2, .4, .150263)
(4, 2, 2, .45, .150263)
(4, 2, 2, .5, .0683696)
(4, 2, 2, .55, .0225394)
(4, 2, 2, .6, .0225394)
(4, 2, 2, .65, .00375657)
(4, 2, 2, .7, .00375657)
(4, 2, 2, .75, 0)
(4, 2, 2, .8, 0)
(4, 2, 2, .85, 0)
(4, 2, 2, .9, 0)
(4, 2, 2, .95, 0)
(4, 2, 2, 1, 0)
(4, 2, 3, 0, 1)
(4, 2, 3, .05, 1)
(4, 2, 3, .1, .614576)
(4, 2, 3, .15, .614576)
(4, 2, 3, .2, .351615)
(4, 2, 3, .25, .351615)
(4, 2, 3, .3, .172802)
(4, 2, 3, .35, .172802)
(4, 2, 3, .4, .066867)
(4, 2, 3, .45, .066867)
(4, 2, 3, .5, .0150263)
(4, 2, 3, .55, .000751315)
(4, 2, 3, .6, .000751315)
(4, 2, 3, .65, 0)
(4, 2, 3, .7, 0)
(4, 2, 3, .75, 0)
(4, 2, 3, .8, 0)
(4, 2, 3, .85, 0)
(4, 2, 3, .9, 0)
(4, 2, 3, .95, 0)
(4, 2, 3, 1, 0)
(4, 2, 4, 0, 1)
(4, 2, 4, .05, 1)
(4, 2, 4, .1, .546206)
(4, 2, 4, .15, .546206)
(4, 2, 4, .2, .266717)
(4, 2, 4, .25, .266717)
(4, 2, 4, .3, .0976709)
(4, 2, 4, .35, .0976709)
(4, 2, 4, .4, .0210368)
(4, 2, 4, .45, .0210368)
(4, 2, 4, .5, .000751315)
(4, 2, 4, .55, 0)
(4, 2, 4, .6, 0)
(4, 2, 4, .65, 0)
(4, 2, 4, .7, 0)
(4, 2, 4, .75, 0)
(4, 2, 4, .8, 0)
(4, 2, 4, .85, 0)
(4, 2, 4, .9, 0)
(4, 2, 4, .95, 0)
(4, 2, 4, 1, 0)
(4, 2, 5, 0, 1)
(4, 2, 5, .05, 1)
(4, 2, 5, .1, .49136)
(4, 2, 5, .15, .49136)
(4, 2, 5, .2, .193088)
(4, 2, 5, .25, .193088)
(4, 2, 5, .3, .0450789)
(4, 2, 5, .35, .0450789)
(4, 2, 5, .4, .00225394)
(4, 2, 5, .45, .00225394)
(4, 2, 5, .5, 0)
(4, 2, 5, .55, 0)
(4, 2, 5, .6, 0)
(4, 2, 5, .65, 0)
(4, 2, 5, .7, 0)
(4, 2, 5, .75, 0)
(4, 2, 5, .8, 0)
(4, 2, 5, .85, 0)
(4, 2, 5, .9, 0)
(4, 2, 5, .95, 0)
(4, 2, 5, 1, 0)
(4, 2, 6, 0, 1)
(4, 2, 6, .05, 1)
(4, 2, 6, .1, .436514)
(4, 2, 6, .15, .436514)
(4, 2, 6, .2, .132231)
(4, 2, 6, .25, .132231)
(4, 2, 6, .3, .0150263)
(4, 2, 6, .35, .0150263)
(4, 2, 6, .4, 0)
(4, 2, 6, .45, 0)
(4, 2, 6, .5, 0)
(4, 2, 6, .55, 0)
(4, 2, 6, .6, 0)
(4, 2, 6, .65, 0)
(4, 2, 6, .7, 0)
(4, 2, 6, .75, 0)
(4, 2, 6, .8, 0)
(4, 2, 6, .85, 0)
(4, 2, 6, .9, 0)
(4, 2, 6, .95, 0)
(4, 2, 6, 1, 0)
(4, 2, 7, 0, 1)
(4, 2, 7, .05, 1)
(4, 2, 7, .1, .381668)
(4, 2, 7, .15, .381668)
(4, 2, 7, .2, .0841473)
(4, 2, 7, .25, .0841473)
(4, 2, 7, .3, 0)
(4, 2, 7, .35, 0)
(4, 2, 7, .4, 0)
(4, 2, 7, .45, 0)
(4, 2, 7, .5, 0)
(4, 2, 7, .55, 0)
(4, 2, 7, .6, 0)
(4, 2, 7, .65, 0)
(4, 2, 7, .7, 0)
(4, 2, 7, .75, 0)
(4, 2, 7, .8, 0)
(4, 2, 7, .85, 0)
(4, 2, 7, .9, 0)
(4, 2, 7, .95, 0)
(4, 2, 7, 1, 0)
(4, 2, 8, 0, 1)
(4, 2, 8, .05, 1)
(4, 2, 8, .1, .326822)
(4, 2, 8, .15, .326822)
(4, 2, 8, .2, .0473328)
(4, 2, 8, .25, .0473328)
(4, 2, 8, .3, 0)
(4, 2, 8, .35, 0)
(4, 2, 8, .4, 0)
(4, 2, 8, .45, 0)
(4, 2, 8, .5, 0)
(4, 2, 8, .55, 0)
(4, 2, 8, .6, 0)
(4, 2, 8, .65, 0)
(4, 2, 8, .7, 0)
(4, 2, 8, .75, 0)
(4, 2, 8, .8, 0)
(4, 2, 8, .85, 0)
(4, 2, 8, .9, 0)
(4, 2, 8, .95, 0)
(4, 2, 8, 1, 0)
(4, 2, 9, 0, 1)
(4, 2, 9, .05, 1)
(4, 2, 9, .1, .2855)
(4, 2, 9, .15, .2855)
(4, 2, 9, .2, .0210368)
(4, 2, 9, .25, .0210368)
(4, 2, 9, .3, 0)
(4, 2, 9, .35, 0)
(4, 2, 9, .4, 0)
(4, 2, 9, .45, 0)
(4, 2, 9, .5, 0)
(4, 2, 9, .55, 0)
(4, 2, 9, .6, 0)
(4, 2, 9, .65, 0)
(4, 2, 9, .7, 0)
(4, 2, 9, .75, 0)
(4, 2, 9, .8, 0)
(4, 2, 9, .85, 0)
(4, 2, 9, .9, 0)
(4, 2, 9, .95, 0)
(4, 2, 9, 1, 0)
(4, 2, 10, 0, 1)
(4, 2, 10, .05, 1)
(4, 2, 10, .1, .244177)
(4, 2, 10, .15, .244177)
(4, 2, 10, .2, .0052592)
(4, 2, 10, .25, .0052592)
(4, 2, 10, .3, 0)
(4, 2, 10, .35, 0)
(4, 2, 10, .4, 0)
(4, 2, 10, .45, 0)
(4, 2, 10, .5, 0)
(4, 2, 10, .55, 0)
(4, 2, 10, .6, 0)
(4, 2, 10, .65, 0)
(4, 2, 10, .7, 0)
(4, 2, 10, .75, 0)
(4, 2, 10, .8, 0)
(4, 2, 10, .85, 0)
(4, 2, 10, .9, 0)
(4, 2, 10, .95, 0)
(4, 2, 10, 1, 0)
(4, 2, 11, 0, 1)
(4, 2, 11, .05, 1)
(4, 2, 11, .1, 0)
(4, 2, 11, .15, 0)
(4, 2, 11, .2, 0)
(4, 2, 11, .25, 0)
(4, 2, 11, .3, 0)
(4, 2, 11, .35, 0)
(4, 2, 11, .4, 0)
(4, 2, 11, .45, 0)
(4, 2, 11, .5, 0)
(4, 2, 11, .55, 0)
(4, 2, 11, .6, 0)
(4, 2, 11, .65, 0)
(4, 2, 11, .7, 0)
(4, 2, 11, .75, 0)
(4, 2, 11, .8, 0)
(4, 2, 11, .85, 0)
(4, 2, 11, .9, 0)
(4, 2, 11, .95, 0)
(4, 2, 11, 1, 0)
(4, 3, 1, 0, 1)
(4, 3, 1, .05, 1)
(4, 3, 1, .1, .676183)
(4, 3, 1, .15, .676183)
(4, 3, 1, .2, .432757)
(4, 3, 1, .25, .432757)
(4, 3, 1, .3, .252442)
(4, 3, 1, .35, .252442)
(4, 3, 1, .4, .13148)
(4, 3, 1, .45, .13148)
(4, 3, 1, .5, .0540947)
(4, 3, 1, .55, .0150263)
(4, 3, 1, .6, .0150263)
(4, 3, 1, .65, 0)
(4, 3, 1, .7, 0)
(4, 3, 1, .75, 0)
(4, 3, 1, .8, 0)
(4, 3, 1, .85, 0)
(4, 3, 1, .9, 0)
(4, 3, 1, .95, 0)
(4, 3, 1, 1, 0)
(4, 3, 2, 0, 1)
(4, 3, 2, .05, 1)
(4, 3, 2, .1, .614576)
(4, 3, 2, .15, .614576)
(4, 3, 2, .2, .351615)
(4, 3, 2, .25, .351615)
(4, 3, 2, .3, .172802)
(4, 3, 2, .35, .172802)
(4, 3, 2, .4, .066867)
(4, 3, 2, .45, .066867)
(4, 3, 2, .5, .0150263)
(4, 3, 2, .55, .000751315)
(4, 3, 2, .6, .000751315)
(4, 3, 2, .65, 0)
(4, 3, 2, .7, 0)
(4, 3, 2, .75, 0)
(4, 3, 2, .8, 0)
(4, 3, 2, .85, 0)
(4, 3, 2, .9, 0)
(4, 3, 2, .95, 0)
(4, 3, 2, 1, 0)
(4, 3, 3, 0, 1)
(4, 3, 3, .05, 1)
(4, 3, 3, .1, .552968)
(4, 3, 3, .15, .552968)
(4, 3, 3, .2, .27423)
(4, 3, 3, .25, .27423)
(4, 3, 3, .3, .102179)
(4, 3, 3, .35, .102179)
(4, 3, 3, .4, .0225394)
(4, 3, 3, .45, .0225394)
(4, 3, 3, .5, 0)
(4, 3, 3, .55, 0)
(4, 3, 3, .6, 0)
(4, 3, 3, .65, 0)
(4, 3, 3, .7, 0)
(4, 3, 3, .75, 0)
(4, 3, 3, .8, 0)
(4, 3, 3, .85, 0)
(4, 3, 3, .9, 0)
(4, 3, 3, .95, 0)
(4, 3, 3, 1, 0)
(4, 3, 4, 0, 1)
(4, 3, 4, .05, 1)
(4, 3, 4, .1, .49136)
(4, 3, 4, .15, .49136)
(4, 3, 4, .2, .205109)
(4, 3, 4, .25, .205109)
(4, 3, 4, .3, .052592)
(4, 3, 4, .35, .052592)
(4, 3, 4, .4, .00375657)
(4, 3, 4, .45, .00375657)
(4, 3, 4, .5, 0)
(4, 3, 4, .55, 0)
(4, 3, 4, .6, 0)
(4, 3, 4, .65, 0)
(4, 3, 4, .7, 0)
(4, 3, 4, .75, 0)
(4, 3, 4, .8, 0)
(4, 3, 4, .85, 0)
(4, 3, 4, .9, 0)
(4, 3, 4, .95, 0)
(4, 3, 4, 1, 0)
(4, 3, 5, 0, 1)
(4, 3, 5, .05, 1)
(4, 3, 5, .1, .441773)
(4, 3, 5, .15, .441773)
(4, 3, 5, .2, .145755)
(4, 3, 5, .25, .145755)
(4, 3, 5, .3, .0210368)
(4, 3, 5, .35, .0210368)
(4, 3, 5, .4, 0)
(4, 3, 5, .45, 0)
(4, 3, 5, .5, 0)
(4, 3, 5, .55, 0)
(4, 3, 5, .6, 0)
(4, 3, 5, .65, 0)
(4, 3, 5, .7, 0)
(4, 3, 5, .75, 0)
(4, 3, 5, .8, 0)
(4, 3, 5, .85, 0)
(4, 3, 5, .9, 0)
(4, 3, 5, .95, 0)
(4, 3, 5, 1, 0)
(4, 3, 6, 0, 1)
(4, 3, 6, .05, 1)
(4, 3, 6, .1, .392186)
(4, 3, 6, .15, .392186)
(4, 3, 6, .2, .0976709)
(4, 3, 6, .25, .0976709)
(4, 3, 6, .3, .00601052)
(4, 3, 6, .35, .00601052)
(4, 3, 6, .4, 0)
(4, 3, 6, .45, 0)
(4, 3, 6, .5, 0)
(4, 3, 6, .55, 0)
(4, 3, 6, .6, 0)
(4, 3, 6, .65, 0)
(4, 3, 6, .7, 0)
(4, 3, 6, .75, 0)
(4, 3, 6, .8, 0)
(4, 3, 6, .85, 0)
(4, 3, 6, .9, 0)
(4, 3, 6, .95, 0)
(4, 3, 6, 1, 0)
(4, 3, 7, 0, 1)
(4, 3, 7, .05, 1)
(4, 3, 7, .1, .3426)
(4, 3, 7, .15, .3426)
(4, 3, 7, .2, .0608565)
(4, 3, 7, .25, .0608565)
(4, 3, 7, .3, 0)
(4, 3, 7, .35, 0)
(4, 3, 7, .4, 0)
(4, 3, 7, .45, 0)
(4, 3, 7, .5, 0)
(4, 3, 7, .55, 0)
(4, 3, 7, .6, 0)
(4, 3, 7, .65, 0)
(4, 3, 7, .7, 0)
(4, 3, 7, .75, 0)
(4, 3, 7, .8, 0)
(4, 3, 7, .85, 0)
(4, 3, 7, .9, 0)
(4, 3, 7, .95, 0)
(4, 3, 7, 1, 0)
(4, 3, 8, 0, 1)
(4, 3, 8, .05, 1)
(4, 3, 8, .1, .293013)
(4, 3, 8, .15, .293013)
(4, 3, 8, .2, .0338092)
(4, 3, 8, .25, .0338092)
(4, 3, 8, .3, 0)
(4, 3, 8, .35, 0)
(4, 3, 8, .4, 0)
(4, 3, 8, .45, 0)
(4, 3, 8, .5, 0)
(4, 3, 8, .55, 0)
(4, 3, 8, .6, 0)
(4, 3, 8, .65, 0)
(4, 3, 8, .7, 0)
(4, 3, 8, .75, 0)
(4, 3, 8, .8, 0)
(4, 3, 8, .85, 0)
(4, 3, 8, .9, 0)
(4, 3, 8, .95, 0)
(4, 3, 8, 1, 0)
(4, 3, 9, 0, 1)
(4, 3, 9, .05, 1)
(4, 3, 9, .1, .255447)
(4, 3, 9, .15, .255447)
(4, 3, 9, .2, .0150263)
(4, 3, 9, .25, .0150263)
(4, 3, 9, .3, 0)
(4, 3, 9, .35, 0)
(4, 3, 9, .4, 0)
(4, 3, 9, .45, 0)
(4, 3, 9, .5, 0)
(4, 3, 9, .55, 0)
(4, 3, 9, .6, 0)
(4, 3, 9, .65, 0)
(4, 3, 9, .7, 0)
(4, 3, 9, .75, 0)
(4, 3, 9, .8, 0)
(4, 3, 9, .85, 0)
(4, 3, 9, .9, 0)
(4, 3, 9, .95, 0)
(4, 3, 9, 1, 0)
(4, 3, 10, 0, 1)
(4, 3, 10, .05, 1)
(4, 3, 10, .1, .217881)
(4, 3, 10, .15, .217881)
(4, 3, 10, .2, .00375657)
(4, 3, 10, .25, .00375657)
(4, 3, 10, .3, 0)
(4, 3, 10, .35, 0)
(4, 3, 10, .4, 0)
(4, 3, 10, .45, 0)
(4, 3, 10, .5, 0)
(4, 3, 10, .55, 0)
(4, 3, 10, .6, 0)
(4, 3, 10, .65, 0)
(4, 3, 10, .7, 0)
(4, 3, 10, .75, 0)
(4, 3, 10, .8, 0)
(4, 3, 10, .85, 0)
(4, 3, 10, .9, 0)
(4, 3, 10, .95, 0)
(4, 3, 10, 1, 0)
(4, 3, 11, 0, 1)
(4, 3, 11, .05, 1)
(4, 3, 11, .1, 0)
(4, 3, 11, .15, 0)
(4, 3, 11, .2, 0)
(4, 3, 11, .25, 0)
(4, 3, 11, .3, 0)
(4, 3, 11, .35, 0)
(4, 3, 11, .4, 0)
(4, 3, 11, .45, 0)
(4, 3, 11, .5, 0)
(4, 3, 11, .55, 0)
(4, 3, 11, .6, 0)
(4, 3, 11, .65, 0)
(4, 3, 11, .7, 0)
(4, 3, 11, .75, 0)
(4, 3, 11, .8, 0)
(4, 3, 11, .85, 0)
(4, 3, 11, .9, 0)
(4, 3, 11, .95, 0)
(4, 3, 11, 1, 0)
(4, 4, 1, 0, 1)
(4, 4, 1, .05, 1)
(4, 4, 1, .1, .601052)
(4, 4, 1, .15, .601052)
(4, 4, 1, .2, .33133)
(4, 4, 1, .25, .33133)
(4, 4, 1, .3, .150263)
(4, 4, 1, .35, .150263)
(4, 4, 1, .4, .0473328)
(4, 4, 1, .45, .0473328)
(4, 4, 1, .5, .00450789)
(4, 4, 1, .55, 0)
(4, 4, 1, .6, 0)
(4, 4, 1, .65, 0)
(4, 4, 1, .7, 0)
(4, 4, 1, .75, 0)
(4, 4, 1, .8, 0)
(4, 4, 1, .85, 0)
(4, 4, 1, .9, 0)
(4, 4, 1, .95, 0)
(4, 4, 1, 1, 0)
(4, 4, 2, 0, 1)
(4, 4, 2, .05, 1)
(4, 4, 2, .1, .546206)
(4, 4, 2, .15, .546206)
(4, 4, 2, .2, .266717)
(4, 4, 2, .25, .266717)
(4, 4, 2, .3, .0976709)
(4, 4, 2, .35, .0976709)
(4, 4, 2, .4, .0210368)
(4, 4, 2, .45, .0210368)
(4, 4, 2, .5, .000751315)
(4, 4, 2, .55, 0)
(4, 4, 2, .6, 0)
(4, 4, 2, .65, 0)
(4, 4, 2, .7, 0)
(4, 4, 2, .75, 0)
(4, 4, 2, .8, 0)
(4, 4, 2, .85, 0)
(4, 4, 2, .9, 0)
(4, 4, 2, .95, 0)
(4, 4, 2, 1, 0)
(4, 4, 3, 0, 1)
(4, 4, 3, .05, 1)
(4, 4, 3, .1, .49136)
(4, 4, 3, .15, .49136)
(4, 4, 3, .2, .205109)
(4, 4, 3, .25, .205109)
(4, 4, 3, .3, .052592)
(4, 4, 3, .35, .052592)
(4, 4, 3, .4, .00375657)
(4, 4, 3, .45, .00375657)
(4, 4, 3, .5, 0)
(4, 4, 3, .55, 0)
(4, 4, 3, .6, 0)
(4, 4, 3, .65, 0)
(4, 4, 3, .7, 0)
(4, 4, 3, .75, 0)
(4, 4, 3, .8, 0)
(4, 4, 3, .85, 0)
(4, 4, 3, .9, 0)
(4, 4, 3, .95, 0)
(4, 4, 3, 1, 0)
(4, 4, 4, 0, 1)
(4, 4, 4, .05, 1)
(4, 4, 4, .1, .436514)
(4, 4, 4, .15, .436514)
(4, 4, 4, .2, .150263)
(4, 4, 4, .25, .150263)
(4, 4, 4, .3, .0225394)
(4, 4, 4, .35, .0225394)
(4, 4, 4, .4, 0)
(4, 4, 4, .45, 0)
(4, 4, 4, .5, 0)
(4, 4, 4, .55, 0)
(4, 4, 4, .6, 0)
(4, 4, 4, .65, 0)
(4, 4, 4, .7, 0)
(4, 4, 4, .75, 0)
(4, 4, 4, .8, 0)
(4, 4, 4, .85, 0)
(4, 4, 4, .9, 0)
(4, 4, 4, .95, 0)
(4, 4, 4, 1, 0)
(4, 4, 5, 0, 1)
(4, 4, 5, .05, 1)
(4, 4, 5, .1, .392186)
(4, 4, 5, .15, .392186)
(4, 4, 5, .2, .103681)
(4, 4, 5, .25, .103681)
(4, 4, 5, .3, .00601052)
(4, 4, 5, .35, .00601052)
(4, 4, 5, .4, 0)
(4, 4, 5, .45, 0)
(4, 4, 5, .5, 0)
(4, 4, 5, .55, 0)
(4, 4, 5, .6, 0)
(4, 4, 5, .65, 0)
(4, 4, 5, .7, 0)
(4, 4, 5, .75, 0)
(4, 4, 5, .8, 0)
(4, 4, 5, .85, 0)
(4, 4, 5, .9, 0)
(4, 4, 5, .95, 0)
(4, 4, 5, 1, 0)
(4, 4, 6, 0, 1)
(4, 4, 6, .05, 1)
(4, 4, 6, .1, .347859)
(4, 4, 6, .15, .347859)
(4, 4, 6, .2, .066867)
(4, 4, 6, .25, .066867)
(4, 4, 6, .3, .000751315)
(4, 4, 6, .35, .000751315)
(4, 4, 6, .4, 0)
(4, 4, 6, .45, 0)
(4, 4, 6, .5, 0)
(4, 4, 6, .55, 0)
(4, 4, 6, .6, 0)
(4, 4, 6, .65, 0)
(4, 4, 6, .7, 0)
(4, 4, 6, .75, 0)
(4, 4, 6, .8, 0)
(4, 4, 6, .85, 0)
(4, 4, 6, .9, 0)
(4, 4, 6, .95, 0)
(4, 4, 6, 1, 0)
(4, 4, 7, 0, 1)
(4, 4, 7, .05, 1)
(4, 4, 7, .1, .303531)
(4, 4, 7, .15, .303531)
(4, 4, 7, .2, .0390684)
(4, 4, 7, .25, .0390684)
(4, 4, 7, .3, 0)
(4, 4, 7, .35, 0)
(4, 4, 7, .4, 0)
(4, 4, 7, .45, 0)
(4, 4, 7, .5, 0)
(4, 4, 7, .55, 0)
(4, 4, 7, .6, 0)
(4, 4, 7, .65, 0)
(4, 4, 7, .7, 0)
(4, 4, 7, .75, 0)
(4, 4, 7, .8, 0)
(4, 4, 7, .85, 0)
(4, 4, 7, .9, 0)
(4, 4, 7, .95, 0)
(4, 4, 7, 1, 0)
(4, 4, 8, 0, 1)
(4, 4, 8, .05, 1)
(4, 4, 8, .1, .259204)
(4, 4, 8, .15, .259204)
(4, 4, 8, .2, .0210368)
(4, 4, 8, .25, .0210368)
(4, 4, 8, .3, 0)
(4, 4, 8, .35, 0)
(4, 4, 8, .4, 0)
(4, 4, 8, .45, 0)
(4, 4, 8, .5, 0)
(4, 4, 8, .55, 0)
(4, 4, 8, .6, 0)
(4, 4, 8, .65, 0)
(4, 4, 8, .7, 0)
(4, 4, 8, .75, 0)
(4, 4, 8, .8, 0)
(4, 4, 8, .85, 0)
(4, 4, 8, .9, 0)
(4, 4, 8, .95, 0)
(4, 4, 8, 1, 0)
(4, 4, 9, 0, 1)
(4, 4, 9, .05, 1)
(4, 4, 9, .1, .225394)
(4, 4, 9, .15, .225394)
(4, 4, 9, .2, .00901578)
(4, 4, 9, .25, .00901578)
(4, 4, 9, .3, 0)
(4, 4, 9, .35, 0)
(4, 4, 9, .4, 0)
(4, 4, 9, .45, 0)
(4, 4, 9, .5, 0)
(4, 4, 9, .55, 0)
(4, 4, 9, .6, 0)
(4, 4, 9, .65, 0)
(4, 4, 9, .7, 0)
(4, 4, 9, .75, 0)
(4, 4, 9, .8, 0)
(4, 4, 9, .85, 0)
(4, 4, 9, .9, 0)
(4, 4, 9, .95, 0)
(4, 4, 9, 1, 0)
(4, 4, 10, 0, 1)
(4, 4, 10, .05, 1)
(4, 4, 10, .1, .192337)
(4, 4, 10, .15, .192337)
(4, 4, 10, .2, .00225394)
(4, 4, 10, .25, .00225394)
(4, 4, 10, .3, 0)
(4, 4, 10, .35, 0)
(4, 4, 10, .4, 0)
(4, 4, 10, .45, 0)
(4, 4, 10, .5, 0)
(4, 4, 10, .55, 0)
(4, 4, 10, .6, 0)
(4, 4, 10, .65, 0)
(4, 4, 10, .7, 0)
(4, 4, 10, .75, 0)
(4, 4, 10, .8, 0)
(4, 4, 10, .85, 0)
(4, 4, 10, .9, 0)
(4, 4, 10, .95, 0)
(4, 4, 10, 1, 0)
(4, 4, 11, 0, 1)
(4, 4, 11, .05, 1)
(4, 4, 11, .1, 0)
(4, 4, 11, .15, 0)
(4, 4, 11, .2, 0)
(4, 4, 11, .25, 0)
(4, 4, 11, .3, 0)
(4, 4, 11, .35, 0)
(4, 4, 11, .4, 0)
(4, 4, 11, .45, 0)
(4, 4, 11, .5, 0)
(4, 4, 11, .55, 0)
(4, 4, 11, .6, 0)
(4, 4, 11, .65, 0)
(4, 4, 11, .7, 0)
(4, 4, 11, .75, 0)
(4, 4, 11, .8, 0)
(4, 4, 11, .85, 0)
(4, 4, 11, .9, 0)
(4, 4, 11, .95, 0)
(4, 4, 11, 1, 0)
(4, 5, 1, 0, 1)
(4, 5, 1, .05, 1)
(4, 5, 1, .1, .540947)
(4, 5, 1, .15, .540947)
(4, 5, 1, .2, .243426)
(4, 5, 1, .25, .243426)
(4, 5, 1, .3, .0721262)
(4, 5, 1, .35, .0721262)
(4, 5, 1, .4, .0052592)
(4, 5, 1, .45, .0052592)
(4, 5, 1, .5, 0)
(4, 5, 1, .55, 0)
(4, 5, 1, .6, 0)
(4, 5, 1, .65, 0)
(4, 5, 1, .7, 0)
(4, 5, 1, .75, 0)
(4, 5, 1, .8, 0)
(4, 5, 1, .85, 0)
(4, 5, 1, .9, 0)
(4, 5, 1, .95, 0)
(4, 5, 1, 1, 0)
(4, 5, 2, 0, 1)
(4, 5, 2, .05, 1)
(4, 5, 2, .1, .49136)
(4, 5, 2, .15, .49136)
(4, 5, 2, .2, .193088)
(4, 5, 2, .25, .193088)
(4, 5, 2, .3, .0450789)
(4, 5, 2, .35, .0450789)
(4, 5, 2, .4, .00225394)
(4, 5, 2, .45, .00225394)
(4, 5, 2, .5, 0)
(4, 5, 2, .55, 0)
(4, 5, 2, .6, 0)
(4, 5, 2, .65, 0)
(4, 5, 2, .7, 0)
(4, 5, 2, .75, 0)
(4, 5, 2, .8, 0)
(4, 5, 2, .85, 0)
(4, 5, 2, .9, 0)
(4, 5, 2, .95, 0)
(4, 5, 2, 1, 0)
(4, 5, 3, 0, 1)
(4, 5, 3, .05, 1)
(4, 5, 3, .1, .441773)
(4, 5, 3, .15, .441773)
(4, 5, 3, .2, .145755)
(4, 5, 3, .25, .145755)
(4, 5, 3, .3, .0210368)
(4, 5, 3, .35, .0210368)
(4, 5, 3, .4, 0)
(4, 5, 3, .45, 0)
(4, 5, 3, .5, 0)
(4, 5, 3, .55, 0)
(4, 5, 3, .6, 0)
(4, 5, 3, .65, 0)
(4, 5, 3, .7, 0)
(4, 5, 3, .75, 0)
(4, 5, 3, .8, 0)
(4, 5, 3, .85, 0)
(4, 5, 3, .9, 0)
(4, 5, 3, .95, 0)
(4, 5, 3, 1, 0)
(4, 5, 4, 0, 1)
(4, 5, 4, .05, 1)
(4, 5, 4, .1, .392186)
(4, 5, 4, .15, .392186)
(4, 5, 4, .2, .103681)
(4, 5, 4, .25, .103681)
(4, 5, 4, .3, .00601052)
(4, 5, 4, .35, .00601052)
(4, 5, 4, .4, 0)
(4, 5, 4, .45, 0)
(4, 5, 4, .5, 0)
(4, 5, 4, .55, 0)
(4, 5, 4, .6, 0)
(4, 5, 4, .65, 0)
(4, 5, 4, .7, 0)
(4, 5, 4, .75, 0)
(4, 5, 4, .8, 0)
(4, 5, 4, .85, 0)
(4, 5, 4, .9, 0)
(4, 5, 4, .95, 0)
(4, 5, 4, 1, 0)
(4, 5, 5, 0, 1)
(4, 5, 5, .05, 1)
(4, 5, 5, .1, .351615)
(4, 5, 5, .15, .351615)
(4, 5, 5, .2, .0683696)
(4, 5, 5, .25, .0683696)
(4, 5, 5, .3, 0)
(4, 5, 5, .35, 0)
(4, 5, 5, .4, 0)
(4, 5, 5, .45, 0)
(4, 5, 5, .5, 0)
(4, 5, 5, .55, 0)
(4, 5, 5, .6, 0)
(4, 5, 5, .65, 0)
(4, 5, 5, .7, 0)
(4, 5, 5, .75, 0)
(4, 5, 5, .8, 0)
(4, 5, 5, .85, 0)
(4, 5, 5, .9, 0)
(4, 5, 5, .95, 0)
(4, 5, 5, 1, 0)
(4, 5, 6, 0, 1)
(4, 5, 6, .05, 1)
(4, 5, 6, .1, .311044)
(4, 5, 6, .15, .311044)
(4, 5, 6, .2, .0413223)
(4, 5, 6, .25, .0413223)
(4, 5, 6, .3, 0)
(4, 5, 6, .35, 0)
(4, 5, 6, .4, 0)
(4, 5, 6, .45, 0)
(4, 5, 6, .5, 0)
(4, 5, 6, .55, 0)
(4, 5, 6, .6, 0)
(4, 5, 6, .65, 0)
(4, 5, 6, .7, 0)
(4, 5, 6, .75, 0)
(4, 5, 6, .8, 0)
(4, 5, 6, .85, 0)
(4, 5, 6, .9, 0)
(4, 5, 6, .95, 0)
(4, 5, 6, 1, 0)
(4, 5, 7, 0, 1)
(4, 5, 7, .05, 1)
(4, 5, 7, .1, .270473)
(4, 5, 7, .15, .270473)
(4, 5, 7, .2, .0210368)
(4, 5, 7, .25, .0210368)
(4, 5, 7, .3, 0)
(4, 5, 7, .35, 0)
(4, 5, 7, .4, 0)
(4, 5, 7, .45, 0)
(4, 5, 7, .5, 0)
(4, 5, 7, .55, 0)
(4, 5, 7, .6, 0)
(4, 5, 7, .65, 0)
(4, 5, 7, .7, 0)
(4, 5, 7, .75, 0)
(4, 5, 7, .8, 0)
(4, 5, 7, .85, 0)
(4, 5, 7, .9, 0)
(4, 5, 7, .95, 0)
(4, 5, 7, 1, 0)
(4, 5, 8, 0, 1)
(4, 5, 8, .05, 1)
(4, 5, 8, .1, .229902)
(4, 5, 8, .15, .229902)
(4, 5, 8, .2, .0105184)
(4, 5, 8, .25, .0105184)
(4, 5, 8, .3, 0)
(4, 5, 8, .35, 0)
(4, 5, 8, .4, 0)
(4, 5, 8, .45, 0)
(4, 5, 8, .5, 0)
(4, 5, 8, .55, 0)
(4, 5, 8, .6, 0)
(4, 5, 8, .65, 0)
(4, 5, 8, .7, 0)
(4, 5, 8, .75, 0)
(4, 5, 8, .8, 0)
(4, 5, 8, .85, 0)
(4, 5, 8, .9, 0)
(4, 5, 8, .95, 0)
(4, 5, 8, 1, 0)
(4, 5, 9, 0, 1)
(4, 5, 9, .05, 1)
(4, 5, 9, .1, .198347)
(4, 5, 9, .15, .198347)
(4, 5, 9, .2, .00375657)
(4, 5, 9, .25, .00375657)
(4, 5, 9, .3, 0)
(4, 5, 9, .35, 0)
(4, 5, 9, .4, 0)
(4, 5, 9, .45, 0)
(4, 5, 9, .5, 0)
(4, 5, 9, .55, 0)
(4, 5, 9, .6, 0)
(4, 5, 9, .65, 0)
(4, 5, 9, .7, 0)
(4, 5, 9, .75, 0)
(4, 5, 9, .8, 0)
(4, 5, 9, .85, 0)
(4, 5, 9, .9, 0)
(4, 5, 9, .95, 0)
(4, 5, 9, 1, 0)
(4, 5, 10, 0, 1)
(4, 5, 10, .05, 1)
(4, 5, 10, .1, .168295)
(4, 5, 10, .15, .168295)
(4, 5, 10, .2, .000751315)
(4, 5, 10, .25, .000751315)
(4, 5, 10, .3, 0)
(4, 5, 10, .35, 0)
(4, 5, 10, .4, 0)
(4, 5, 10, .45, 0)
(4, 5, 10, .5, 0)
(4, 5, 10, .55, 0)
(4, 5, 10, .6, 0)
(4, 5, 10, .65, 0)
(4, 5, 10, .7, 0)
(4, 5, 10, .75, 0)
(4, 5, 10, .8, 0)
(4, 5, 10, .85, 0)
(4, 5, 10, .9, 0)
(4, 5, 10, .95, 0)
(4, 5, 10, 1, 0)
(4, 5, 11, 0, 1)
(4, 5, 11, .05, 1)
(4, 5, 11, .1, 0)
(4, 5, 11, .15, 0)
(4, 5, 11, .2, 0)
(4, 5, 11, .25, 0)
(4, 5, 11, .3, 0)
(4, 5, 11, .35, 0)
(4, 5, 11, .4, 0)
(4, 5, 11, .45, 0)
(4, 5, 11, .5, 0)
(4, 5, 11, .55, 0)
(4, 5, 11, .6, 0)
(4, 5, 11, .65, 0)
(4, 5, 11, .7, 0)
(4, 5, 11, .75, 0)
(4, 5, 11, .8, 0)
(4, 5, 11, .85, 0)
(4, 5, 11, .9, 0)
(4, 5, 11, .95, 0)
(4, 5, 11, 1, 0)
(4, 6, 1, 0, 1)
(4, 6, 1, .05, 1)
(4, 6, 1, .1, .480841)
(4, 6, 1, .15, .480841)
(4, 6, 1, .2, .169046)
(4, 6, 1, .25, .169046)
(4, 6, 1, .3, .0240421)
(4, 6, 1, .35, .0240421)
(4, 6, 1, .4, 0)
(4, 6, 1, .45, 0)
(4, 6, 1, .5, 0)
(4, 6, 1, .55, 0)
(4, 6, 1, .6, 0)
(4, 6, 1, .65, 0)
(4, 6, 1, .7, 0)
(4, 6, 1, .75, 0)
(4, 6, 1, .8, 0)
(4, 6, 1, .85, 0)
(4, 6, 1, .9, 0)
(4, 6, 1, .95, 0)
(4, 6, 1, 1, 0)
(4, 6, 2, 0, 1)
(4, 6, 2, .05, 1)
(4, 6, 2, .1, .436514)
(4, 6, 2, .15, .436514)
(4, 6, 2, .2, .132231)
(4, 6, 2, .25, .132231)
(4, 6, 2, .3, .0150263)
(4, 6, 2, .35, .0150263)
(4, 6, 2, .4, 0)
(4, 6, 2, .45, 0)
(4, 6, 2, .5, 0)
(4, 6, 2, .55, 0)
(4, 6, 2, .6, 0)
(4, 6, 2, .65, 0)
(4, 6, 2, .7, 0)
(4, 6, 2, .75, 0)
(4, 6, 2, .8, 0)
(4, 6, 2, .85, 0)
(4, 6, 2, .9, 0)
(4, 6, 2, .95, 0)
(4, 6, 2, 1, 0)
(4, 6, 3, 0, 1)
(4, 6, 3, .05, 1)
(4, 6, 3, .1, .392186)
(4, 6, 3, .15, .392186)
(4, 6, 3, .2, .0976709)
(4, 6, 3, .25, .0976709)
(4, 6, 3, .3, .00601052)
(4, 6, 3, .35, .00601052)
(4, 6, 3, .4, 0)
(4, 6, 3, .45, 0)
(4, 6, 3, .5, 0)
(4, 6, 3, .55, 0)
(4, 6, 3, .6, 0)
(4, 6, 3, .65, 0)
(4, 6, 3, .7, 0)
(4, 6, 3, .75, 0)
(4, 6, 3, .8, 0)
(4, 6, 3, .85, 0)
(4, 6, 3, .9, 0)
(4, 6, 3, .95, 0)
(4, 6, 3, 1, 0)
(4, 6, 4, 0, 1)
(4, 6, 4, .05, 1)
(4, 6, 4, .1, .347859)
(4, 6, 4, .15, .347859)
(4, 6, 4, .2, .066867)
(4, 6, 4, .25, .066867)
(4, 6, 4, .3, .000751315)
(4, 6, 4, .35, .000751315)
(4, 6, 4, .4, 0)
(4, 6, 4, .45, 0)
(4, 6, 4, .5, 0)
(4, 6, 4, .55, 0)
(4, 6, 4, .6, 0)
(4, 6, 4, .65, 0)
(4, 6, 4, .7, 0)
(4, 6, 4, .75, 0)
(4, 6, 4, .8, 0)
(4, 6, 4, .85, 0)
(4, 6, 4, .9, 0)
(4, 6, 4, .95, 0)
(4, 6, 4, 1, 0)
(4, 6, 5, 0, 1)
(4, 6, 5, .05, 1)
(4, 6, 5, .1, .311044)
(4, 6, 5, .15, .311044)
(4, 6, 5, .2, .0413223)
(4, 6, 5, .25, .0413223)
(4, 6, 5, .3, 0)
(4, 6, 5, .35, 0)
(4, 6, 5, .4, 0)
(4, 6, 5, .45, 0)
(4, 6, 5, .5, 0)
(4, 6, 5, .55, 0)
(4, 6, 5, .6, 0)
(4, 6, 5, .65, 0)
(4, 6, 5, .7, 0)
(4, 6, 5, .75, 0)
(4, 6, 5, .8, 0)
(4, 6, 5, .85, 0)
(4, 6, 5, .9, 0)
(4, 6, 5, .95, 0)
(4, 6, 5, 1, 0)
(4, 6, 6, 0, 1)
(4, 6, 6, .05, 1)
(4, 6, 6, .1, .27423)
(4, 6, 6, .15, .27423)
(4, 6, 6, .2, .0225394)
(4, 6, 6, .25, .0225394)
(4, 6, 6, .3, 0)
(4, 6, 6, .35, 0)
(4, 6, 6, .4, 0)
(4, 6, 6, .45, 0)
(4, 6, 6, .5, 0)
(4, 6, 6, .55, 0)
(4, 6, 6, .6, 0)
(4, 6, 6, .65, 0)
(4, 6, 6, .7, 0)
(4, 6, 6, .75, 0)
(4, 6, 6, .8, 0)
(4, 6, 6, .85, 0)
(4, 6, 6, .9, 0)
(4, 6, 6, .95, 0)
(4, 6, 6, 1, 0)
(4, 6, 7, 0, 1)
(4, 6, 7, .05, 1)
(4, 6, 7, .1, .237415)
(4, 6, 7, .15, .237415)
(4, 6, 7, .2, .00901578)
(4, 6, 7, .25, .00901578)
(4, 6, 7, .3, 0)
(4, 6, 7, .35, 0)
(4, 6, 7, .4, 0)
(4, 6, 7, .45, 0)
(4, 6, 7, .5, 0)
(4, 6, 7, .55, 0)
(4, 6, 7, .6, 0)
(4, 6, 7, .65, 0)
(4, 6, 7, .7, 0)
(4, 6, 7, .75, 0)
(4, 6, 7, .8, 0)
(4, 6, 7, .85, 0)
(4, 6, 7, .9, 0)
(4, 6, 7, .95, 0)
(4, 6, 7, 1, 0)
(4, 6, 8, 0, 1)
(4, 6, 8, .05, 1)
(4, 6, 8, .1, .201352)
(4, 6, 8, .15, .201352)
(4, 6, 8, .2, .00375657)
(4, 6, 8, .25, .00375657)
(4, 6, 8, .3, 0)
(4, 6, 8, .35, 0)
(4, 6, 8, .4, 0)
(4, 6, 8, .45, 0)
(4, 6, 8, .5, 0)
(4, 6, 8, .55, 0)
(4, 6, 8, .6, 0)
(4, 6, 8, .65, 0)
(4, 6, 8, .7, 0)
(4, 6, 8, .75, 0)
(4, 6, 8, .8, 0)
(4, 6, 8, .85, 0)
(4, 6, 8, .9, 0)
(4, 6, 8, .95, 0)
(4, 6, 8, 1, 0)
(4, 6, 9, 0, 1)
(4, 6, 9, .05, 1)
(4, 6, 9, .1, .172802)
(4, 6, 9, .15, .172802)
(4, 6, 9, .2, .000751315)
(4, 6, 9, .25, .000751315)
(4, 6, 9, .3, 0)
(4, 6, 9, .35, 0)
(4, 6, 9, .4, 0)
(4, 6, 9, .45, 0)
(4, 6, 9, .5, 0)
(4, 6, 9, .55, 0)
(4, 6, 9, .6, 0)
(4, 6, 9, .65, 0)
(4, 6, 9, .7, 0)
(4, 6, 9, .75, 0)
(4, 6, 9, .8, 0)
(4, 6, 9, .85, 0)
(4, 6, 9, .9, 0)
(4, 6, 9, .95, 0)
(4, 6, 9, 1, 0)
(4, 6, 10, 0, 1)
(4, 6, 10, .05, 1)
(4, 6, 10, .1, .145755)
(4, 6, 10, .15, .145755)
(4, 6, 10, .2, 0)
(4, 6, 10, .25, 0)
(4, 6, 10, .3, 0)
(4, 6, 10, .35, 0)
(4, 6, 10, .4, 0)
(4, 6, 10, .45, 0)
(4, 6, 10, .5, 0)
(4, 6, 10, .55, 0)
(4, 6, 10, .6, 0)
(4, 6, 10, .65, 0)
(4, 6, 10, .7, 0)
(4, 6, 10, .75, 0)
(4, 6, 10, .8, 0)
(4, 6, 10, .85, 0)
(4, 6, 10, .9, 0)
(4, 6, 10, .95, 0)
(4, 6, 10, 1, 0)
(4, 6, 11, 0, 1)
(4, 6, 11, .05, 1)
(4, 6, 11, .1, 0)
(4, 6, 11, .15, 0)
(4, 6, 11, .2, 0)
(4, 6, 11, .25, 0)
(4, 6, 11, .3, 0)
(4, 6, 11, .35, 0)
(4, 6, 11, .4, 0)
(4, 6, 11, .45, 0)
(4, 6, 11, .5, 0)
(4, 6, 11, .55, 0)
(4, 6, 11, .6, 0)
(4, 6, 11, .65, 0)
(4, 6, 11, .7, 0)
(4, 6, 11, .75, 0)
(4, 6, 11, .8, 0)
(4, 6, 11, .85, 0)
(4, 6, 11, .9, 0)
(4, 6, 11, .95, 0)
(4, 6, 11, 1, 0)
(4, 7, 1, 0, 1)
(4, 7, 1, .05, 1)
(4, 7, 1, .1, .420736)
(4, 7, 1, .15, .420736)
(4, 7, 1, .2, .108189)
(4, 7, 1, .25, .108189)
(4, 7, 1, .3, 0)
(4, 7, 1, .35, 0)
(4, 7, 1, .4, 0)
(4, 7, 1, .45, 0)
(4, 7, 1, .5, 0)
(4, 7, 1, .55, 0)
(4, 7, 1, .6, 0)
(4, 7, 1, .65, 0)
(4, 7, 1, .7, 0)
(4, 7, 1, .75, 0)
(4, 7, 1, .8, 0)
(4, 7, 1, .85, 0)
(4, 7, 1, .9, 0)
(4, 7, 1, .95, 0)
(4, 7, 1, 1, 0)
(4, 7, 2, 0, 1)
(4, 7, 2, .05, 1)
(4, 7, 2, .1, .381668)
(4, 7, 2, .15, .381668)
(4, 7, 2, .2, .0841473)
(4, 7, 2, .25, .0841473)
(4, 7, 2, .3, 0)
(4, 7, 2, .35, 0)
(4, 7, 2, .4, 0)
(4, 7, 2, .45, 0)
(4, 7, 2, .5, 0)
(4, 7, 2, .55, 0)
(4, 7, 2, .6, 0)
(4, 7, 2, .65, 0)
(4, 7, 2, .7, 0)
(4, 7, 2, .75, 0)
(4, 7, 2, .8, 0)
(4, 7, 2, .85, 0)
(4, 7, 2, .9, 0)
(4, 7, 2, .95, 0)
(4, 7, 2, 1, 0)
(4, 7, 3, 0, 1)
(4, 7, 3, .05, 1)
(4, 7, 3, .1, .3426)
(4, 7, 3, .15, .3426)
(4, 7, 3, .2, .0608565)
(4, 7, 3, .25, .0608565)
(4, 7, 3, .3, 0)
(4, 7, 3, .35, 0)
(4, 7, 3, .4, 0)
(4, 7, 3, .45, 0)
(4, 7, 3, .5, 0)
(4, 7, 3, .55, 0)
(4, 7, 3, .6, 0)
(4, 7, 3, .65, 0)
(4, 7, 3, .7, 0)
(4, 7, 3, .75, 0)
(4, 7, 3, .8, 0)
(4, 7, 3, .85, 0)
(4, 7, 3, .9, 0)
(4, 7, 3, .95, 0)
(4, 7, 3, 1, 0)
(4, 7, 4, 0, 1)
(4, 7, 4, .05, 1)
(4, 7, 4, .1, .303531)
(4, 7, 4, .15, .303531)
(4, 7, 4, .2, .0390684)
(4, 7, 4, .25, .0390684)
(4, 7, 4, .3, 0)
(4, 7, 4, .35, 0)
(4, 7, 4, .4, 0)
(4, 7, 4, .45, 0)
(4, 7, 4, .5, 0)
(4, 7, 4, .55, 0)
(4, 7, 4, .6, 0)
(4, 7, 4, .65, 0)
(4, 7, 4, .7, 0)
(4, 7, 4, .75, 0)
(4, 7, 4, .8, 0)
(4, 7, 4, .85, 0)
(4, 7, 4, .9, 0)
(4, 7, 4, .95, 0)
(4, 7, 4, 1, 0)
(4, 7, 5, 0, 1)
(4, 7, 5, .05, 1)
(4, 7, 5, .1, .270473)
(4, 7, 5, .15, .270473)
(4, 7, 5, .2, .0210368)
(4, 7, 5, .25, .0210368)
(4, 7, 5, .3, 0)
(4, 7, 5, .35, 0)
(4, 7, 5, .4, 0)
(4, 7, 5, .45, 0)
(4, 7, 5, .5, 0)
(4, 7, 5, .55, 0)
(4, 7, 5, .6, 0)
(4, 7, 5, .65, 0)
(4, 7, 5, .7, 0)
(4, 7, 5, .75, 0)
(4, 7, 5, .8, 0)
(4, 7, 5, .85, 0)
(4, 7, 5, .9, 0)
(4, 7, 5, .95, 0)
(4, 7, 5, 1, 0)
(4, 7, 6, 0, 1)
(4, 7, 6, .05, 1)
(4, 7, 6, .1, .237415)
(4, 7, 6, .15, .237415)
(4, 7, 6, .2, .00901578)
(4, 7, 6, .25, .00901578)
(4, 7, 6, .3, 0)
(4, 7, 6, .35, 0)
(4, 7, 6, .4, 0)
(4, 7, 6, .45, 0)
(4, 7, 6, .5, 0)
(4, 7, 6, .55, 0)
(4, 7, 6, .6, 0)
(4, 7, 6, .65, 0)
(4, 7, 6, .7, 0)
(4, 7, 6, .75, 0)
(4, 7, 6, .8, 0)
(4, 7, 6, .85, 0)
(4, 7, 6, .9, 0)
(4, 7, 6, .95, 0)
(4, 7, 6, 1, 0)
(4, 7, 7, 0, 1)
(4, 7, 7, .05, 1)
(4, 7, 7, .1, .204358)
(4, 7, 7, .15, .204358)
(4, 7, 7, .2, .00225394)
(4, 7, 7, .25, .00225394)
(4, 7, 7, .3, 0)
(4, 7, 7, .35, 0)
(4, 7, 7, .4, 0)
(4, 7, 7, .45, 0)
(4, 7, 7, .5, 0)
(4, 7, 7, .55, 0)
(4, 7, 7, .6, 0)
(4, 7, 7, .65, 0)
(4, 7, 7, .7, 0)
(4, 7, 7, .75, 0)
(4, 7, 7, .8, 0)
(4, 7, 7, .85, 0)
(4, 7, 7, .9, 0)
(4, 7, 7, .95, 0)
(4, 7, 7, 1, 0)
(4, 7, 8, 0, 1)
(4, 7, 8, .05, 1)
(4, 7, 8, .1, .172802)
(4, 7, 8, .15, .172802)
(4, 7, 8, .2, .000751315)
(4, 7, 8, .25, .000751315)
(4, 7, 8, .3, 0)
(4, 7, 8, .35, 0)
(4, 7, 8, .4, 0)
(4, 7, 8, .45, 0)
(4, 7, 8, .5, 0)
(4, 7, 8, .55, 0)
(4, 7, 8, .6, 0)
(4, 7, 8, .65, 0)
(4, 7, 8, .7, 0)
(4, 7, 8, .75, 0)
(4, 7, 8, .8, 0)
(4, 7, 8, .85, 0)
(4, 7, 8, .9, 0)
(4, 7, 8, .95, 0)
(4, 7, 8, 1, 0)
(4, 7, 9, 0, 1)
(4, 7, 9, .05, 1)
(4, 7, 9, .1, .147258)
(4, 7, 9, .15, .147258)
(4, 7, 9, .2, 0)
(4, 7, 9, .25, 0)
(4, 7, 9, .3, 0)
(4, 7, 9, .35, 0)
(4, 7, 9, .4, 0)
(4, 7, 9, .45, 0)
(4, 7, 9, .5, 0)
(4, 7, 9, .55, 0)
(4, 7, 9, .6, 0)
(4, 7, 9, .65, 0)
(4, 7, 9, .7, 0)
(4, 7, 9, .75, 0)
(4, 7, 9, .8, 0)
(4, 7, 9, .85, 0)
(4, 7, 9, .9, 0)
(4, 7, 9, .95, 0)
(4, 7, 9, 1, 0)
(4, 7, 10, 0, 1)
(4, 7, 10, .05, 1)
(4, 7, 10, .1, .123216)
(4, 7, 10, .15, .123216)
(4, 7, 10, .2, 0)
(4, 7, 10, .25, 0)
(4, 7, 10, .3, 0)
(4, 7, 10, .35, 0)
(4, 7, 10, .4, 0)
(4, 7, 10, .45, 0)
(4, 7, 10, .5, 0)
(4, 7, 10, .55, 0)
(4, 7, 10, .6, 0)
(4, 7, 10, .65, 0)
(4, 7, 10, .7, 0)
(4, 7, 10, .75, 0)
(4, 7, 10, .8, 0)
(4, 7, 10, .85, 0)
(4, 7, 10, .9, 0)
(4, 7, 10, .95, 0)
(4, 7, 10, 1, 0)
(4, 7, 11, 0, 1)
(4, 7, 11, .05, 1)
(4, 7, 11, .1, 0)
(4, 7, 11, .15, 0)
(4, 7, 11, .2, 0)
(4, 7, 11, .25, 0)
(4, 7, 11, .3, 0)
(4, 7, 11, .35, 0)
(4, 7, 11, .4, 0)
(4, 7, 11, .45, 0)
(4, 7, 11, .5, 0)
(4, 7, 11, .55, 0)
(4, 7, 11, .6, 0)
(4, 7, 11, .65, 0)
(4, 7, 11, .7, 0)
(4, 7, 11, .75, 0)
(4, 7, 11, .8, 0)
(4, 7, 11, .85, 0)
(4, 7, 11, .9, 0)
(4, 7, 11, .95, 0)
(4, 7, 11, 1, 0)
(4, 8, 1, 0, 1)
(4, 8, 1, .05, 1)
(4, 8, 1, .1, .360631)
(4, 8, 1, .15, .360631)
(4, 8, 1, .2, .0608565)
(4, 8, 1, .25, .0608565)
(4, 8, 1, .3, 0)
(4, 8, 1, .35, 0)
(4, 8, 1, .4, 0)
(4, 8, 1, .45, 0)
(4, 8, 1, .5, 0)
(4, 8, 1, .55, 0)
(4, 8, 1, .6, 0)
(4, 8, 1, .65, 0)
(4, 8, 1, .7, 0)
(4, 8, 1, .75, 0)
(4, 8, 1, .8, 0)
(4, 8, 1, .85, 0)
(4, 8, 1, .9, 0)
(4, 8, 1, .95, 0)
(4, 8, 1, 1, 0)
(4, 8, 2, 0, 1)
(4, 8, 2, .05, 1)
(4, 8, 2, .1, .326822)
(4, 8, 2, .15, .326822)
(4, 8, 2, .2, .0473328)
(4, 8, 2, .25, .0473328)
(4, 8, 2, .3, 0)
(4, 8, 2, .35, 0)
(4, 8, 2, .4, 0)
(4, 8, 2, .45, 0)
(4, 8, 2, .5, 0)
(4, 8, 2, .55, 0)
(4, 8, 2, .6, 0)
(4, 8, 2, .65, 0)
(4, 8, 2, .7, 0)
(4, 8, 2, .75, 0)
(4, 8, 2, .8, 0)
(4, 8, 2, .85, 0)
(4, 8, 2, .9, 0)
(4, 8, 2, .95, 0)
(4, 8, 2, 1, 0)
(4, 8, 3, 0, 1)
(4, 8, 3, .05, 1)
(4, 8, 3, .1, .293013)
(4, 8, 3, .15, .293013)
(4, 8, 3, .2, .0338092)
(4, 8, 3, .25, .0338092)
(4, 8, 3, .3, 0)
(4, 8, 3, .35, 0)
(4, 8, 3, .4, 0)
(4, 8, 3, .45, 0)
(4, 8, 3, .5, 0)
(4, 8, 3, .55, 0)
(4, 8, 3, .6, 0)
(4, 8, 3, .65, 0)
(4, 8, 3, .7, 0)
(4, 8, 3, .75, 0)
(4, 8, 3, .8, 0)
(4, 8, 3, .85, 0)
(4, 8, 3, .9, 0)
(4, 8, 3, .95, 0)
(4, 8, 3, 1, 0)
(4, 8, 4, 0, 1)
(4, 8, 4, .05, 1)
(4, 8, 4, .1, .259204)
(4, 8, 4, .15, .259204)
(4, 8, 4, .2, .0210368)
(4, 8, 4, .25, .0210368)
(4, 8, 4, .3, 0)
(4, 8, 4, .35, 0)
(4, 8, 4, .4, 0)
(4, 8, 4, .45, 0)
(4, 8, 4, .5, 0)
(4, 8, 4, .55, 0)
(4, 8, 4, .6, 0)
(4, 8, 4, .65, 0)
(4, 8, 4, .7, 0)
(4, 8, 4, .75, 0)
(4, 8, 4, .8, 0)
(4, 8, 4, .85, 0)
(4, 8, 4, .9, 0)
(4, 8, 4, .95, 0)
(4, 8, 4, 1, 0)
(4, 8, 5, 0, 1)
(4, 8, 5, .05, 1)
(4, 8, 5, .1, .229902)
(4, 8, 5, .15, .229902)
(4, 8, 5, .2, .0105184)
(4, 8, 5, .25, .0105184)
(4, 8, 5, .3, 0)
(4, 8, 5, .35, 0)
(4, 8, 5, .4, 0)
(4, 8, 5, .45, 0)
(4, 8, 5, .5, 0)
(4, 8, 5, .55, 0)
(4, 8, 5, .6, 0)
(4, 8, 5, .65, 0)
(4, 8, 5, .7, 0)
(4, 8, 5, .75, 0)
(4, 8, 5, .8, 0)
(4, 8, 5, .85, 0)
(4, 8, 5, .9, 0)
(4, 8, 5, .95, 0)
(4, 8, 5, 1, 0)
(4, 8, 6, 0, 1)
(4, 8, 6, .05, 1)
(4, 8, 6, .1, .201352)
(4, 8, 6, .15, .201352)
(4, 8, 6, .2, .00375657)
(4, 8, 6, .25, .00375657)
(4, 8, 6, .3, 0)
(4, 8, 6, .35, 0)
(4, 8, 6, .4, 0)
(4, 8, 6, .45, 0)
(4, 8, 6, .5, 0)
(4, 8, 6, .55, 0)
(4, 8, 6, .6, 0)
(4, 8, 6, .65, 0)
(4, 8, 6, .7, 0)
(4, 8, 6, .75, 0)
(4, 8, 6, .8, 0)
(4, 8, 6, .85, 0)
(4, 8, 6, .9, 0)
(4, 8, 6, .95, 0)
(4, 8, 6, 1, 0)
(4, 8, 7, 0, 1)
(4, 8, 7, .05, 1)
(4, 8, 7, .1, .172802)
(4, 8, 7, .15, .172802)
(4, 8, 7, .2, .000751315)
(4, 8, 7, .25, .000751315)
(4, 8, 7, .3, 0)
(4, 8, 7, .35, 0)
(4, 8, 7, .4, 0)
(4, 8, 7, .45, 0)
(4, 8, 7, .5, 0)
(4, 8, 7, .55, 0)
(4, 8, 7, .6, 0)
(4, 8, 7, .65, 0)
(4, 8, 7, .7, 0)
(4, 8, 7, .75, 0)
(4, 8, 7, .8, 0)
(4, 8, 7, .85, 0)
(4, 8, 7, .9, 0)
(4, 8, 7, .95, 0)
(4, 8, 7, 1, 0)
(4, 8, 8, 0, 1)
(4, 8, 8, .05, 1)
(4, 8, 8, .1, .145755)
(4, 8, 8, .15, .145755)
(4, 8, 8, .2, 0)
(4, 8, 8, .25, 0)
(4, 8, 8, .3, 0)
(4, 8, 8, .35, 0)
(4, 8, 8, .4, 0)
(4, 8, 8, .45, 0)
(4, 8, 8, .5, 0)
(4, 8, 8, .55, 0)
(4, 8, 8, .6, 0)
(4, 8, 8, .65, 0)
(4, 8, 8, .7, 0)
(4, 8, 8, .75, 0)
(4, 8, 8, .8, 0)
(4, 8, 8, .85, 0)
(4, 8, 8, .9, 0)
(4, 8, 8, .95, 0)
(4, 8, 8, 1, 0)
(4, 8, 9, 0, 1)
(4, 8, 9, .05, 1)
(4, 8, 9, .1, .123216)
(4, 8, 9, .15, .123216)
(4, 8, 9, .2, 0)
(4, 8, 9, .25, 0)
(4, 8, 9, .3, 0)
(4, 8, 9, .35, 0)
(4, 8, 9, .4, 0)
(4, 8, 9, .45, 0)
(4, 8, 9, .5, 0)
(4, 8, 9, .55, 0)
(4, 8, 9, .6, 0)
(4, 8, 9, .65, 0)
(4, 8, 9, .7, 0)
(4, 8, 9, .75, 0)
(4, 8, 9, .8, 0)
(4, 8, 9, .85, 0)
(4, 8, 9, .9, 0)
(4, 8, 9, .95, 0)
(4, 8, 9, 1, 0)
(4, 8, 10, 0, 1)
(4, 8, 10, .05, 1)
(4, 8, 10, .1, .10293)
(4, 8, 10, .15, .10293)
(4, 8, 10, .2, 0)
(4, 8, 10, .25, 0)
(4, 8, 10, .3, 0)
(4, 8, 10, .35, 0)
(4, 8, 10, .4, 0)
(4, 8, 10, .45, 0)
(4, 8, 10, .5, 0)
(4, 8, 10, .55, 0)
(4, 8, 10, .6, 0)
(4, 8, 10, .65, 0)
(4, 8, 10, .7, 0)
(4, 8, 10, .75, 0)
(4, 8, 10, .8, 0)
(4, 8, 10, .85, 0)
(4, 8, 10, .9, 0)
(4, 8, 10, .95, 0)
(4, 8, 10, 1, 0)
(4, 8, 11, 0, 1)
(4, 8, 11, .05, 1)
(4, 8, 11, .1, 0)
(4, 8, 11, .15, 0)
(4, 8, 11, .2, 0)
(4, 8, 11, .25, 0)
(4, 8, 11, .3, 0)
(4, 8, 11, .35, 0)
(4, 8, 11, .4, 0)
(4, 8, 11, .45, 0)
(4, 8, 11, .5, 0)
(4, 8, 11, .55, 0)
(4, 8, 11, .6, 0)
(4, 8, 11, .65, 0)
(4, 8, 11, .7, 0)
(4, 8, 11, .75, 0)
(4, 8, 11, .8, 0)
(4, 8, 11, .85, 0)
(4, 8, 11, .9, 0)
(4, 8, 11, .95, 0)
(4, 8, 11, 1, 0)
(4, 9, 1, 0, 1)
(4, 9, 1, .05, 1)
(4, 9, 1, .1, .315552)
(4, 9, 1, .15, .315552)
(4, 9, 1, .2, .0270473)
(4, 9, 1, .25, .0270473)
(4, 9, 1, .3, 0)
(4, 9, 1, .35, 0)
(4, 9, 1, .4, 0)
(4, 9, 1, .45, 0)
(4, 9, 1, .5, 0)
(4, 9, 1, .55, 0)
(4, 9, 1, .6, 0)
(4, 9, 1, .65, 0)
(4, 9, 1, .7, 0)
(4, 9, 1, .75, 0)
(4, 9, 1, .8, 0)
(4, 9, 1, .85, 0)
(4, 9, 1, .9, 0)
(4, 9, 1, .95, 0)
(4, 9, 1, 1, 0)
(4, 9, 2, 0, 1)
(4, 9, 2, .05, 1)
(4, 9, 2, .1, .2855)
(4, 9, 2, .15, .2855)
(4, 9, 2, .2, .0210368)
(4, 9, 2, .25, .0210368)
(4, 9, 2, .3, 0)
(4, 9, 2, .35, 0)
(4, 9, 2, .4, 0)
(4, 9, 2, .45, 0)
(4, 9, 2, .5, 0)
(4, 9, 2, .55, 0)
(4, 9, 2, .6, 0)
(4, 9, 2, .65, 0)
(4, 9, 2, .7, 0)
(4, 9, 2, .75, 0)
(4, 9, 2, .8, 0)
(4, 9, 2, .85, 0)
(4, 9, 2, .9, 0)
(4, 9, 2, .95, 0)
(4, 9, 2, 1, 0)
(4, 9, 3, 0, 1)
(4, 9, 3, .05, 1)
(4, 9, 3, .1, .255447)
(4, 9, 3, .15, .255447)
(4, 9, 3, .2, .0150263)
(4, 9, 3, .25, .0150263)
(4, 9, 3, .3, 0)
(4, 9, 3, .35, 0)
(4, 9, 3, .4, 0)
(4, 9, 3, .45, 0)
(4, 9, 3, .5, 0)
(4, 9, 3, .55, 0)
(4, 9, 3, .6, 0)
(4, 9, 3, .65, 0)
(4, 9, 3, .7, 0)
(4, 9, 3, .75, 0)
(4, 9, 3, .8, 0)
(4, 9, 3, .85, 0)
(4, 9, 3, .9, 0)
(4, 9, 3, .95, 0)
(4, 9, 3, 1, 0)
(4, 9, 4, 0, 1)
(4, 9, 4, .05, 1)
(4, 9, 4, .1, .225394)
(4, 9, 4, .15, .225394)
(4, 9, 4, .2, .00901578)
(4, 9, 4, .25, .00901578)
(4, 9, 4, .3, 0)
(4, 9, 4, .35, 0)
(4, 9, 4, .4, 0)
(4, 9, 4, .45, 0)
(4, 9, 4, .5, 0)
(4, 9, 4, .55, 0)
(4, 9, 4, .6, 0)
(4, 9, 4, .65, 0)
(4, 9, 4, .7, 0)
(4, 9, 4, .75, 0)
(4, 9, 4, .8, 0)
(4, 9, 4, .85, 0)
(4, 9, 4, .9, 0)
(4, 9, 4, .95, 0)
(4, 9, 4, 1, 0)
(4, 9, 5, 0, 1)
(4, 9, 5, .05, 1)
(4, 9, 5, .1, .198347)
(4, 9, 5, .15, .198347)
(4, 9, 5, .2, .00375657)
(4, 9, 5, .25, .00375657)
(4, 9, 5, .3, 0)
(4, 9, 5, .35, 0)
(4, 9, 5, .4, 0)
(4, 9, 5, .45, 0)
(4, 9, 5, .5, 0)
(4, 9, 5, .55, 0)
(4, 9, 5, .6, 0)
(4, 9, 5, .65, 0)
(4, 9, 5, .7, 0)
(4, 9, 5, .75, 0)
(4, 9, 5, .8, 0)
(4, 9, 5, .85, 0)
(4, 9, 5, .9, 0)
(4, 9, 5, .95, 0)
(4, 9, 5, 1, 0)
(4, 9, 6, 0, 1)
(4, 9, 6, .05, 1)
(4, 9, 6, .1, .172802)
(4, 9, 6, .15, .172802)
(4, 9, 6, .2, .000751315)
(4, 9, 6, .25, .000751315)
(4, 9, 6, .3, 0)
(4, 9, 6, .35, 0)
(4, 9, 6, .4, 0)
(4, 9, 6, .45, 0)
(4, 9, 6, .5, 0)
(4, 9, 6, .55, 0)
(4, 9, 6, .6, 0)
(4, 9, 6, .65, 0)
(4, 9, 6, .7, 0)
(4, 9, 6, .75, 0)
(4, 9, 6, .8, 0)
(4, 9, 6, .85, 0)
(4, 9, 6, .9, 0)
(4, 9, 6, .95, 0)
(4, 9, 6, 1, 0)
(4, 9, 7, 0, 1)
(4, 9, 7, .05, 1)
(4, 9, 7, .1, .147258)
(4, 9, 7, .15, .147258)
(4, 9, 7, .2, 0)
(4, 9, 7, .25, 0)
(4, 9, 7, .3, 0)
(4, 9, 7, .35, 0)
(4, 9, 7, .4, 0)
(4, 9, 7, .45, 0)
(4, 9, 7, .5, 0)
(4, 9, 7, .55, 0)
(4, 9, 7, .6, 0)
(4, 9, 7, .65, 0)
(4, 9, 7, .7, 0)
(4, 9, 7, .75, 0)
(4, 9, 7, .8, 0)
(4, 9, 7, .85, 0)
(4, 9, 7, .9, 0)
(4, 9, 7, .95, 0)
(4, 9, 7, 1, 0)
(4, 9, 8, 0, 1)
(4, 9, 8, .05, 1)
(4, 9, 8, .1, .123216)
(4, 9, 8, .15, .123216)
(4, 9, 8, .2, 0)
(4, 9, 8, .25, 0)
(4, 9, 8, .3, 0)
(4, 9, 8, .35, 0)
(4, 9, 8, .4, 0)
(4, 9, 8, .45, 0)
(4, 9, 8, .5, 0)
(4, 9, 8, .55, 0)
(4, 9, 8, .6, 0)
(4, 9, 8, .65, 0)
(4, 9, 8, .7, 0)
(4, 9, 8, .75, 0)
(4, 9, 8, .8, 0)
(4, 9, 8, .85, 0)
(4, 9, 8, .9, 0)
(4, 9, 8, .95, 0)
(4, 9, 8, 1, 0)
(4, 9, 9, 0, 1)
(4, 9, 9, .05, 1)
(4, 9, 9, .1, .102179)
(4, 9, 9, .15, .102179)
(4, 9, 9, .2, 0)
(4, 9, 9, .25, 0)
(4, 9, 9, .3, 0)
(4, 9, 9, .35, 0)
(4, 9, 9, .4, 0)
(4, 9, 9, .45, 0)
(4, 9, 9, .5, 0)
(4, 9, 9, .55, 0)
(4, 9, 9, .6, 0)
(4, 9, 9, .65, 0)
(4, 9, 9, .7, 0)
(4, 9, 9, .75, 0)
(4, 9, 9, .8, 0)
(4, 9, 9, .85, 0)
(4, 9, 9, .9, 0)
(4, 9, 9, .95, 0)
(4, 9, 9, 1, 0)
(4, 9, 10, 0, 1)
(4, 9, 10, .05, 1)
(4, 9, 10, .1, .0841473)
(4, 9, 10, .15, .0841473)
(4, 9, 10, .2, 0)
(4, 9, 10, .25, 0)
(4, 9, 10, .3, 0)
(4, 9, 10, .35, 0)
(4, 9, 10, .4, 0)
(4, 9, 10, .45, 0)
(4, 9, 10, .5, 0)
(4, 9, 10, .55, 0)
(4, 9, 10, .6, 0)
(4, 9, 10, .65, 0)
(4, 9, 10, .7, 0)
(4, 9, 10, .75, 0)
(4, 9, 10, .8, 0)
(4, 9, 10, .85, 0)
(4, 9, 10, .9, 0)
(4, 9, 10, .95, 0)
(4, 9, 10, 1, 0)
(4, 9, 11, 0, 1)
(4, 9, 11, .05, 1)
(4, 9, 11, .1, 0)
(4, 9, 11, .15, 0)
(4, 9, 11, .2, 0)
(4, 9, 11, .25, 0)
(4, 9, 11, .3, 0)
(4, 9, 11, .35, 0)
(4, 9, 11, .4, 0)
(4, 9, 11, .45, 0)
(4, 9, 11, .5, 0)
(4, 9, 11, .55, 0)
(4, 9, 11, .6, 0)
(4, 9, 11, .65, 0)
(4, 9, 11, .7, 0)
(4, 9, 11, .75, 0)
(4, 9, 11, .8, 0)
(4, 9, 11, .85, 0)
(4, 9, 11, .9, 0)
(4, 9, 11, .95, 0)
(4, 9, 11, 1, 0)
(4, 10, 1, 0, 1)
(4, 10, 1, .05, 1)
(4, 10, 1, .1, .270473)
(4, 10, 1, .15, .270473)
(4, 10, 1, .2, .00676183)
(4, 10, 1, .25, .00676183)
(4, 10, 1, .3, 0)
(4, 10, 1, .35, 0)
(4, 10, 1, .4, 0)
(4, 10, 1, .45, 0)
(4, 10, 1, .5, 0)
(4, 10, 1, .55, 0)
(4, 10, 1, .6, 0)
(4, 10, 1, .65, 0)
(4, 10, 1, .7, 0)
(4, 10, 1, .75, 0)
(4, 10, 1, .8, 0)
(4, 10, 1, .85, 0)
(4, 10, 1, .9, 0)
(4, 10, 1, .95, 0)
(4, 10, 1, 1, 0)
(4, 10, 2, 0, 1)
(4, 10, 2, .05, 1)
(4, 10, 2, .1, .244177)
(4, 10, 2, .15, .244177)
(4, 10, 2, .2, .0052592)
(4, 10, 2, .25, .0052592)
(4, 10, 2, .3, 0)
(4, 10, 2, .35, 0)
(4, 10, 2, .4, 0)
(4, 10, 2, .45, 0)
(4, 10, 2, .5, 0)
(4, 10, 2, .55, 0)
(4, 10, 2, .6, 0)
(4, 10, 2, .65, 0)
(4, 10, 2, .7, 0)
(4, 10, 2, .75, 0)
(4, 10, 2, .8, 0)
(4, 10, 2, .85, 0)
(4, 10, 2, .9, 0)
(4, 10, 2, .95, 0)
(4, 10, 2, 1, 0)
(4, 10, 3, 0, 1)
(4, 10, 3, .05, 1)
(4, 10, 3, .1, .217881)
(4, 10, 3, .15, .217881)
(4, 10, 3, .2, .00375657)
(4, 10, 3, .25, .00375657)
(4, 10, 3, .3, 0)
(4, 10, 3, .35, 0)
(4, 10, 3, .4, 0)
(4, 10, 3, .45, 0)
(4, 10, 3, .5, 0)
(4, 10, 3, .55, 0)
(4, 10, 3, .6, 0)
(4, 10, 3, .65, 0)
(4, 10, 3, .7, 0)
(4, 10, 3, .75, 0)
(4, 10, 3, .8, 0)
(4, 10, 3, .85, 0)
(4, 10, 3, .9, 0)
(4, 10, 3, .95, 0)
(4, 10, 3, 1, 0)
(4, 10, 4, 0, 1)
(4, 10, 4, .05, 1)
(4, 10, 4, .1, .192337)
(4, 10, 4, .15, .192337)
(4, 10, 4, .2, .00225394)
(4, 10, 4, .25, .00225394)
(4, 10, 4, .3, 0)
(4, 10, 4, .35, 0)
(4, 10, 4, .4, 0)
(4, 10, 4, .45, 0)
(4, 10, 4, .5, 0)
(4, 10, 4, .55, 0)
(4, 10, 4, .6, 0)
(4, 10, 4, .65, 0)
(4, 10, 4, .7, 0)
(4, 10, 4, .75, 0)
(4, 10, 4, .8, 0)
(4, 10, 4, .85, 0)
(4, 10, 4, .9, 0)
(4, 10, 4, .95, 0)
(4, 10, 4, 1, 0)
(4, 10, 5, 0, 1)
(4, 10, 5, .05, 1)
(4, 10, 5, .1, .168295)
(4, 10, 5, .15, .168295)
(4, 10, 5, .2, .000751315)
(4, 10, 5, .25, .000751315)
(4, 10, 5, .3, 0)
(4, 10, 5, .35, 0)
(4, 10, 5, .4, 0)
(4, 10, 5, .45, 0)
(4, 10, 5, .5, 0)
(4, 10, 5, .55, 0)
(4, 10, 5, .6, 0)
(4, 10, 5, .65, 0)
(4, 10, 5, .7, 0)
(4, 10, 5, .75, 0)
(4, 10, 5, .8, 0)
(4, 10, 5, .85, 0)
(4, 10, 5, .9, 0)
(4, 10, 5, .95, 0)
(4, 10, 5, 1, 0)
(4, 10, 6, 0, 1)
(4, 10, 6, .05, 1)
(4, 10, 6, .1, .145755)
(4, 10, 6, .15, .145755)
(4, 10, 6, .2, 0)
(4, 10, 6, .25, 0)
(4, 10, 6, .3, 0)
(4, 10, 6, .35, 0)
(4, 10, 6, .4, 0)
(4, 10, 6, .45, 0)
(4, 10, 6, .5, 0)
(4, 10, 6, .55, 0)
(4, 10, 6, .6, 0)
(4, 10, 6, .65, 0)
(4, 10, 6, .7, 0)
(4, 10, 6, .75, 0)
(4, 10, 6, .8, 0)
(4, 10, 6, .85, 0)
(4, 10, 6, .9, 0)
(4, 10, 6, .95, 0)
(4, 10, 6, 1, 0)
(4, 10, 7, 0, 1)
(4, 10, 7, .05, 1)
(4, 10, 7, .1, .123216)
(4, 10, 7, .15, .123216)
(4, 10, 7, .2, 0)
(4, 10, 7, .25, 0)
(4, 10, 7, .3, 0)
(4, 10, 7, .35, 0)
(4, 10, 7, .4, 0)
(4, 10, 7, .45, 0)
(4, 10, 7, .5, 0)
(4, 10, 7, .55, 0)
(4, 10, 7, .6, 0)
(4, 10, 7, .65, 0)
(4, 10, 7, .7, 0)
(4, 10, 7, .75, 0)
(4, 10, 7, .8, 0)
(4, 10, 7, .85, 0)
(4, 10, 7, .9, 0)
(4, 10, 7, .95, 0)
(4, 10, 7, 1, 0)
(4, 10, 8, 0, 1)
(4, 10, 8, .05, 1)
(4, 10, 8, .1, .10293)
(4, 10, 8, .15, .10293)
(4, 10, 8, .2, 0)
(4, 10, 8, .25, 0)
(4, 10, 8, .3, 0)
(4, 10, 8, .35, 0)
(4, 10, 8, .4, 0)
(4, 10, 8, .45, 0)
(4, 10, 8, .5, 0)
(4, 10, 8, .55, 0)
(4, 10, 8, .6, 0)
(4, 10, 8, .65, 0)
(4, 10, 8, .7, 0)
(4, 10, 8, .75, 0)
(4, 10, 8, .8, 0)
(4, 10, 8, .85, 0)
(4, 10, 8, .9, 0)
(4, 10, 8, .95, 0)
(4, 10, 8, 1, 0)
(4, 10, 9, 0, 1)
(4, 10, 9, .05, 1)
(4, 10, 9, .1, .0841473)
(4, 10, 9, .15, .0841473)
(4, 10, 9, .2, 0)
(4, 10, 9, .25, 0)
(4, 10, 9, .3, 0)
(4, 10, 9, .35, 0)
(4, 10, 9, .4, 0)
(4, 10, 9, .45, 0)
(4, 10, 9, .5, 0)
(4, 10, 9, .55, 0)
(4, 10, 9, .6, 0)
(4, 10, 9, .65, 0)
(4, 10, 9, .7, 0)
(4, 10, 9, .75, 0)
(4, 10, 9, .8, 0)
(4, 10, 9, .85, 0)
(4, 10, 9, .9, 0)
(4, 10, 9, .95, 0)
(4, 10, 9, 1, 0)
(4, 10, 10, 0, 1)
(4, 10, 10, .05, 1)
(4, 10, 10, .1, .0683696)
(4, 10, 10, .15, .0683696)
(4, 10, 10, .2, 0)
(4, 10, 10, .25, 0)
(4, 10, 10, .3, 0)
(4, 10, 10, .35, 0)
(4, 10, 10, .4, 0)
(4, 10, 10, .45, 0)
(4, 10, 10, .5, 0)
(4, 10, 10, .55, 0)
(4, 10, 10, .6, 0)
(4, 10, 10, .65, 0)
(4, 10, 10, .7, 0)
(4, 10, 10, .75, 0)
(4, 10, 10, .8, 0)
(4, 10, 10, .85, 0)
(4, 10, 10, .9, 0)
(4, 10, 10, .95, 0)
(4, 10, 10, 1, 0)
(4, 10, 11, 0, 1)
(4, 10, 11, .05, 1)
(4, 10, 11, .1, 0)
(4, 10, 11, .15, 0)
(4, 10, 11, .2, 0)
(4, 10, 11, .25, 0)
(4, 10, 11, .3, 0)
(4, 10, 11, .35, 0)
(4, 10, 11, .4, 0)
(4, 10, 11, .45, 0)
(4, 10, 11, .5, 0)
(4, 10, 11, .55, 0)
(4, 10, 11, .6, 0)
(4, 10, 11, .65, 0)
(4, 10, 11, .7, 0)
(4, 10, 11, .75, 0)
(4, 10, 11, .8, 0)
(4, 10, 11, .85, 0)
(4, 10, 11, .9, 0)
(4, 10, 11, .95, 0)
(4, 10, 11, 1, 0)
(4, 11, 1, 0, 1)
(4, 11, 1, .05, 1)
(4, 11, 1, .1, 0)
(4, 11, 1, .15, 0)
(4, 11, 1, .2, 0)
(4, 11, 1, .25, 0)
(4, 11, 1, .3, 0)
(4, 11, 1, .35, 0)
(4, 11, 1, .4, 0)
(4, 11, 1, .45, 0)
(4, 11, 1, .5, 0)
(4, 11, 1, .55, 0)
(4, 11, 1, .6, 0)
(4, 11, 1, .65, 0)
(4, 11, 1, .7, 0)
(4, 11, 1, .75, 0)
(4, 11, 1, .8, 0)
(4, 11, 1, .85, 0)
(4, 11, 1, .9, 0)
(4, 11, 1, .95, 0)
(4, 11, 1, 1, 0)
(4, 11, 2, 0, 1)
(4, 11, 2, .05, 1)
(4, 11, 2, .1, 0)
(4, 11, 2, .15, 0)
(4, 11, 2, .2, 0)
(4, 11, 2, .25, 0)
(4, 11, 2, .3, 0)
(4, 11, 2, .35, 0)
(4, 11, 2, .4, 0)
(4, 11, 2, .45, 0)
(4, 11, 2, .5, 0)
(4, 11, 2, .55, 0)
(4, 11, 2, .6, 0)
(4, 11, 2, .65, 0)
(4, 11, 2, .7, 0)
(4, 11, 2, .75, 0)
(4, 11, 2, .8, 0)
(4, 11, 2, .85, 0)
(4, 11, 2, .9, 0)
(4, 11, 2, .95, 0)
(4, 11, 2, 1, 0)
(4, 11, 3, 0, 1)
(4, 11, 3, .05, 1)
(4, 11, 3, .1, 0)
(4, 11, 3, .15, 0)
(4, 11, 3, .2, 0)
(4, 11, 3, .25, 0)
(4, 11, 3, .3, 0)
(4, 11, 3, .35, 0)
(4, 11, 3, .4, 0)
(4, 11, 3, .45, 0)
(4, 11, 3, .5, 0)
(4, 11, 3, .55, 0)
(4, 11, 3, .6, 0)
(4, 11, 3, .65, 0)
(4, 11, 3, .7, 0)
(4, 11, 3, .75, 0)
(4, 11, 3, .8, 0)
(4, 11, 3, .85, 0)
(4, 11, 3, .9, 0)
(4, 11, 3, .95, 0)
(4, 11, 3, 1, 0)
(4, 11, 4, 0, 1)
(4, 11, 4, .05, 1)
(4, 11, 4, .1, 0)
(4, 11, 4, .15, 0)
(4, 11, 4, .2, 0)
(4, 11, 4, .25, 0)
(4, 11, 4, .3, 0)
(4, 11, 4, .35, 0)
(4, 11, 4, .4, 0)
(4, 11, 4, .45, 0)
(4, 11, 4, .5, 0)
(4, 11, 4, .55, 0)
(4, 11, 4, .6, 0)
(4, 11, 4, .65, 0)
(4, 11, 4, .7, 0)
(4, 11, 4, .75, 0)
(4, 11, 4, .8, 0)
(4, 11, 4, .85, 0)
(4, 11, 4, .9, 0)
(4, 11, 4, .95, 0)
(4, 11, 4, 1, 0)
(4, 11, 5, 0, 1)
(4, 11, 5, .05, 1)
(4, 11, 5, .1, 0)
(4, 11, 5, .15, 0)
(4, 11, 5, .2, 0)
(4, 11, 5, .25, 0)
(4, 11, 5, .3, 0)
(4, 11, 5, .35, 0)
(4, 11, 5, .4, 0)
(4, 11, 5, .45, 0)
(4, 11, 5, .5, 0)
(4, 11, 5, .55, 0)
(4, 11, 5, .6, 0)
(4, 11, 5, .65, 0)
(4, 11, 5, .7, 0)
(4, 11, 5, .75, 0)
(4, 11, 5, .8, 0)
(4, 11, 5, .85, 0)
(4, 11, 5, .9, 0)
(4, 11, 5, .95, 0)
(4, 11, 5, 1, 0)
(4, 11, 6, 0, 1)
(4, 11, 6, .05, 1)
(4, 11, 6, .1, 0)
(4, 11, 6, .15, 0)
(4, 11, 6, .2, 0)
(4, 11, 6, .25, 0)
(4, 11, 6, .3, 0)
(4, 11, 6, .35, 0)
(4, 11, 6, .4, 0)
(4, 11, 6, .45, 0)
(4, 11, 6, .5, 0)
(4, 11, 6, .55, 0)
(4, 11, 6, .6, 0)
(4, 11, 6, .65, 0)
(4, 11, 6, .7, 0)
(4, 11, 6, .75, 0)
(4, 11, 6, .8, 0)
(4, 11, 6, .85, 0)
(4, 11, 6, .9, 0)
(4, 11, 6, .95, 0)
(4, 11, 6, 1, 0)
(4, 11, 7, 0, 1)
(4, 11, 7, .05, 1)
(4, 11, 7, .1, 0)
(4, 11, 7, .15, 0)
(4, 11, 7, .2, 0)
(4, 11, 7, .25, 0)
(4, 11, 7, .3, 0)
(4, 11, 7, .35, 0)
(4, 11, 7, .4, 0)
(4, 11, 7, .45, 0)
(4, 11, 7, .5, 0)
(4, 11, 7, .55, 0)
(4, 11, 7, .6, 0)
(4, 11, 7, .65, 0)
(4, 11, 7, .7, 0)
(4, 11, 7, .75, 0)
(4, 11, 7, .8, 0)
(4, 11, 7, .85, 0)
(4, 11, 7, .9, 0)
(4, 11, 7, .95, 0)
(4, 11, 7, 1, 0)
(4, 11, 8, 0, 1)
(4, 11, 8, .05, 1)
(4, 11, 8, .1, 0)
(4, 11, 8, .15, 0)
(4, 11, 8, .2, 0)
(4, 11, 8, .25, 0)
(4, 11, 8, .3, 0)
(4, 11, 8, .35, 0)
(4, 11, 8, .4, 0)
(4, 11, 8, .45, 0)
(4, 11, 8, .5, 0)
(4, 11, 8, .55, 0)
(4, 11, 8, .6, 0)
(4, 11, 8, .65, 0)
(4, 11, 8, .7, 0)
(4, 11, 8, .75, 0)
(4, 11, 8, .8, 0)
(4, 11, 8, .85, 0)
(4, 11, 8, .9, 0)
(4, 11, 8, .95, 0)
(4, 11, 8, 1, 0)
(4, 11, 9, 0, 1)
(4, 11, 9, .05, 1)
(4, 11, 9, .1, 0)
(4, 11, 9, .15, 0)
(4, 11, 9, .2, 0)
(4, 11, 9, .25, 0)
(4, 11, 9, .3, 0)
(4, 11, 9, .35, 0)
(4, 11, 9, .4, 0)
(4, 11, 9, .45, 0)
(4, 11, 9, .5, 0)
(4, 11, 9, .55, 0)
(4, 11, 9, .6, 0)
(4, 11, 9, .65, 0)
(4, 11, 9, .7, 0)
(4, 11, 9, .75, 0)
(4, 11, 9, .8, 0)
(4, 11, 9, .85, 0)
(4, 11, 9, .9, 0)
(4, 11, 9, .95, 0)
(4, 11, 9, 1, 0)
(4, 11, 10, 0, 1)
(4, 11, 10, .05, 1)
(4, 11, 10, .1, 0)
(4, 11, 10, .15, 0)
(4, 11, 10, .2, 0)
(4, 11, 10, .25, 0)
(4, 11, 10, .3, 0)
(4, 11, 10, .35, 0)
(4, 11, 10, .4, 0)
(4, 11, 10, .45, 0)
(4, 11, 10, .5, 0)
(4, 11, 10, .55, 0)
(4, 11, 10, .6, 0)
(4, 11, 10, .65, 0)
(4, 11, 10, .7, 0)
(4, 11, 10, .75, 0)
(4, 11, 10, .8, 0)
(4, 11, 10, .85, 0)
(4, 11, 10, .9, 0)
(4, 11, 10, .95, 0)
(4, 11, 10, 1, 0)
(4, 11, 11, 0, 1)
(4, 11, 11, .05, 1)
(4, 11, 11, .1, 0)
(4, 11, 11, .15, 0)
(4, 11, 11, .2, 0)
(4, 11, 11, .25, 0)
(4, 11, 11, .3, 0)
(4, 11, 11, .35, 0)
(4, 11, 11, .4, 0)
(4, 11, 11, .45, 0)
(4, 11, 11, .5, 0)
(4, 11, 11, .55, 0)
(4, 11, 11, .6, 0)
(4, 11, 11, .65, 0)
(4, 11, 11, .7, 0)
(4, 11, 11, .75, 0)
(4, 11, 11, .8, 0)
(4, 11, 11, .85, 0)
(4, 11, 11, .9, 0)
(4, 11, 11, .95, 0)
(4, 11, 11, 1, 0)
(5, 1, 1, 0, 1)
(5, 1, 1, .05, 1)
(5, 1, 1, .1, .751315)
(5, 1, 1, .15, .751315)
(5, 1, 1, .2, .547708)
(5, 1, 1, .25, .547708)
(5, 1, 1, .3, .384673)
(5, 1, 1, .35, .384673)
(5, 1, 1, .4, .257701)
(5, 1, 1, .45, .257701)
(5, 1, 1, .5, .162284)
(5, 1, 1, .55, .0939144)
(5, 1, 1, .6, .0939144)
(5, 1, 1, .65, .0480841)
(5, 1, 1, .7, .0480841)
(5, 1, 1, .75, .0202855)
(5, 1, 1, .8, .0202855)
(5, 1, 1, .85, .00601052)
(5, 1, 1, .9, .00601052)
(5, 1, 1, .95, .000751315)
(5, 1, 1, 1, 0)
(5, 1, 2, 0, 1)
(5, 1, 2, .05, 1)
(5, 1, 2, .1, .676183)
(5, 1, 2, .15, .676183)
(5, 1, 2, .2, .432757)
(5, 1, 2, .25, .432757)
(5, 1, 2, .3, .252442)
(5, 1, 2, .35, .252442)
(5, 1, 2, .4, .13148)
(5, 1, 2, .45, .13148)
(5, 1, 2, .5, .0540947)
(5, 1, 2, .55, .0150263)
(5, 1, 2, .6, .0150263)
(5, 1, 2, .65, 0)
(5, 1, 2, .7, 0)
(5, 1, 2, .75, 0)
(5, 1, 2, .8, 0)
(5, 1, 2, .85, 0)
(5, 1, 2, .9, 0)
(5, 1, 2, .95, 0)
(5, 1, 2, 1, 0)
(5, 1, 3, 0, 1)
(5, 1, 3, .05, 1)
(5, 1, 3, .1, .601052)
(5, 1, 3, .15, .601052)
(5, 1, 3, .2, .33133)
(5, 1, 3, .25, .33133)
(5, 1, 3, .3, .144252)
(5, 1, 3, .35, .144252)
(5, 1, 3, .4, .0473328)
(5, 1, 3, .45, .0473328)
(5, 1, 3, .5, 0)
(5, 1, 3, .55, 0)
(5, 1, 3, .6, 0)
(5, 1, 3, .65, 0)
(5, 1, 3, .7, 0)
(5, 1, 3, .75, 0)
(5, 1, 3, .8, 0)
(5, 1, 3, .85, 0)
(5, 1, 3, .9, 0)
(5, 1, 3, .95, 0)
(5, 1, 3, 1, 0)
(5, 1, 4, 0, 1)
(5, 1, 4, .05, 1)
(5, 1, 4, .1, .540947)
(5, 1, 4, .15, .540947)
(5, 1, 4, .2, .243426)
(5, 1, 4, .25, .243426)
(5, 1, 4, .3, .0721262)
(5, 1, 4, .35, .0721262)
(5, 1, 4, .4, .0052592)
(5, 1, 4, .45, .0052592)
(5, 1, 4, .5, 0)
(5, 1, 4, .55, 0)
(5, 1, 4, .6, 0)
(5, 1, 4, .65, 0)
(5, 1, 4, .7, 0)
(5, 1, 4, .75, 0)
(5, 1, 4, .8, 0)
(5, 1, 4, .85, 0)
(5, 1, 4, .9, 0)
(5, 1, 4, .95, 0)
(5, 1, 4, 1, 0)
(5, 1, 5, 0, 1)
(5, 1, 5, .05, 1)
(5, 1, 5, .1, .480841)
(5, 1, 5, .15, .480841)
(5, 1, 5, .2, .169046)
(5, 1, 5, .25, .169046)
(5, 1, 5, .3, .0240421)
(5, 1, 5, .35, .0240421)
(5, 1, 5, .4, 0)
(5, 1, 5, .45, 0)
(5, 1, 5, .5, 0)
(5, 1, 5, .55, 0)
(5, 1, 5, .6, 0)
(5, 1, 5, .65, 0)
(5, 1, 5, .7, 0)
(5, 1, 5, .75, 0)
(5, 1, 5, .8, 0)
(5, 1, 5, .85, 0)
(5, 1, 5, .9, 0)
(5, 1, 5, .95, 0)
(5, 1, 5, 1, 0)
(5, 1, 6, 0, 1)
(5, 1, 6, .05, 1)
(5, 1, 6, .1, .420736)
(5, 1, 6, .15, .420736)
(5, 1, 6, .2, .108189)
(5, 1, 6, .25, .108189)
(5, 1, 6, .3, 0)
(5, 1, 6, .35, 0)
(5, 1, 6, .4, 0)
(5, 1, 6, .45, 0)
(5, 1, 6, .5, 0)
(5, 1, 6, .55, 0)
(5, 1, 6, .6, 0)
(5, 1, 6, .65, 0)
(5, 1, 6, .7, 0)
(5, 1, 6, .75, 0)
(5, 1, 6, .8, 0)
(5, 1, 6, .85, 0)
(5, 1, 6, .9, 0)
(5, 1, 6, .95, 0)
(5, 1, 6, 1, 0)
(5, 1, 7, 0, 1)
(5, 1, 7, .05, 1)
(5, 1, 7, .1, .360631)
(5, 1, 7, .15, .360631)
(5, 1, 7, .2, .0540947)
(5, 1, 7, .25, .0540947)
(5, 1, 7, .3, 0)
(5, 1, 7, .35, 0)
(5, 1, 7, .4, 0)
(5, 1, 7, .45, 0)
(5, 1, 7, .5, 0)
(5, 1, 7, .55, 0)
(5, 1, 7, .6, 0)
(5, 1, 7, .65, 0)
(5, 1, 7, .7, 0)
(5, 1, 7, .75, 0)
(5, 1, 7, .8, 0)
(5, 1, 7, .85, 0)
(5, 1, 7, .9, 0)
(5, 1, 7, .95, 0)
(5, 1, 7, 1, 0)
(5, 1, 8, 0, 1)
(5, 1, 8, .05, 1)
(5, 1, 8, .1, .315552)
(5, 1, 8, .15, .315552)
(5, 1, 8, .2, .0270473)
(5, 1, 8, .25, .0270473)
(5, 1, 8, .3, 0)
(5, 1, 8, .35, 0)
(5, 1, 8, .4, 0)
(5, 1, 8, .45, 0)
(5, 1, 8, .5, 0)
(5, 1, 8, .55, 0)
(5, 1, 8, .6, 0)
(5, 1, 8, .65, 0)
(5, 1, 8, .7, 0)
(5, 1, 8, .75, 0)
(5, 1, 8, .8, 0)
(5, 1, 8, .85, 0)
(5, 1, 8, .9, 0)
(5, 1, 8, .95, 0)
(5, 1, 8, 1, 0)
(5, 1, 9, 0, 1)
(5, 1, 9, .05, 1)
(5, 1, 9, .1, .270473)
(5, 1, 9, .15, .270473)
(5, 1, 9, .2, .00676183)
(5, 1, 9, .25, .00676183)
(5, 1, 9, .3, 0)
(5, 1, 9, .35, 0)
(5, 1, 9, .4, 0)
(5, 1, 9, .45, 0)
(5, 1, 9, .5, 0)
(5, 1, 9, .55, 0)
(5, 1, 9, .6, 0)
(5, 1, 9, .65, 0)
(5, 1, 9, .7, 0)
(5, 1, 9, .75, 0)
(5, 1, 9, .8, 0)
(5, 1, 9, .85, 0)
(5, 1, 9, .9, 0)
(5, 1, 9, .95, 0)
(5, 1, 9, 1, 0)
(5, 1, 10, 0, 1)
(5, 1, 10, .05, 1)
(5, 1, 10, .1, .225394)
(5, 1, 10, .15, .225394)
(5, 1, 10, .2, 0)
(5, 1, 10, .25, 0)
(5, 1, 10, .3, 0)
(5, 1, 10, .35, 0)
(5, 1, 10, .4, 0)
(5, 1, 10, .45, 0)
(5, 1, 10, .5, 0)
(5, 1, 10, .55, 0)
(5, 1, 10, .6, 0)
(5, 1, 10, .65, 0)
(5, 1, 10, .7, 0)
(5, 1, 10, .75, 0)
(5, 1, 10, .8, 0)
(5, 1, 10, .85, 0)
(5, 1, 10, .9, 0)
(5, 1, 10, .95, 0)
(5, 1, 10, 1, 0)
(5, 1, 11, 0, 1)
(5, 1, 11, .05, 1)
(5, 1, 11, .1, 0)
(5, 1, 11, .15, 0)
(5, 1, 11, .2, 0)
(5, 1, 11, .25, 0)
(5, 1, 11, .3, 0)
(5, 1, 11, .35, 0)
(5, 1, 11, .4, 0)
(5, 1, 11, .45, 0)
(5, 1, 11, .5, 0)
(5, 1, 11, .55, 0)
(5, 1, 11, .6, 0)
(5, 1, 11, .65, 0)
(5, 1, 11, .7, 0)
(5, 1, 11, .75, 0)
(5, 1, 11, .8, 0)
(5, 1, 11, .85, 0)
(5, 1, 11, .9, 0)
(5, 1, 11, .95, 0)
(5, 1, 11, 1, 0)
(5, 2, 1, 0, 1)
(5, 2, 1, .05, 1)
(5, 2, 1, .1, .676183)
(5, 2, 1, .15, .676183)
(5, 2, 1, .2, .432757)
(5, 2, 1, .25, .432757)
(5, 2, 1, .3, .252442)
(5, 2, 1, .35, .252442)
(5, 2, 1, .4, .13148)
(5, 2, 1, .45, .13148)
(5, 2, 1, .5, .0540947)
(5, 2, 1, .55, .0150263)
(5, 2, 1, .6, .0150263)
(5, 2, 1, .65, 0)
(5, 2, 1, .7, 0)
(5, 2, 1, .75, 0)
(5, 2, 1, .8, 0)
(5, 2, 1, .85, 0)
(5, 2, 1, .9, 0)
(5, 2, 1, .95, 0)
(5, 2, 1, 1, 0)
(5, 2, 2, 0, 1)
(5, 2, 2, .05, 1)
(5, 2, 2, .1, .608565)
(5, 2, 2, .15, .608565)
(5, 2, 2, .2, .341848)
(5, 2, 2, .25, .341848)
(5, 2, 2, .3, .165289)
(5, 2, 2, .35, .165289)
(5, 2, 2, .4, .0653644)
(5, 2, 2, .45, .0653644)
(5, 2, 2, .5, .0150263)
(5, 2, 2, .55, .000751315)
(5, 2, 2, .6, .000751315)
(5, 2, 2, .65, 0)
(5, 2, 2, .7, 0)
(5, 2, 2, .75, 0)
(5, 2, 2, .8, 0)
(5, 2, 2, .85, 0)
(5, 2, 2, .9, 0)
(5, 2, 2, .95, 0)
(5, 2, 2, 1, 0)
(5, 2, 3, 0, 1)
(5, 2, 3, .05, 1)
(5, 2, 3, .1, .540947)
(5, 2, 3, .15, .540947)
(5, 2, 3, .2, .261458)
(5, 2, 3, .25, .261458)
(5, 2, 3, .3, .093163)
(5, 2, 3, .35, .093163)
(5, 2, 3, .4, .0210368)
(5, 2, 3, .45, .0210368)
(5, 2, 3, .5, 0)
(5, 2, 3, .55, 0)
(5, 2, 3, .6, 0)
(5, 2, 3, .65, 0)
(5, 2, 3, .7, 0)
(5, 2, 3, .75, 0)
(5, 2, 3, .8, 0)
(5, 2, 3, .85, 0)
(5, 2, 3, .9, 0)
(5, 2, 3, .95, 0)
(5, 2, 3, 1, 0)
(5, 2, 4, 0, 1)
(5, 2, 4, .05, 1)
(5, 2, 4, .1, .486852)
(5, 2, 4, .15, .486852)
(5, 2, 4, .2, .191585)
(5, 2, 4, .25, .191585)
(5, 2, 4, .3, .0450789)
(5, 2, 4, .35, .0450789)
(5, 2, 4, .4, .00225394)
(5, 2, 4, .45, .00225394)
(5, 2, 4, .5, 0)
(5, 2, 4, .55, 0)
(5, 2, 4, .6, 0)
(5, 2, 4, .65, 0)
(5, 2, 4, .7, 0)
(5, 2, 4, .75, 0)
(5, 2, 4, .8, 0)
(5, 2, 4, .85, 0)
(5, 2, 4, .9, 0)
(5, 2, 4, .95, 0)
(5, 2, 4, 1, 0)
(5, 2, 5, 0, 1)
(5, 2, 5, .05, 1)
(5, 2, 5, .1, .432757)
(5, 2, 5, .15, .432757)
(5, 2, 5, .2, .132231)
(5, 2, 5, .25, .132231)
(5, 2, 5, .3, .0150263)
(5, 2, 5, .35, .0150263)
(5, 2, 5, .4, 0)
(5, 2, 5, .45, 0)
(5, 2, 5, .5, 0)
(5, 2, 5, .55, 0)
(5, 2, 5, .6, 0)
(5, 2, 5, .65, 0)
(5, 2, 5, .7, 0)
(5, 2, 5, .75, 0)
(5, 2, 5, .8, 0)
(5, 2, 5, .85, 0)
(5, 2, 5, .9, 0)
(5, 2, 5, .95, 0)
(5, 2, 5, 1, 0)
(5, 2, 6, 0, 1)
(5, 2, 6, .05, 1)
(5, 2, 6, .1, .378663)
(5, 2, 6, .15, .378663)
(5, 2, 6, .2, .0841473)
(5, 2, 6, .25, .0841473)
(5, 2, 6, .3, 0)
(5, 2, 6, .35, 0)
(5, 2, 6, .4, 0)
(5, 2, 6, .45, 0)
(5, 2, 6, .5, 0)
(5, 2, 6, .55, 0)
(5, 2, 6, .6, 0)
(5, 2, 6, .65, 0)
(5, 2, 6, .7, 0)
(5, 2, 6, .75, 0)
(5, 2, 6, .8, 0)
(5, 2, 6, .85, 0)
(5, 2, 6, .9, 0)
(5, 2, 6, .95, 0)
(5, 2, 6, 1, 0)
(5, 2, 7, 0, 1)
(5, 2, 7, .05, 1)
(5, 2, 7, .1, .324568)
(5, 2, 7, .15, .324568)
(5, 2, 7, .2, .0420736)
(5, 2, 7, .25, .0420736)
(5, 2, 7, .3, 0)
(5, 2, 7, .35, 0)
(5, 2, 7, .4, 0)
(5, 2, 7, .45, 0)
(5, 2, 7, .5, 0)
(5, 2, 7, .55, 0)
(5, 2, 7, .6, 0)
(5, 2, 7, .65, 0)
(5, 2, 7, .7, 0)
(5, 2, 7, .75, 0)
(5, 2, 7, .8, 0)
(5, 2, 7, .85, 0)
(5, 2, 7, .9, 0)
(5, 2, 7, .95, 0)
(5, 2, 7, 1, 0)
(5, 2, 8, 0, 1)
(5, 2, 8, .05, 1)
(5, 2, 8, .1, .283997)
(5, 2, 8, .15, .283997)
(5, 2, 8, .2, .0210368)
(5, 2, 8, .25, .0210368)
(5, 2, 8, .3, 0)
(5, 2, 8, .35, 0)
(5, 2, 8, .4, 0)
(5, 2, 8, .45, 0)
(5, 2, 8, .5, 0)
(5, 2, 8, .55, 0)
(5, 2, 8, .6, 0)
(5, 2, 8, .65, 0)
(5, 2, 8, .7, 0)
(5, 2, 8, .75, 0)
(5, 2, 8, .8, 0)
(5, 2, 8, .85, 0)
(5, 2, 8, .9, 0)
(5, 2, 8, .95, 0)
(5, 2, 8, 1, 0)
(5, 2, 9, 0, 1)
(5, 2, 9, .05, 1)
(5, 2, 9, .1, .243426)
(5, 2, 9, .15, .243426)
(5, 2, 9, .2, .0052592)
(5, 2, 9, .25, .0052592)
(5, 2, 9, .3, 0)
(5, 2, 9, .35, 0)
(5, 2, 9, .4, 0)
(5, 2, 9, .45, 0)
(5, 2, 9, .5, 0)
(5, 2, 9, .55, 0)
(5, 2, 9, .6, 0)
(5, 2, 9, .65, 0)
(5, 2, 9, .7, 0)
(5, 2, 9, .75, 0)
(5, 2, 9, .8, 0)
(5, 2, 9, .85, 0)
(5, 2, 9, .9, 0)
(5, 2, 9, .95, 0)
(5, 2, 9, 1, 0)
(5, 2, 10, 0, 1)
(5, 2, 10, .05, 1)
(5, 2, 10, .1, .202855)
(5, 2, 10, .15, .202855)
(5, 2, 10, .2, 0)
(5, 2, 10, .25, 0)
(5, 2, 10, .3, 0)
(5, 2, 10, .35, 0)
(5, 2, 10, .4, 0)
(5, 2, 10, .45, 0)
(5, 2, 10, .5, 0)
(5, 2, 10, .55, 0)
(5, 2, 10, .6, 0)
(5, 2, 10, .65, 0)
(5, 2, 10, .7, 0)
(5, 2, 10, .75, 0)
(5, 2, 10, .8, 0)
(5, 2, 10, .85, 0)
(5, 2, 10, .9, 0)
(5, 2, 10, .95, 0)
(5, 2, 10, 1, 0)
(5, 2, 11, 0, 1)
(5, 2, 11, .05, 1)
(5, 2, 11, .1, 0)
(5, 2, 11, .15, 0)
(5, 2, 11, .2, 0)
(5, 2, 11, .25, 0)
(5, 2, 11, .3, 0)
(5, 2, 11, .35, 0)
(5, 2, 11, .4, 0)
(5, 2, 11, .45, 0)
(5, 2, 11, .5, 0)
(5, 2, 11, .55, 0)
(5, 2, 11, .6, 0)
(5, 2, 11, .65, 0)
(5, 2, 11, .7, 0)
(5, 2, 11, .75, 0)
(5, 2, 11, .8, 0)
(5, 2, 11, .85, 0)
(5, 2, 11, .9, 0)
(5, 2, 11, .95, 0)
(5, 2, 11, 1, 0)
(5, 3, 1, 0, 1)
(5, 3, 1, .05, 1)
(5, 3, 1, .1, .601052)
(5, 3, 1, .15, .601052)
(5, 3, 1, .2, .33133)
(5, 3, 1, .25, .33133)
(5, 3, 1, .3, .144252)
(5, 3, 1, .35, .144252)
(5, 3, 1, .4, .0473328)
(5, 3, 1, .45, .0473328)
(5, 3, 1, .5, 0)
(5, 3, 1, .55, 0)
(5, 3, 1, .6, 0)
(5, 3, 1, .65, 0)
(5, 3, 1, .7, 0)
(5, 3, 1, .75, 0)
(5, 3, 1, .8, 0)
(5, 3, 1, .85, 0)
(5, 3, 1, .9, 0)
(5, 3, 1, .95, 0)
(5, 3, 1, 1, 0)
(5, 3, 2, 0, 1)
(5, 3, 2, .05, 1)
(5, 3, 2, .1, .540947)
(5, 3, 2, .15, .540947)
(5, 3, 2, .2, .261458)
(5, 3, 2, .25, .261458)
(5, 3, 2, .3, .093163)
(5, 3, 2, .35, .093163)
(5, 3, 2, .4, .0210368)
(5, 3, 2, .45, .0210368)
(5, 3, 2, .5, 0)
(5, 3, 2, .55, 0)
(5, 3, 2, .6, 0)
(5, 3, 2, .65, 0)
(5, 3, 2, .7, 0)
(5, 3, 2, .75, 0)
(5, 3, 2, .8, 0)
(5, 3, 2, .85, 0)
(5, 3, 2, .9, 0)
(5, 3, 2, .95, 0)
(5, 3, 2, 1, 0)
(5, 3, 3, 0, 1)
(5, 3, 3, .05, 1)
(5, 3, 3, .1, .480841)
(5, 3, 3, .15, .480841)
(5, 3, 3, .2, .199098)
(5, 3, 3, .25, .199098)
(5, 3, 3, .3, .0480841)
(5, 3, 3, .35, .0480841)
(5, 3, 3, .4, .00375657)
(5, 3, 3, .45, .00375657)
(5, 3, 3, .5, 0)
(5, 3, 3, .55, 0)
(5, 3, 3, .6, 0)
(5, 3, 3, .65, 0)
(5, 3, 3, .7, 0)
(5, 3, 3, .75, 0)
(5, 3, 3, .8, 0)
(5, 3, 3, .85, 0)
(5, 3, 3, .9, 0)
(5, 3, 3, .95, 0)
(5, 3, 3, 1, 0)
(5, 3, 4, 0, 1)
(5, 3, 4, .05, 1)
(5, 3, 4, .1, .432757)
(5, 3, 4, .15, .432757)
(5, 3, 4, .2, .144252)
(5, 3, 4, .25, .144252)
(5, 3, 4, .3, .0210368)
(5, 3, 4, .35, .0210368)
(5, 3, 4, .4, 0)
(5, 3, 4, .45, 0)
(5, 3, 4, .5, 0)
(5, 3, 4, .55, 0)
(5, 3, 4, .6, 0)
(5, 3, 4, .65, 0)
(5, 3, 4, .7, 0)
(5, 3, 4, .75, 0)
(5, 3, 4, .8, 0)
(5, 3, 4, .85, 0)
(5, 3, 4, .9, 0)
(5, 3, 4, .95, 0)
(5, 3, 4, 1, 0)
(5, 3, 5, 0, 1)
(5, 3, 5, .05, 1)
(5, 3, 5, .1, .384673)
(5, 3, 5, .15, .384673)
(5, 3, 5, .2, .0976709)
(5, 3, 5, .25, .0976709)
(5, 3, 5, .3, .00601052)
(5, 3, 5, .35, .00601052)
(5, 3, 5, .4, 0)
(5, 3, 5, .45, 0)
(5, 3, 5, .5, 0)
(5, 3, 5, .55, 0)
(5, 3, 5, .6, 0)
(5, 3, 5, .65, 0)
(5, 3, 5, .7, 0)
(5, 3, 5, .75, 0)
(5, 3, 5, .8, 0)
(5, 3, 5, .85, 0)
(5, 3, 5, .9, 0)
(5, 3, 5, .95, 0)
(5, 3, 5, 1, 0)
(5, 3, 6, 0, 1)
(5, 3, 6, .05, 1)
(5, 3, 6, .1, .336589)
(5, 3, 6, .15, .336589)
(5, 3, 6, .2, .0608565)
(5, 3, 6, .25, .0608565)
(5, 3, 6, .3, 0)
(5, 3, 6, .35, 0)
(5, 3, 6, .4, 0)
(5, 3, 6, .45, 0)
(5, 3, 6, .5, 0)
(5, 3, 6, .55, 0)
(5, 3, 6, .6, 0)
(5, 3, 6, .65, 0)
(5, 3, 6, .7, 0)
(5, 3, 6, .75, 0)
(5, 3, 6, .8, 0)
(5, 3, 6, .85, 0)
(5, 3, 6, .9, 0)
(5, 3, 6, .95, 0)
(5, 3, 6, 1, 0)
(5, 3, 7, 0, 1)
(5, 3, 7, .05, 1)
(5, 3, 7, .1, .288505)
(5, 3, 7, .15, .288505)
(5, 3, 7, .2, .0300526)
(5, 3, 7, .25, .0300526)
(5, 3, 7, .3, 0)
(5, 3, 7, .35, 0)
(5, 3, 7, .4, 0)
(5, 3, 7, .45, 0)
(5, 3, 7, .5, 0)
(5, 3, 7, .55, 0)
(5, 3, 7, .6, 0)
(5, 3, 7, .65, 0)
(5, 3, 7, .7, 0)
(5, 3, 7, .75, 0)
(5, 3, 7, .8, 0)
(5, 3, 7, .85, 0)
(5, 3, 7, .9, 0)
(5, 3, 7, .95, 0)
(5, 3, 7, 1, 0)
(5, 3, 8, 0, 1)
(5, 3, 8, .05, 1)
(5, 3, 8, .1, .252442)
(5, 3, 8, .15, .252442)
(5, 3, 8, .2, .0150263)
(5, 3, 8, .25, .0150263)
(5, 3, 8, .3, 0)
(5, 3, 8, .35, 0)
(5, 3, 8, .4, 0)
(5, 3, 8, .45, 0)
(5, 3, 8, .5, 0)
(5, 3, 8, .55, 0)
(5, 3, 8, .6, 0)
(5, 3, 8, .65, 0)
(5, 3, 8, .7, 0)
(5, 3, 8, .75, 0)
(5, 3, 8, .8, 0)
(5, 3, 8, .85, 0)
(5, 3, 8, .9, 0)
(5, 3, 8, .95, 0)
(5, 3, 8, 1, 0)
(5, 3, 9, 0, 1)
(5, 3, 9, .05, 1)
(5, 3, 9, .1, .216379)
(5, 3, 9, .15, .216379)
(5, 3, 9, .2, .00375657)
(5, 3, 9, .25, .00375657)
(5, 3, 9, .3, 0)
(5, 3, 9, .35, 0)
(5, 3, 9, .4, 0)
(5, 3, 9, .45, 0)
(5, 3, 9, .5, 0)
(5, 3, 9, .55, 0)
(5, 3, 9, .6, 0)
(5, 3, 9, .65, 0)
(5, 3, 9, .7, 0)
(5, 3, 9, .75, 0)
(5, 3, 9, .8, 0)
(5, 3, 9, .85, 0)
(5, 3, 9, .9, 0)
(5, 3, 9, .95, 0)
(5, 3, 9, 1, 0)
(5, 3, 10, 0, 1)
(5, 3, 10, .05, 1)
(5, 3, 10, .1, .180316)
(5, 3, 10, .15, .180316)
(5, 3, 10, .2, 0)
(5, 3, 10, .25, 0)
(5, 3, 10, .3, 0)
(5, 3, 10, .35, 0)
(5, 3, 10, .4, 0)
(5, 3, 10, .45, 0)
(5, 3, 10, .5, 0)
(5, 3, 10, .55, 0)
(5, 3, 10, .6, 0)
(5, 3, 10, .65, 0)
(5, 3, 10, .7, 0)
(5, 3, 10, .75, 0)
(5, 3, 10, .8, 0)
(5, 3, 10, .85, 0)
(5, 3, 10, .9, 0)
(5, 3, 10, .95, 0)
(5, 3, 10, 1, 0)
(5, 3, 11, 0, 1)
(5, 3, 11, .05, 1)
(5, 3, 11, .1, 0)
(5, 3, 11, .15, 0)
(5, 3, 11, .2, 0)
(5, 3, 11, .25, 0)
(5, 3, 11, .3, 0)
(5, 3, 11, .35, 0)
(5, 3, 11, .4, 0)
(5, 3, 11, .45, 0)
(5, 3, 11, .5, 0)
(5, 3, 11, .55, 0)
(5, 3, 11, .6, 0)
(5, 3, 11, .65, 0)
(5, 3, 11, .7, 0)
(5, 3, 11, .75, 0)
(5, 3, 11, .8, 0)
(5, 3, 11, .85, 0)
(5, 3, 11, .9, 0)
(5, 3, 11, .95, 0)
(5, 3, 11, 1, 0)
(5, 4, 1, 0, 1)
(5, 4, 1, .05, 1)
(5, 4, 1, .1, .540947)
(5, 4, 1, .15, .540947)
(5, 4, 1, .2, .243426)
(5, 4, 1, .25, .243426)
(5, 4, 1, .3, .0721262)
(5, 4, 1, .35, .0721262)
(5, 4, 1, .4, .0052592)
(5, 4, 1, .45, .0052592)
(5, 4, 1, .5, 0)
(5, 4, 1, .55, 0)
(5, 4, 1, .6, 0)
(5, 4, 1, .65, 0)
(5, 4, 1, .7, 0)
(5, 4, 1, .75, 0)
(5, 4, 1, .8, 0)
(5, 4, 1, .85, 0)
(5, 4, 1, .9, 0)
(5, 4, 1, .95, 0)
(5, 4, 1, 1, 0)
(5, 4, 2, 0, 1)
(5, 4, 2, .05, 1)
(5, 4, 2, .1, .486852)
(5, 4, 2, .15, .486852)
(5, 4, 2, .2, .191585)
(5, 4, 2, .25, .191585)
(5, 4, 2, .3, .0450789)
(5, 4, 2, .35, .0450789)
(5, 4, 2, .4, .00225394)
(5, 4, 2, .45, .00225394)
(5, 4, 2, .5, 0)
(5, 4, 2, .55, 0)
(5, 4, 2, .6, 0)
(5, 4, 2, .65, 0)
(5, 4, 2, .7, 0)
(5, 4, 2, .75, 0)
(5, 4, 2, .8, 0)
(5, 4, 2, .85, 0)
(5, 4, 2, .9, 0)
(5, 4, 2, .95, 0)
(5, 4, 2, 1, 0)
(5, 4, 3, 0, 1)
(5, 4, 3, .05, 1)
(5, 4, 3, .1, .432757)
(5, 4, 3, .15, .432757)
(5, 4, 3, .2, .144252)
(5, 4, 3, .25, .144252)
(5, 4, 3, .3, .0210368)
(5, 4, 3, .35, .0210368)
(5, 4, 3, .4, 0)
(5, 4, 3, .45, 0)
(5, 4, 3, .5, 0)
(5, 4, 3, .55, 0)
(5, 4, 3, .6, 0)
(5, 4, 3, .65, 0)
(5, 4, 3, .7, 0)
(5, 4, 3, .75, 0)
(5, 4, 3, .8, 0)
(5, 4, 3, .85, 0)
(5, 4, 3, .9, 0)
(5, 4, 3, .95, 0)
(5, 4, 3, 1, 0)
(5, 4, 4, 0, 1)
(5, 4, 4, .05, 1)
(5, 4, 4, .1, .389181)
(5, 4, 4, .15, .389181)
(5, 4, 4, .2, .102179)
(5, 4, 4, .25, .102179)
(5, 4, 4, .3, .00601052)
(5, 4, 4, .35, .00601052)
(5, 4, 4, .4, 0)
(5, 4, 4, .45, 0)
(5, 4, 4, .5, 0)
(5, 4, 4, .55, 0)
(5, 4, 4, .6, 0)
(5, 4, 4, .65, 0)
(5, 4, 4, .7, 0)
(5, 4, 4, .75, 0)
(5, 4, 4, .8, 0)
(5, 4, 4, .85, 0)
(5, 4, 4, .9, 0)
(5, 4, 4, .95, 0)
(5, 4, 4, 1, 0)
(5, 4, 5, 0, 1)
(5, 4, 5, .05, 1)
(5, 4, 5, .1, .345605)
(5, 4, 5, .15, .345605)
(5, 4, 5, .2, .066867)
(5, 4, 5, .25, .066867)
(5, 4, 5, .3, 0)
(5, 4, 5, .35, 0)
(5, 4, 5, .4, 0)
(5, 4, 5, .45, 0)
(5, 4, 5, .5, 0)
(5, 4, 5, .55, 0)
(5, 4, 5, .6, 0)
(5, 4, 5, .65, 0)
(5, 4, 5, .7, 0)
(5, 4, 5, .75, 0)
(5, 4, 5, .8, 0)
(5, 4, 5, .85, 0)
(5, 4, 5, .9, 0)
(5, 4, 5, .95, 0)
(5, 4, 5, 1, 0)
(5, 4, 6, 0, 1)
(5, 4, 6, .05, 1)
(5, 4, 6, .1, .302029)
(5, 4, 6, .15, .302029)
(5, 4, 6, .2, .0398197)
(5, 4, 6, .25, .0398197)
(5, 4, 6, .3, 0)
(5, 4, 6, .35, 0)
(5, 4, 6, .4, 0)
(5, 4, 6, .45, 0)
(5, 4, 6, .5, 0)
(5, 4, 6, .55, 0)
(5, 4, 6, .6, 0)
(5, 4, 6, .65, 0)
(5, 4, 6, .7, 0)
(5, 4, 6, .75, 0)
(5, 4, 6, .8, 0)
(5, 4, 6, .85, 0)
(5, 4, 6, .9, 0)
(5, 4, 6, .95, 0)
(5, 4, 6, 1, 0)
(5, 4, 7, 0, 1)
(5, 4, 7, .05, 1)
(5, 4, 7, .1, .258452)
(5, 4, 7, .15, .258452)
(5, 4, 7, .2, .0187829)
(5, 4, 7, .25, .0187829)
(5, 4, 7, .3, 0)
(5, 4, 7, .35, 0)
(5, 4, 7, .4, 0)
(5, 4, 7, .45, 0)
(5, 4, 7, .5, 0)
(5, 4, 7, .55, 0)
(5, 4, 7, .6, 0)
(5, 4, 7, .65, 0)
(5, 4, 7, .7, 0)
(5, 4, 7, .75, 0)
(5, 4, 7, .8, 0)
(5, 4, 7, .85, 0)
(5, 4, 7, .9, 0)
(5, 4, 7, .95, 0)
(5, 4, 7, 1, 0)
(5, 4, 8, 0, 1)
(5, 4, 8, .05, 1)
(5, 4, 8, .1, .225394)
(5, 4, 8, .15, .225394)
(5, 4, 8, .2, .00901578)
(5, 4, 8, .25, .00901578)
(5, 4, 8, .3, 0)
(5, 4, 8, .35, 0)
(5, 4, 8, .4, 0)
(5, 4, 8, .45, 0)
(5, 4, 8, .5, 0)
(5, 4, 8, .55, 0)
(5, 4, 8, .6, 0)
(5, 4, 8, .65, 0)
(5, 4, 8, .7, 0)
(5, 4, 8, .75, 0)
(5, 4, 8, .8, 0)
(5, 4, 8, .85, 0)
(5, 4, 8, .9, 0)
(5, 4, 8, .95, 0)
(5, 4, 8, 1, 0)
(5, 4, 9, 0, 1)
(5, 4, 9, .05, 1)
(5, 4, 9, .1, .192337)
(5, 4, 9, .15, .192337)
(5, 4, 9, .2, .00225394)
(5, 4, 9, .25, .00225394)
(5, 4, 9, .3, 0)
(5, 4, 9, .35, 0)
(5, 4, 9, .4, 0)
(5, 4, 9, .45, 0)
(5, 4, 9, .5, 0)
(5, 4, 9, .55, 0)
(5, 4, 9, .6, 0)
(5, 4, 9, .65, 0)
(5, 4, 9, .7, 0)
(5, 4, 9, .75, 0)
(5, 4, 9, .8, 0)
(5, 4, 9, .85, 0)
(5, 4, 9, .9, 0)
(5, 4, 9, .95, 0)
(5, 4, 9, 1, 0)
(5, 4, 10, 0, 1)
(5, 4, 10, .05, 1)
(5, 4, 10, .1, .159279)
(5, 4, 10, .15, .159279)
(5, 4, 10, .2, 0)
(5, 4, 10, .25, 0)
(5, 4, 10, .3, 0)
(5, 4, 10, .35, 0)
(5, 4, 10, .4, 0)
(5, 4, 10, .45, 0)
(5, 4, 10, .5, 0)
(5, 4, 10, .55, 0)
(5, 4, 10, .6, 0)
(5, 4, 10, .65, 0)
(5, 4, 10, .7, 0)
(5, 4, 10, .75, 0)
(5, 4, 10, .8, 0)
(5, 4, 10, .85, 0)
(5, 4, 10, .9, 0)
(5, 4, 10, .95, 0)
(5, 4, 10, 1, 0)
(5, 4, 11, 0, 1)
(5, 4, 11, .05, 1)
(5, 4, 11, .1, 0)
(5, 4, 11, .15, 0)
(5, 4, 11, .2, 0)
(5, 4, 11, .25, 0)
(5, 4, 11, .3, 0)
(5, 4, 11, .35, 0)
(5, 4, 11, .4, 0)
(5, 4, 11, .45, 0)
(5, 4, 11, .5, 0)
(5, 4, 11, .55, 0)
(5, 4, 11, .6, 0)
(5, 4, 11, .65, 0)
(5, 4, 11, .7, 0)
(5, 4, 11, .75, 0)
(5, 4, 11, .8, 0)
(5, 4, 11, .85, 0)
(5, 4, 11, .9, 0)
(5, 4, 11, .95, 0)
(5, 4, 11, 1, 0)
(5, 5, 1, 0, 1)
(5, 5, 1, .05, 1)
(5, 5, 1, .1, .480841)
(5, 5, 1, .15, .480841)
(5, 5, 1, .2, .169046)
(5, 5, 1, .25, .169046)
(5, 5, 1, .3, .0240421)
(5, 5, 1, .35, .0240421)
(5, 5, 1, .4, 0)
(5, 5, 1, .45, 0)
(5, 5, 1, .5, 0)
(5, 5, 1, .55, 0)
(5, 5, 1, .6, 0)
(5, 5, 1, .65, 0)
(5, 5, 1, .7, 0)
(5, 5, 1, .75, 0)
(5, 5, 1, .8, 0)
(5, 5, 1, .85, 0)
(5, 5, 1, .9, 0)
(5, 5, 1, .95, 0)
(5, 5, 1, 1, 0)
(5, 5, 2, 0, 1)
(5, 5, 2, .05, 1)
(5, 5, 2, .1, .432757)
(5, 5, 2, .15, .432757)
(5, 5, 2, .2, .132231)
(5, 5, 2, .25, .132231)
(5, 5, 2, .3, .0150263)
(5, 5, 2, .35, .0150263)
(5, 5, 2, .4, 0)
(5, 5, 2, .45, 0)
(5, 5, 2, .5, 0)
(5, 5, 2, .55, 0)
(5, 5, 2, .6, 0)
(5, 5, 2, .65, 0)
(5, 5, 2, .7, 0)
(5, 5, 2, .75, 0)
(5, 5, 2, .8, 0)
(5, 5, 2, .85, 0)
(5, 5, 2, .9, 0)
(5, 5, 2, .95, 0)
(5, 5, 2, 1, 0)
(5, 5, 3, 0, 1)
(5, 5, 3, .05, 1)
(5, 5, 3, .1, .384673)
(5, 5, 3, .15, .384673)
(5, 5, 3, .2, .0976709)
(5, 5, 3, .25, .0976709)
(5, 5, 3, .3, .00601052)
(5, 5, 3, .35, .00601052)
(5, 5, 3, .4, 0)
(5, 5, 3, .45, 0)
(5, 5, 3, .5, 0)
(5, 5, 3, .55, 0)
(5, 5, 3, .6, 0)
(5, 5, 3, .65, 0)
(5, 5, 3, .7, 0)
(5, 5, 3, .75, 0)
(5, 5, 3, .8, 0)
(5, 5, 3, .85, 0)
(5, 5, 3, .9, 0)
(5, 5, 3, .95, 0)
(5, 5, 3, 1, 0)
(5, 5, 4, 0, 1)
(5, 5, 4, .05, 1)
(5, 5, 4, .1, .345605)
(5, 5, 4, .15, .345605)
(5, 5, 4, .2, .066867)
(5, 5, 4, .25, .066867)
(5, 5, 4, .3, 0)
(5, 5, 4, .35, 0)
(5, 5, 4, .4, 0)
(5, 5, 4, .45, 0)
(5, 5, 4, .5, 0)
(5, 5, 4, .55, 0)
(5, 5, 4, .6, 0)
(5, 5, 4, .65, 0)
(5, 5, 4, .7, 0)
(5, 5, 4, .75, 0)
(5, 5, 4, .8, 0)
(5, 5, 4, .85, 0)
(5, 5, 4, .9, 0)
(5, 5, 4, .95, 0)
(5, 5, 4, 1, 0)
(5, 5, 5, 0, 1)
(5, 5, 5, .05, 1)
(5, 5, 5, .1, .306536)
(5, 5, 5, .15, .306536)
(5, 5, 5, .2, .0413223)
(5, 5, 5, .25, .0413223)
(5, 5, 5, .3, 0)
(5, 5, 5, .35, 0)
(5, 5, 5, .4, 0)
(5, 5, 5, .45, 0)
(5, 5, 5, .5, 0)
(5, 5, 5, .55, 0)
(5, 5, 5, .6, 0)
(5, 5, 5, .65, 0)
(5, 5, 5, .7, 0)
(5, 5, 5, .75, 0)
(5, 5, 5, .8, 0)
(5, 5, 5, .85, 0)
(5, 5, 5, .9, 0)
(5, 5, 5, .95, 0)
(5, 5, 5, 1, 0)
(5, 5, 6, 0, 1)
(5, 5, 6, .05, 1)
(5, 5, 6, .1, .267468)
(5, 5, 6, .15, .267468)
(5, 5, 6, .2, .0225394)
(5, 5, 6, .25, .0225394)
(5, 5, 6, .3, 0)
(5, 5, 6, .35, 0)
(5, 5, 6, .4, 0)
(5, 5, 6, .45, 0)
(5, 5, 6, .5, 0)
(5, 5, 6, .55, 0)
(5, 5, 6, .6, 0)
(5, 5, 6, .65, 0)
(5, 5, 6, .7, 0)
(5, 5, 6, .75, 0)
(5, 5, 6, .8, 0)
(5, 5, 6, .85, 0)
(5, 5, 6, .9, 0)
(5, 5, 6, .95, 0)
(5, 5, 6, 1, 0)
(5, 5, 7, 0, 1)
(5, 5, 7, .05, 1)
(5, 5, 7, .1, .2284)
(5, 5, 7, .15, .2284)
(5, 5, 7, .2, .00901578)
(5, 5, 7, .25, .00901578)
(5, 5, 7, .3, 0)
(5, 5, 7, .35, 0)
(5, 5, 7, .4, 0)
(5, 5, 7, .45, 0)
(5, 5, 7, .5, 0)
(5, 5, 7, .55, 0)
(5, 5, 7, .6, 0)
(5, 5, 7, .65, 0)
(5, 5, 7, .7, 0)
(5, 5, 7, .75, 0)
(5, 5, 7, .8, 0)
(5, 5, 7, .85, 0)
(5, 5, 7, .9, 0)
(5, 5, 7, .95, 0)
(5, 5, 7, 1, 0)
(5, 5, 8, 0, 1)
(5, 5, 8, .05, 1)
(5, 5, 8, .1, .198347)
(5, 5, 8, .15, .198347)
(5, 5, 8, .2, .00375657)
(5, 5, 8, .25, .00375657)
(5, 5, 8, .3, 0)
(5, 5, 8, .35, 0)
(5, 5, 8, .4, 0)
(5, 5, 8, .45, 0)
(5, 5, 8, .5, 0)
(5, 5, 8, .55, 0)
(5, 5, 8, .6, 0)
(5, 5, 8, .65, 0)
(5, 5, 8, .7, 0)
(5, 5, 8, .75, 0)
(5, 5, 8, .8, 0)
(5, 5, 8, .85, 0)
(5, 5, 8, .9, 0)
(5, 5, 8, .95, 0)
(5, 5, 8, 1, 0)
(5, 5, 9, 0, 1)
(5, 5, 9, .05, 1)
(5, 5, 9, .1, .168295)
(5, 5, 9, .15, .168295)
(5, 5, 9, .2, .000751315)
(5, 5, 9, .25, .000751315)
(5, 5, 9, .3, 0)
(5, 5, 9, .35, 0)
(5, 5, 9, .4, 0)
(5, 5, 9, .45, 0)
(5, 5, 9, .5, 0)
(5, 5, 9, .55, 0)
(5, 5, 9, .6, 0)
(5, 5, 9, .65, 0)
(5, 5, 9, .7, 0)
(5, 5, 9, .75, 0)
(5, 5, 9, .8, 0)
(5, 5, 9, .85, 0)
(5, 5, 9, .9, 0)
(5, 5, 9, .95, 0)
(5, 5, 9, 1, 0)
(5, 5, 10, 0, 1)
(5, 5, 10, .05, 1)
(5, 5, 10, .1, .138242)
(5, 5, 10, .15, .138242)
(5, 5, 10, .2, 0)
(5, 5, 10, .25, 0)
(5, 5, 10, .3, 0)
(5, 5, 10, .35, 0)
(5, 5, 10, .4, 0)
(5, 5, 10, .45, 0)
(5, 5, 10, .5, 0)
(5, 5, 10, .55, 0)
(5, 5, 10, .6, 0)
(5, 5, 10, .65, 0)
(5, 5, 10, .7, 0)
(5, 5, 10, .75, 0)
(5, 5, 10, .8, 0)
(5, 5, 10, .85, 0)
(5, 5, 10, .9, 0)
(5, 5, 10, .95, 0)
(5, 5, 10, 1, 0)
(5, 5, 11, 0, 1)
(5, 5, 11, .05, 1)
(5, 5, 11, .1, 0)
(5, 5, 11, .15, 0)
(5, 5, 11, .2, 0)
(5, 5, 11, .25, 0)
(5, 5, 11, .3, 0)
(5, 5, 11, .35, 0)
(5, 5, 11, .4, 0)
(5, 5, 11, .45, 0)
(5, 5, 11, .5, 0)
(5, 5, 11, .55, 0)
(5, 5, 11, .6, 0)
(5, 5, 11, .65, 0)
(5, 5, 11, .7, 0)
(5, 5, 11, .75, 0)
(5, 5, 11, .8, 0)
(5, 5, 11, .85, 0)
(5, 5, 11, .9, 0)
(5, 5, 11, .95, 0)
(5, 5, 11, 1, 0)
(5, 6, 1, 0, 1)
(5, 6, 1, .05, 1)
(5, 6, 1, .1, .420736)
(5, 6, 1, .15, .420736)
(5, 6, 1, .2, .108189)
(5, 6, 1, .25, .108189)
(5, 6, 1, .3, 0)
(5, 6, 1, .35, 0)
(5, 6, 1, .4, 0)
(5, 6, 1, .45, 0)
(5, 6, 1, .5, 0)
(5, 6, 1, .55, 0)
(5, 6, 1, .6, 0)
(5, 6, 1, .65, 0)
(5, 6, 1, .7, 0)
(5, 6, 1, .75, 0)
(5, 6, 1, .8, 0)
(5, 6, 1, .85, 0)
(5, 6, 1, .9, 0)
(5, 6, 1, .95, 0)
(5, 6, 1, 1, 0)
(5, 6, 2, 0, 1)
(5, 6, 2, .05, 1)
(5, 6, 2, .1, .378663)
(5, 6, 2, .15, .378663)
(5, 6, 2, .2, .0841473)
(5, 6, 2, .25, .0841473)
(5, 6, 2, .3, 0)
(5, 6, 2, .35, 0)
(5, 6, 2, .4, 0)
(5, 6, 2, .45, 0)
(5, 6, 2, .5, 0)
(5, 6, 2, .55, 0)
(5, 6, 2, .6, 0)
(5, 6, 2, .65, 0)
(5, 6, 2, .7, 0)
(5, 6, 2, .75, 0)
(5, 6, 2, .8, 0)
(5, 6, 2, .85, 0)
(5, 6, 2, .9, 0)
(5, 6, 2, .95, 0)
(5, 6, 2, 1, 0)
(5, 6, 3, 0, 1)
(5, 6, 3, .05, 1)
(5, 6, 3, .1, .336589)
(5, 6, 3, .15, .336589)
(5, 6, 3, .2, .0608565)
(5, 6, 3, .25, .0608565)
(5, 6, 3, .3, 0)
(5, 6, 3, .35, 0)
(5, 6, 3, .4, 0)
(5, 6, 3, .45, 0)
(5, 6, 3, .5, 0)
(5, 6, 3, .55, 0)
(5, 6, 3, .6, 0)
(5, 6, 3, .65, 0)
(5, 6, 3, .7, 0)
(5, 6, 3, .75, 0)
(5, 6, 3, .8, 0)
(5, 6, 3, .85, 0)
(5, 6, 3, .9, 0)
(5, 6, 3, .95, 0)
(5, 6, 3, 1, 0)
(5, 6, 4, 0, 1)
(5, 6, 4, .05, 1)
(5, 6, 4, .1, .302029)
(5, 6, 4, .15, .302029)
(5, 6, 4, .2, .0398197)
(5, 6, 4, .25, .0398197)
(5, 6, 4, .3, 0)
(5, 6, 4, .35, 0)
(5, 6, 4, .4, 0)
(5, 6, 4, .45, 0)
(5, 6, 4, .5, 0)
(5, 6, 4, .55, 0)
(5, 6, 4, .6, 0)
(5, 6, 4, .65, 0)
(5, 6, 4, .7, 0)
(5, 6, 4, .75, 0)
(5, 6, 4, .8, 0)
(5, 6, 4, .85, 0)
(5, 6, 4, .9, 0)
(5, 6, 4, .95, 0)
(5, 6, 4, 1, 0)
(5, 6, 5, 0, 1)
(5, 6, 5, .05, 1)
(5, 6, 5, .1, .267468)
(5, 6, 5, .15, .267468)
(5, 6, 5, .2, .0225394)
(5, 6, 5, .25, .0225394)
(5, 6, 5, .3, 0)
(5, 6, 5, .35, 0)
(5, 6, 5, .4, 0)
(5, 6, 5, .45, 0)
(5, 6, 5, .5, 0)
(5, 6, 5, .55, 0)
(5, 6, 5, .6, 0)
(5, 6, 5, .65, 0)
(5, 6, 5, .7, 0)
(5, 6, 5, .75, 0)
(5, 6, 5, .8, 0)
(5, 6, 5, .85, 0)
(5, 6, 5, .9, 0)
(5, 6, 5, .95, 0)
(5, 6, 5, 1, 0)
(5, 6, 6, 0, 1)
(5, 6, 6, .05, 1)
(5, 6, 6, .1, .232908)
(5, 6, 6, .15, .232908)
(5, 6, 6, .2, .0105184)
(5, 6, 6, .25, .0105184)
(5, 6, 6, .3, 0)
(5, 6, 6, .35, 0)
(5, 6, 6, .4, 0)
(5, 6, 6, .45, 0)
(5, 6, 6, .5, 0)
(5, 6, 6, .55, 0)
(5, 6, 6, .6, 0)
(5, 6, 6, .65, 0)
(5, 6, 6, .7, 0)
(5, 6, 6, .75, 0)
(5, 6, 6, .8, 0)
(5, 6, 6, .85, 0)
(5, 6, 6, .9, 0)
(5, 6, 6, .95, 0)
(5, 6, 6, 1, 0)
(5, 6, 7, 0, 1)
(5, 6, 7, .05, 1)
(5, 6, 7, .1, .198347)
(5, 6, 7, .15, .198347)
(5, 6, 7, .2, .00300526)
(5, 6, 7, .25, .00300526)
(5, 6, 7, .3, 0)
(5, 6, 7, .35, 0)
(5, 6, 7, .4, 0)
(5, 6, 7, .45, 0)
(5, 6, 7, .5, 0)
(5, 6, 7, .55, 0)
(5, 6, 7, .6, 0)
(5, 6, 7, .65, 0)
(5, 6, 7, .7, 0)
(5, 6, 7, .75, 0)
(5, 6, 7, .8, 0)
(5, 6, 7, .85, 0)
(5, 6, 7, .9, 0)
(5, 6, 7, .95, 0)
(5, 6, 7, 1, 0)
(5, 6, 8, 0, 1)
(5, 6, 8, .05, 1)
(5, 6, 8, .1, .1713)
(5, 6, 8, .15, .1713)
(5, 6, 8, .2, .000751315)
(5, 6, 8, .25, .000751315)
(5, 6, 8, .3, 0)
(5, 6, 8, .35, 0)
(5, 6, 8, .4, 0)
(5, 6, 8, .45, 0)
(5, 6, 8, .5, 0)
(5, 6, 8, .55, 0)
(5, 6, 8, .6, 0)
(5, 6, 8, .65, 0)
(5, 6, 8, .7, 0)
(5, 6, 8, .75, 0)
(5, 6, 8, .8, 0)
(5, 6, 8, .85, 0)
(5, 6, 8, .9, 0)
(5, 6, 8, .95, 0)
(5, 6, 8, 1, 0)
(5, 6, 9, 0, 1)
(5, 6, 9, .05, 1)
(5, 6, 9, .1, .144252)
(5, 6, 9, .15, .144252)
(5, 6, 9, .2, 0)
(5, 6, 9, .25, 0)
(5, 6, 9, .3, 0)
(5, 6, 9, .35, 0)
(5, 6, 9, .4, 0)
(5, 6, 9, .45, 0)
(5, 6, 9, .5, 0)
(5, 6, 9, .55, 0)
(5, 6, 9, .6, 0)
(5, 6, 9, .65, 0)
(5, 6, 9, .7, 0)
(5, 6, 9, .75, 0)
(5, 6, 9, .8, 0)
(5, 6, 9, .85, 0)
(5, 6, 9, .9, 0)
(5, 6, 9, .95, 0)
(5, 6, 9, 1, 0)
(5, 6, 10, 0, 1)
(5, 6, 10, .05, 1)
(5, 6, 10, .1, .118708)
(5, 6, 10, .15, .118708)
(5, 6, 10, .2, 0)
(5, 6, 10, .25, 0)
(5, 6, 10, .3, 0)
(5, 6, 10, .35, 0)
(5, 6, 10, .4, 0)
(5, 6, 10, .45, 0)
(5, 6, 10, .5, 0)
(5, 6, 10, .55, 0)
(5, 6, 10, .6, 0)
(5, 6, 10, .65, 0)
(5, 6, 10, .7, 0)
(5, 6, 10, .75, 0)
(5, 6, 10, .8, 0)
(5, 6, 10, .85, 0)
(5, 6, 10, .9, 0)
(5, 6, 10, .95, 0)
(5, 6, 10, 1, 0)
(5, 6, 11, 0, 1)
(5, 6, 11, .05, 1)
(5, 6, 11, .1, 0)
(5, 6, 11, .15, 0)
(5, 6, 11, .2, 0)
(5, 6, 11, .25, 0)
(5, 6, 11, .3, 0)
(5, 6, 11, .35, 0)
(5, 6, 11, .4, 0)
(5, 6, 11, .45, 0)
(5, 6, 11, .5, 0)
(5, 6, 11, .55, 0)
(5, 6, 11, .6, 0)
(5, 6, 11, .65, 0)
(5, 6, 11, .7, 0)
(5, 6, 11, .75, 0)
(5, 6, 11, .8, 0)
(5, 6, 11, .85, 0)
(5, 6, 11, .9, 0)
(5, 6, 11, .95, 0)
(5, 6, 11, 1, 0)
(5, 7, 1, 0, 1)
(5, 7, 1, .05, 1)
(5, 7, 1, .1, .360631)
(5, 7, 1, .15, .360631)
(5, 7, 1, .2, .0540947)
(5, 7, 1, .25, .0540947)
(5, 7, 1, .3, 0)
(5, 7, 1, .35, 0)
(5, 7, 1, .4, 0)
(5, 7, 1, .45, 0)
(5, 7, 1, .5, 0)
(5, 7, 1, .55, 0)
(5, 7, 1, .6, 0)
(5, 7, 1, .65, 0)
(5, 7, 1, .7, 0)
(5, 7, 1, .75, 0)
(5, 7, 1, .8, 0)
(5, 7, 1, .85, 0)
(5, 7, 1, .9, 0)
(5, 7, 1, .95, 0)
(5, 7, 1, 1, 0)
(5, 7, 2, 0, 1)
(5, 7, 2, .05, 1)
(5, 7, 2, .1, .324568)
(5, 7, 2, .15, .324568)
(5, 7, 2, .2, .0420736)
(5, 7, 2, .25, .0420736)
(5, 7, 2, .3, 0)
(5, 7, 2, .35, 0)
(5, 7, 2, .4, 0)
(5, 7, 2, .45, 0)
(5, 7, 2, .5, 0)
(5, 7, 2, .55, 0)
(5, 7, 2, .6, 0)
(5, 7, 2, .65, 0)
(5, 7, 2, .7, 0)
(5, 7, 2, .75, 0)
(5, 7, 2, .8, 0)
(5, 7, 2, .85, 0)
(5, 7, 2, .9, 0)
(5, 7, 2, .95, 0)
(5, 7, 2, 1, 0)
(5, 7, 3, 0, 1)
(5, 7, 3, .05, 1)
(5, 7, 3, .1, .288505)
(5, 7, 3, .15, .288505)
(5, 7, 3, .2, .0300526)
(5, 7, 3, .25, .0300526)
(5, 7, 3, .3, 0)
(5, 7, 3, .35, 0)
(5, 7, 3, .4, 0)
(5, 7, 3, .45, 0)
(5, 7, 3, .5, 0)
(5, 7, 3, .55, 0)
(5, 7, 3, .6, 0)
(5, 7, 3, .65, 0)
(5, 7, 3, .7, 0)
(5, 7, 3, .75, 0)
(5, 7, 3, .8, 0)
(5, 7, 3, .85, 0)
(5, 7, 3, .9, 0)
(5, 7, 3, .95, 0)
(5, 7, 3, 1, 0)
(5, 7, 4, 0, 1)
(5, 7, 4, .05, 1)
(5, 7, 4, .1, .258452)
(5, 7, 4, .15, .258452)
(5, 7, 4, .2, .0187829)
(5, 7, 4, .25, .0187829)
(5, 7, 4, .3, 0)
(5, 7, 4, .35, 0)
(5, 7, 4, .4, 0)
(5, 7, 4, .45, 0)
(5, 7, 4, .5, 0)
(5, 7, 4, .55, 0)
(5, 7, 4, .6, 0)
(5, 7, 4, .65, 0)
(5, 7, 4, .7, 0)
(5, 7, 4, .75, 0)
(5, 7, 4, .8, 0)
(5, 7, 4, .85, 0)
(5, 7, 4, .9, 0)
(5, 7, 4, .95, 0)
(5, 7, 4, 1, 0)
(5, 7, 5, 0, 1)
(5, 7, 5, .05, 1)
(5, 7, 5, .1, .2284)
(5, 7, 5, .15, .2284)
(5, 7, 5, .2, .00901578)
(5, 7, 5, .25, .00901578)
(5, 7, 5, .3, 0)
(5, 7, 5, .35, 0)
(5, 7, 5, .4, 0)
(5, 7, 5, .45, 0)
(5, 7, 5, .5, 0)
(5, 7, 5, .55, 0)
(5, 7, 5, .6, 0)
(5, 7, 5, .65, 0)
(5, 7, 5, .7, 0)
(5, 7, 5, .75, 0)
(5, 7, 5, .8, 0)
(5, 7, 5, .85, 0)
(5, 7, 5, .9, 0)
(5, 7, 5, .95, 0)
(5, 7, 5, 1, 0)
(5, 7, 6, 0, 1)
(5, 7, 6, .05, 1)
(5, 7, 6, .1, .198347)
(5, 7, 6, .15, .198347)
(5, 7, 6, .2, .00300526)
(5, 7, 6, .25, .00300526)
(5, 7, 6, .3, 0)
(5, 7, 6, .35, 0)
(5, 7, 6, .4, 0)
(5, 7, 6, .45, 0)
(5, 7, 6, .5, 0)
(5, 7, 6, .55, 0)
(5, 7, 6, .6, 0)
(5, 7, 6, .65, 0)
(5, 7, 6, .7, 0)
(5, 7, 6, .75, 0)
(5, 7, 6, .8, 0)
(5, 7, 6, .85, 0)
(5, 7, 6, .9, 0)
(5, 7, 6, .95, 0)
(5, 7, 6, 1, 0)
(5, 7, 7, 0, 1)
(5, 7, 7, .05, 1)
(5, 7, 7, .1, .168295)
(5, 7, 7, .15, .168295)
(5, 7, 7, .2, .000751315)
(5, 7, 7, .25, .000751315)
(5, 7, 7, .3, 0)
(5, 7, 7, .35, 0)
(5, 7, 7, .4, 0)
(5, 7, 7, .45, 0)
(5, 7, 7, .5, 0)
(5, 7, 7, .55, 0)
(5, 7, 7, .6, 0)
(5, 7, 7, .65, 0)
(5, 7, 7, .7, 0)
(5, 7, 7, .75, 0)
(5, 7, 7, .8, 0)
(5, 7, 7, .85, 0)
(5, 7, 7, .9, 0)
(5, 7, 7, .95, 0)
(5, 7, 7, 1, 0)
(5, 7, 8, 0, 1)
(5, 7, 8, .05, 1)
(5, 7, 8, .1, .144252)
(5, 7, 8, .15, .144252)
(5, 7, 8, .2, 0)
(5, 7, 8, .25, 0)
(5, 7, 8, .3, 0)
(5, 7, 8, .35, 0)
(5, 7, 8, .4, 0)
(5, 7, 8, .45, 0)
(5, 7, 8, .5, 0)
(5, 7, 8, .55, 0)
(5, 7, 8, .6, 0)
(5, 7, 8, .65, 0)
(5, 7, 8, .7, 0)
(5, 7, 8, .75, 0)
(5, 7, 8, .8, 0)
(5, 7, 8, .85, 0)
(5, 7, 8, .9, 0)
(5, 7, 8, .95, 0)
(5, 7, 8, 1, 0)
(5, 7, 9, 0, 1)
(5, 7, 9, .05, 1)
(5, 7, 9, .1, .12021)
(5, 7, 9, .15, .12021)
(5, 7, 9, .2, 0)
(5, 7, 9, .25, 0)
(5, 7, 9, .3, 0)
(5, 7, 9, .35, 0)
(5, 7, 9, .4, 0)
(5, 7, 9, .45, 0)
(5, 7, 9, .5, 0)
(5, 7, 9, .55, 0)
(5, 7, 9, .6, 0)
(5, 7, 9, .65, 0)
(5, 7, 9, .7, 0)
(5, 7, 9, .75, 0)
(5, 7, 9, .8, 0)
(5, 7, 9, .85, 0)
(5, 7, 9, .9, 0)
(5, 7, 9, .95, 0)
(5, 7, 9, 1, 0)
(5, 7, 10, 0, 1)
(5, 7, 10, .05, 1)
(5, 7, 10, .1, .0991736)
(5, 7, 10, .15, .0991736)
(5, 7, 10, .2, 0)
(5, 7, 10, .25, 0)
(5, 7, 10, .3, 0)
(5, 7, 10, .35, 0)
(5, 7, 10, .4, 0)
(5, 7, 10, .45, 0)
(5, 7, 10, .5, 0)
(5, 7, 10, .55, 0)
(5, 7, 10, .6, 0)
(5, 7, 10, .65, 0)
(5, 7, 10, .7, 0)
(5, 7, 10, .75, 0)
(5, 7, 10, .8, 0)
(5, 7, 10, .85, 0)
(5, 7, 10, .9, 0)
(5, 7, 10, .95, 0)
(5, 7, 10, 1, 0)
(5, 7, 11, 0, 1)
(5, 7, 11, .05, 1)
(5, 7, 11, .1, 0)
(5, 7, 11, .15, 0)
(5, 7, 11, .2, 0)
(5, 7, 11, .25, 0)
(5, 7, 11, .3, 0)
(5, 7, 11, .35, 0)
(5, 7, 11, .4, 0)
(5, 7, 11, .45, 0)
(5, 7, 11, .5, 0)
(5, 7, 11, .55, 0)
(5, 7, 11, .6, 0)
(5, 7, 11, .65, 0)
(5, 7, 11, .7, 0)
(5, 7, 11, .75, 0)
(5, 7, 11, .8, 0)
(5, 7, 11, .85, 0)
(5, 7, 11, .9, 0)
(5, 7, 11, .95, 0)
(5, 7, 11, 1, 0)
(5, 8, 1, 0, 1)
(5, 8, 1, .05, 1)
(5, 8, 1, .1, .315552)
(5, 8, 1, .15, .315552)
(5, 8, 1, .2, .0270473)
(5, 8, 1, .25, .0270473)
(5, 8, 1, .3, 0)
(5, 8, 1, .35, 0)
(5, 8, 1, .4, 0)
(5, 8, 1, .45, 0)
(5, 8, 1, .5, 0)
(5, 8, 1, .55, 0)
(5, 8, 1, .6, 0)
(5, 8, 1, .65, 0)
(5, 8, 1, .7, 0)
(5, 8, 1, .75, 0)
(5, 8, 1, .8, 0)
(5, 8, 1, .85, 0)
(5, 8, 1, .9, 0)
(5, 8, 1, .95, 0)
(5, 8, 1, 1, 0)
(5, 8, 2, 0, 1)
(5, 8, 2, .05, 1)
(5, 8, 2, .1, .283997)
(5, 8, 2, .15, .283997)
(5, 8, 2, .2, .0210368)
(5, 8, 2, .25, .0210368)
(5, 8, 2, .3, 0)
(5, 8, 2, .35, 0)
(5, 8, 2, .4, 0)
(5, 8, 2, .45, 0)
(5, 8, 2, .5, 0)
(5, 8, 2, .55, 0)
(5, 8, 2, .6, 0)
(5, 8, 2, .65, 0)
(5, 8, 2, .7, 0)
(5, 8, 2, .75, 0)
(5, 8, 2, .8, 0)
(5, 8, 2, .85, 0)
(5, 8, 2, .9, 0)
(5, 8, 2, .95, 0)
(5, 8, 2, 1, 0)
(5, 8, 3, 0, 1)
(5, 8, 3, .05, 1)
(5, 8, 3, .1, .252442)
(5, 8, 3, .15, .252442)
(5, 8, 3, .2, .0150263)
(5, 8, 3, .25, .0150263)
(5, 8, 3, .3, 0)
(5, 8, 3, .35, 0)
(5, 8, 3, .4, 0)
(5, 8, 3, .45, 0)
(5, 8, 3, .5, 0)
(5, 8, 3, .55, 0)
(5, 8, 3, .6, 0)
(5, 8, 3, .65, 0)
(5, 8, 3, .7, 0)
(5, 8, 3, .75, 0)
(5, 8, 3, .8, 0)
(5, 8, 3, .85, 0)
(5, 8, 3, .9, 0)
(5, 8, 3, .95, 0)
(5, 8, 3, 1, 0)
(5, 8, 4, 0, 1)
(5, 8, 4, .05, 1)
(5, 8, 4, .1, .225394)
(5, 8, 4, .15, .225394)
(5, 8, 4, .2, .00901578)
(5, 8, 4, .25, .00901578)
(5, 8, 4, .3, 0)
(5, 8, 4, .35, 0)
(5, 8, 4, .4, 0)
(5, 8, 4, .45, 0)
(5, 8, 4, .5, 0)
(5, 8, 4, .55, 0)
(5, 8, 4, .6, 0)
(5, 8, 4, .65, 0)
(5, 8, 4, .7, 0)
(5, 8, 4, .75, 0)
(5, 8, 4, .8, 0)
(5, 8, 4, .85, 0)
(5, 8, 4, .9, 0)
(5, 8, 4, .95, 0)
(5, 8, 4, 1, 0)
(5, 8, 5, 0, 1)
(5, 8, 5, .05, 1)
(5, 8, 5, .1, .198347)
(5, 8, 5, .15, .198347)
(5, 8, 5, .2, .00375657)
(5, 8, 5, .25, .00375657)
(5, 8, 5, .3, 0)
(5, 8, 5, .35, 0)
(5, 8, 5, .4, 0)
(5, 8, 5, .45, 0)
(5, 8, 5, .5, 0)
(5, 8, 5, .55, 0)
(5, 8, 5, .6, 0)
(5, 8, 5, .65, 0)
(5, 8, 5, .7, 0)
(5, 8, 5, .75, 0)
(5, 8, 5, .8, 0)
(5, 8, 5, .85, 0)
(5, 8, 5, .9, 0)
(5, 8, 5, .95, 0)
(5, 8, 5, 1, 0)
(5, 8, 6, 0, 1)
(5, 8, 6, .05, 1)
(5, 8, 6, .1, .1713)
(5, 8, 6, .15, .1713)
(5, 8, 6, .2, .000751315)
(5, 8, 6, .25, .000751315)
(5, 8, 6, .3, 0)
(5, 8, 6, .35, 0)
(5, 8, 6, .4, 0)
(5, 8, 6, .45, 0)
(5, 8, 6, .5, 0)
(5, 8, 6, .55, 0)
(5, 8, 6, .6, 0)
(5, 8, 6, .65, 0)
(5, 8, 6, .7, 0)
(5, 8, 6, .75, 0)
(5, 8, 6, .8, 0)
(5, 8, 6, .85, 0)
(5, 8, 6, .9, 0)
(5, 8, 6, .95, 0)
(5, 8, 6, 1, 0)
(5, 8, 7, 0, 1)
(5, 8, 7, .05, 1)
(5, 8, 7, .1, .144252)
(5, 8, 7, .15, .144252)
(5, 8, 7, .2, 0)
(5, 8, 7, .25, 0)
(5, 8, 7, .3, 0)
(5, 8, 7, .35, 0)
(5, 8, 7, .4, 0)
(5, 8, 7, .45, 0)
(5, 8, 7, .5, 0)
(5, 8, 7, .55, 0)
(5, 8, 7, .6, 0)
(5, 8, 7, .65, 0)
(5, 8, 7, .7, 0)
(5, 8, 7, .75, 0)
(5, 8, 7, .8, 0)
(5, 8, 7, .85, 0)
(5, 8, 7, .9, 0)
(5, 8, 7, .95, 0)
(5, 8, 7, 1, 0)
(5, 8, 8, 0, 1)
(5, 8, 8, .05, 1)
(5, 8, 8, .1, .123216)
(5, 8, 8, .15, .123216)
(5, 8, 8, .2, 0)
(5, 8, 8, .25, 0)
(5, 8, 8, .3, 0)
(5, 8, 8, .35, 0)
(5, 8, 8, .4, 0)
(5, 8, 8, .45, 0)
(5, 8, 8, .5, 0)
(5, 8, 8, .55, 0)
(5, 8, 8, .6, 0)
(5, 8, 8, .65, 0)
(5, 8, 8, .7, 0)
(5, 8, 8, .75, 0)
(5, 8, 8, .8, 0)
(5, 8, 8, .85, 0)
(5, 8, 8, .9, 0)
(5, 8, 8, .95, 0)
(5, 8, 8, 1, 0)
(5, 8, 9, 0, 1)
(5, 8, 9, .05, 1)
(5, 8, 9, .1, .102179)
(5, 8, 9, .15, .102179)
(5, 8, 9, .2, 0)
(5, 8, 9, .25, 0)
(5, 8, 9, .3, 0)
(5, 8, 9, .35, 0)
(5, 8, 9, .4, 0)
(5, 8, 9, .45, 0)
(5, 8, 9, .5, 0)
(5, 8, 9, .55, 0)
(5, 8, 9, .6, 0)
(5, 8, 9, .65, 0)
(5, 8, 9, .7, 0)
(5, 8, 9, .75, 0)
(5, 8, 9, .8, 0)
(5, 8, 9, .85, 0)
(5, 8, 9, .9, 0)
(5, 8, 9, .95, 0)
(5, 8, 9, 1, 0)
(5, 8, 10, 0, 1)
(5, 8, 10, .05, 1)
(5, 8, 10, .1, .0826446)
(5, 8, 10, .15, .0826446)
(5, 8, 10, .2, 0)
(5, 8, 10, .25, 0)
(5, 8, 10, .3, 0)
(5, 8, 10, .35, 0)
(5, 8, 10, .4, 0)
(5, 8, 10, .45, 0)
(5, 8, 10, .5, 0)
(5, 8, 10, .55, 0)
(5, 8, 10, .6, 0)
(5, 8, 10, .65, 0)
(5, 8, 10, .7, 0)
(5, 8, 10, .75, 0)
(5, 8, 10, .8, 0)
(5, 8, 10, .85, 0)
(5, 8, 10, .9, 0)
(5, 8, 10, .95, 0)
(5, 8, 10, 1, 0)
(5, 8, 11, 0, 1)
(5, 8, 11, .05, 1)
(5, 8, 11, .1, 0)
(5, 8, 11, .15, 0)
(5, 8, 11, .2, 0)
(5, 8, 11, .25, 0)
(5, 8, 11, .3, 0)
(5, 8, 11, .35, 0)
(5, 8, 11, .4, 0)
(5, 8, 11, .45, 0)
(5, 8, 11, .5, 0)
(5, 8, 11, .55, 0)
(5, 8, 11, .6, 0)
(5, 8, 11, .65, 0)
(5, 8, 11, .7, 0)
(5, 8, 11, .75, 0)
(5, 8, 11, .8, 0)
(5, 8, 11, .85, 0)
(5, 8, 11, .9, 0)
(5, 8, 11, .95, 0)
(5, 8, 11, 1, 0)
(5, 9, 1, 0, 1)
(5, 9, 1, .05, 1)
(5, 9, 1, .1, .270473)
(5, 9, 1, .15, .270473)
(5, 9, 1, .2, .00676183)
(5, 9, 1, .25, .00676183)
(5, 9, 1, .3, 0)
(5, 9, 1, .35, 0)
(5, 9, 1, .4, 0)
(5, 9, 1, .45, 0)
(5, 9, 1, .5, 0)
(5, 9, 1, .55, 0)
(5, 9, 1, .6, 0)
(5, 9, 1, .65, 0)
(5, 9, 1, .7, 0)
(5, 9, 1, .75, 0)
(5, 9, 1, .8, 0)
(5, 9, 1, .85, 0)
(5, 9, 1, .9, 0)
(5, 9, 1, .95, 0)
(5, 9, 1, 1, 0)
(5, 9, 2, 0, 1)
(5, 9, 2, .05, 1)
(5, 9, 2, .1, .243426)
(5, 9, 2, .15, .243426)
(5, 9, 2, .2, .0052592)
(5, 9, 2, .25, .0052592)
(5, 9, 2, .3, 0)
(5, 9, 2, .35, 0)
(5, 9, 2, .4, 0)
(5, 9, 2, .45, 0)
(5, 9, 2, .5, 0)
(5, 9, 2, .55, 0)
(5, 9, 2, .6, 0)
(5, 9, 2, .65, 0)
(5, 9, 2, .7, 0)
(5, 9, 2, .75, 0)
(5, 9, 2, .8, 0)
(5, 9, 2, .85, 0)
(5, 9, 2, .9, 0)
(5, 9, 2, .95, 0)
(5, 9, 2, 1, 0)
(5, 9, 3, 0, 1)
(5, 9, 3, .05, 1)
(5, 9, 3, .1, .216379)
(5, 9, 3, .15, .216379)
(5, 9, 3, .2, .00375657)
(5, 9, 3, .25, .00375657)
(5, 9, 3, .3, 0)
(5, 9, 3, .35, 0)
(5, 9, 3, .4, 0)
(5, 9, 3, .45, 0)
(5, 9, 3, .5, 0)
(5, 9, 3, .55, 0)
(5, 9, 3, .6, 0)
(5, 9, 3, .65, 0)
(5, 9, 3, .7, 0)
(5, 9, 3, .75, 0)
(5, 9, 3, .8, 0)
(5, 9, 3, .85, 0)
(5, 9, 3, .9, 0)
(5, 9, 3, .95, 0)
(5, 9, 3, 1, 0)
(5, 9, 4, 0, 1)
(5, 9, 4, .05, 1)
(5, 9, 4, .1, .192337)
(5, 9, 4, .15, .192337)
(5, 9, 4, .2, .00225394)
(5, 9, 4, .25, .00225394)
(5, 9, 4, .3, 0)
(5, 9, 4, .35, 0)
(5, 9, 4, .4, 0)
(5, 9, 4, .45, 0)
(5, 9, 4, .5, 0)
(5, 9, 4, .55, 0)
(5, 9, 4, .6, 0)
(5, 9, 4, .65, 0)
(5, 9, 4, .7, 0)
(5, 9, 4, .75, 0)
(5, 9, 4, .8, 0)
(5, 9, 4, .85, 0)
(5, 9, 4, .9, 0)
(5, 9, 4, .95, 0)
(5, 9, 4, 1, 0)
(5, 9, 5, 0, 1)
(5, 9, 5, .05, 1)
(5, 9, 5, .1, .168295)
(5, 9, 5, .15, .168295)
(5, 9, 5, .2, .000751315)
(5, 9, 5, .25, .000751315)
(5, 9, 5, .3, 0)
(5, 9, 5, .35, 0)
(5, 9, 5, .4, 0)
(5, 9, 5, .45, 0)
(5, 9, 5, .5, 0)
(5, 9, 5, .55, 0)
(5, 9, 5, .6, 0)
(5, 9, 5, .65, 0)
(5, 9, 5, .7, 0)
(5, 9, 5, .75, 0)
(5, 9, 5, .8, 0)
(5, 9, 5, .85, 0)
(5, 9, 5, .9, 0)
(5, 9, 5, .95, 0)
(5, 9, 5, 1, 0)
(5, 9, 6, 0, 1)
(5, 9, 6, .05, 1)
(5, 9, 6, .1, .144252)
(5, 9, 6, .15, .144252)
(5, 9, 6, .2, 0)
(5, 9, 6, .25, 0)
(5, 9, 6, .3, 0)
(5, 9, 6, .35, 0)
(5, 9, 6, .4, 0)
(5, 9, 6, .45, 0)
(5, 9, 6, .5, 0)
(5, 9, 6, .55, 0)
(5, 9, 6, .6, 0)
(5, 9, 6, .65, 0)
(5, 9, 6, .7, 0)
(5, 9, 6, .75, 0)
(5, 9, 6, .8, 0)
(5, 9, 6, .85, 0)
(5, 9, 6, .9, 0)
(5, 9, 6, .95, 0)
(5, 9, 6, 1, 0)
(5, 9, 7, 0, 1)
(5, 9, 7, .05, 1)
(5, 9, 7, .1, .12021)
(5, 9, 7, .15, .12021)
(5, 9, 7, .2, 0)
(5, 9, 7, .25, 0)
(5, 9, 7, .3, 0)
(5, 9, 7, .35, 0)
(5, 9, 7, .4, 0)
(5, 9, 7, .45, 0)
(5, 9, 7, .5, 0)
(5, 9, 7, .55, 0)
(5, 9, 7, .6, 0)
(5, 9, 7, .65, 0)
(5, 9, 7, .7, 0)
(5, 9, 7, .75, 0)
(5, 9, 7, .8, 0)
(5, 9, 7, .85, 0)
(5, 9, 7, .9, 0)
(5, 9, 7, .95, 0)
(5, 9, 7, 1, 0)
(5, 9, 8, 0, 1)
(5, 9, 8, .05, 1)
(5, 9, 8, .1, .102179)
(5, 9, 8, .15, .102179)
(5, 9, 8, .2, 0)
(5, 9, 8, .25, 0)
(5, 9, 8, .3, 0)
(5, 9, 8, .35, 0)
(5, 9, 8, .4, 0)
(5, 9, 8, .45, 0)
(5, 9, 8, .5, 0)
(5, 9, 8, .55, 0)
(5, 9, 8, .6, 0)
(5, 9, 8, .65, 0)
(5, 9, 8, .7, 0)
(5, 9, 8, .75, 0)
(5, 9, 8, .8, 0)
(5, 9, 8, .85, 0)
(5, 9, 8, .9, 0)
(5, 9, 8, .95, 0)
(5, 9, 8, 1, 0)
(5, 9, 9, 0, 1)
(5, 9, 9, .05, 1)
(5, 9, 9, .1, .0841473)
(5, 9, 9, .15, .0841473)
(5, 9, 9, .2, 0)
(5, 9, 9, .25, 0)
(5, 9, 9, .3, 0)
(5, 9, 9, .35, 0)
(5, 9, 9, .4, 0)
(5, 9, 9, .45, 0)
(5, 9, 9, .5, 0)
(5, 9, 9, .55, 0)
(5, 9, 9, .6, 0)
(5, 9, 9, .65, 0)
(5, 9, 9, .7, 0)
(5, 9, 9, .75, 0)
(5, 9, 9, .8, 0)
(5, 9, 9, .85, 0)
(5, 9, 9, .9, 0)
(5, 9, 9, .95, 0)
(5, 9, 9, 1, 0)
(5, 9, 10, 0, 1)
(5, 9, 10, .05, 1)
(5, 9, 10, .1, .0661157)
(5, 9, 10, .15, .0661157)
(5, 9, 10, .2, 0)
(5, 9, 10, .25, 0)
(5, 9, 10, .3, 0)
(5, 9, 10, .35, 0)
(5, 9, 10, .4, 0)
(5, 9, 10, .45, 0)
(5, 9, 10, .5, 0)
(5, 9, 10, .55, 0)
(5, 9, 10, .6, 0)
(5, 9, 10, .65, 0)
(5, 9, 10, .7, 0)
(5, 9, 10, .75, 0)
(5, 9, 10, .8, 0)
(5, 9, 10, .85, 0)
(5, 9, 10, .9, 0)
(5, 9, 10, .95, 0)
(5, 9, 10, 1, 0)
(5, 9, 11, 0, 1)
(5, 9, 11, .05, 1)
(5, 9, 11, .1, 0)
(5, 9, 11, .15, 0)
(5, 9, 11, .2, 0)
(5, 9, 11, .25, 0)
(5, 9, 11, .3, 0)
(5, 9, 11, .35, 0)
(5, 9, 11, .4, 0)
(5, 9, 11, .45, 0)
(5, 9, 11, .5, 0)
(5, 9, 11, .55, 0)
(5, 9, 11, .6, 0)
(5, 9, 11, .65, 0)
(5, 9, 11, .7, 0)
(5, 9, 11, .75, 0)
(5, 9, 11, .8, 0)
(5, 9, 11, .85, 0)
(5, 9, 11, .9, 0)
(5, 9, 11, .95, 0)
(5, 9, 11, 1, 0)
(5, 10, 1, 0, 1)
(5, 10, 1, .05, 1)
(5, 10, 1, .1, .225394)
(5, 10, 1, .15, .225394)
(5, 10, 1, .2, 0)
(5, 10, 1, .25, 0)
(5, 10, 1, .3, 0)
(5, 10, 1, .35, 0)
(5, 10, 1, .4, 0)
(5, 10, 1, .45, 0)
(5, 10, 1, .5, 0)
(5, 10, 1, .55, 0)
(5, 10, 1, .6, 0)
(5, 10, 1, .65, 0)
(5, 10, 1, .7, 0)
(5, 10, 1, .75, 0)
(5, 10, 1, .8, 0)
(5, 10, 1, .85, 0)
(5, 10, 1, .9, 0)
(5, 10, 1, .95, 0)
(5, 10, 1, 1, 0)
(5, 10, 2, 0, 1)
(5, 10, 2, .05, 1)
(5, 10, 2, .1, .202855)
(5, 10, 2, .15, .202855)
(5, 10, 2, .2, 0)
(5, 10, 2, .25, 0)
(5, 10, 2, .3, 0)
(5, 10, 2, .35, 0)
(5, 10, 2, .4, 0)
(5, 10, 2, .45, 0)
(5, 10, 2, .5, 0)
(5, 10, 2, .55, 0)
(5, 10, 2, .6, 0)
(5, 10, 2, .65, 0)
(5, 10, 2, .7, 0)
(5, 10, 2, .75, 0)
(5, 10, 2, .8, 0)
(5, 10, 2, .85, 0)
(5, 10, 2, .9, 0)
(5, 10, 2, .95, 0)
(5, 10, 2, 1, 0)
(5, 10, 3, 0, 1)
(5, 10, 3, .05, 1)
(5, 10, 3, .1, .180316)
(5, 10, 3, .15, .180316)
(5, 10, 3, .2, 0)
(5, 10, 3, .25, 0)
(5, 10, 3, .3, 0)
(5, 10, 3, .35, 0)
(5, 10, 3, .4, 0)
(5, 10, 3, .45, 0)
(5, 10, 3, .5, 0)
(5, 10, 3, .55, 0)
(5, 10, 3, .6, 0)
(5, 10, 3, .65, 0)
(5, 10, 3, .7, 0)
(5, 10, 3, .75, 0)
(5, 10, 3, .8, 0)
(5, 10, 3, .85, 0)
(5, 10, 3, .9, 0)
(5, 10, 3, .95, 0)
(5, 10, 3, 1, 0)
(5, 10, 4, 0, 1)
(5, 10, 4, .05, 1)
(5, 10, 4, .1, .159279)
(5, 10, 4, .15, .159279)
(5, 10, 4, .2, 0)
(5, 10, 4, .25, 0)
(5, 10, 4, .3, 0)
(5, 10, 4, .35, 0)
(5, 10, 4, .4, 0)
(5, 10, 4, .45, 0)
(5, 10, 4, .5, 0)
(5, 10, 4, .55, 0)
(5, 10, 4, .6, 0)
(5, 10, 4, .65, 0)
(5, 10, 4, .7, 0)
(5, 10, 4, .75, 0)
(5, 10, 4, .8, 0)
(5, 10, 4, .85, 0)
(5, 10, 4, .9, 0)
(5, 10, 4, .95, 0)
(5, 10, 4, 1, 0)
(5, 10, 5, 0, 1)
(5, 10, 5, .05, 1)
(5, 10, 5, .1, .138242)
(5, 10, 5, .15, .138242)
(5, 10, 5, .2, 0)
(5, 10, 5, .25, 0)
(5, 10, 5, .3, 0)
(5, 10, 5, .35, 0)
(5, 10, 5, .4, 0)
(5, 10, 5, .45, 0)
(5, 10, 5, .5, 0)
(5, 10, 5, .55, 0)
(5, 10, 5, .6, 0)
(5, 10, 5, .65, 0)
(5, 10, 5, .7, 0)
(5, 10, 5, .75, 0)
(5, 10, 5, .8, 0)
(5, 10, 5, .85, 0)
(5, 10, 5, .9, 0)
(5, 10, 5, .95, 0)
(5, 10, 5, 1, 0)
(5, 10, 6, 0, 1)
(5, 10, 6, .05, 1)
(5, 10, 6, .1, .118708)
(5, 10, 6, .15, .118708)
(5, 10, 6, .2, 0)
(5, 10, 6, .25, 0)
(5, 10, 6, .3, 0)
(5, 10, 6, .35, 0)
(5, 10, 6, .4, 0)
(5, 10, 6, .45, 0)
(5, 10, 6, .5, 0)
(5, 10, 6, .55, 0)
(5, 10, 6, .6, 0)
(5, 10, 6, .65, 0)
(5, 10, 6, .7, 0)
(5, 10, 6, .75, 0)
(5, 10, 6, .8, 0)
(5, 10, 6, .85, 0)
(5, 10, 6, .9, 0)
(5, 10, 6, .95, 0)
(5, 10, 6, 1, 0)
(5, 10, 7, 0, 1)
(5, 10, 7, .05, 1)
(5, 10, 7, .1, .0991736)
(5, 10, 7, .15, .0991736)
(5, 10, 7, .2, 0)
(5, 10, 7, .25, 0)
(5, 10, 7, .3, 0)
(5, 10, 7, .35, 0)
(5, 10, 7, .4, 0)
(5, 10, 7, .45, 0)
(5, 10, 7, .5, 0)
(5, 10, 7, .55, 0)
(5, 10, 7, .6, 0)
(5, 10, 7, .65, 0)
(5, 10, 7, .7, 0)
(5, 10, 7, .75, 0)
(5, 10, 7, .8, 0)
(5, 10, 7, .85, 0)
(5, 10, 7, .9, 0)
(5, 10, 7, .95, 0)
(5, 10, 7, 1, 0)
(5, 10, 8, 0, 1)
(5, 10, 8, .05, 1)
(5, 10, 8, .1, .0826446)
(5, 10, 8, .15, .0826446)
(5, 10, 8, .2, 0)
(5, 10, 8, .25, 0)
(5, 10, 8, .3, 0)
(5, 10, 8, .35, 0)
(5, 10, 8, .4, 0)
(5, 10, 8, .45, 0)
(5, 10, 8, .5, 0)
(5, 10, 8, .55, 0)
(5, 10, 8, .6, 0)
(5, 10, 8, .65, 0)
(5, 10, 8, .7, 0)
(5, 10, 8, .75, 0)
(5, 10, 8, .8, 0)
(5, 10, 8, .85, 0)
(5, 10, 8, .9, 0)
(5, 10, 8, .95, 0)
(5, 10, 8, 1, 0)
(5, 10, 9, 0, 1)
(5, 10, 9, .05, 1)
(5, 10, 9, .1, .0661157)
(5, 10, 9, .15, .0661157)
(5, 10, 9, .2, 0)
(5, 10, 9, .25, 0)
(5, 10, 9, .3, 0)
(5, 10, 9, .35, 0)
(5, 10, 9, .4, 0)
(5, 10, 9, .45, 0)
(5, 10, 9, .5, 0)
(5, 10, 9, .55, 0)
(5, 10, 9, .6, 0)
(5, 10, 9, .65, 0)
(5, 10, 9, .7, 0)
(5, 10, 9, .75, 0)
(5, 10, 9, .8, 0)
(5, 10, 9, .85, 0)
(5, 10, 9, .9, 0)
(5, 10, 9, .95, 0)
(5, 10, 9, 1, 0)
(5, 10, 10, 0, 1)
(5, 10, 10, .05, 1)
(5, 10, 10, .1, .052592)
(5, 10, 10, .15, .052592)
(5, 10, 10, .2, 0)
(5, 10, 10, .25, 0)
(5, 10, 10, .3, 0)
(5, 10, 10, .35, 0)
(5, 10, 10, .4, 0)
(5, 10, 10, .45, 0)
(5, 10, 10, .5, 0)
(5, 10, 10, .55, 0)
(5, 10, 10, .6, 0)
(5, 10, 10, .65, 0)
(5, 10, 10, .7, 0)
(5, 10, 10, .75, 0)
(5, 10, 10, .8, 0)
(5, 10, 10, .85, 0)
(5, 10, 10, .9, 0)
(5, 10, 10, .95, 0)
(5, 10, 10, 1, 0)
(5, 10, 11, 0, 1)
(5, 10, 11, .05, 1)
(5, 10, 11, .1, 0)
(5, 10, 11, .15, 0)
(5, 10, 11, .2, 0)
(5, 10, 11, .25, 0)
(5, 10, 11, .3, 0)
(5, 10, 11, .35, 0)
(5, 10, 11, .4, 0)
(5, 10, 11, .45, 0)
(5, 10, 11, .5, 0)
(5, 10, 11, .55, 0)
(5, 10, 11, .6, 0)
(5, 10, 11, .65, 0)
(5, 10, 11, .7, 0)
(5, 10, 11, .75, 0)
(5, 10, 11, .8, 0)
(5, 10, 11, .85, 0)
(5, 10, 11, .9, 0)
(5, 10, 11, .95, 0)
(5, 10, 11, 1, 0)
(5, 11, 1, 0, 1)
(5, 11, 1, .05, 1)
(5, 11, 1, .1, 0)
(5, 11, 1, .15, 0)
(5, 11, 1, .2, 0)
(5, 11, 1, .25, 0)
(5, 11, 1, .3, 0)
(5, 11, 1, .35, 0)
(5, 11, 1, .4, 0)
(5, 11, 1, .45, 0)
(5, 11, 1, .5, 0)
(5, 11, 1, .55, 0)
(5, 11, 1, .6, 0)
(5, 11, 1, .65, 0)
(5, 11, 1, .7, 0)
(5, 11, 1, .75, 0)
(5, 11, 1, .8, 0)
(5, 11, 1, .85, 0)
(5, 11, 1, .9, 0)
(5, 11, 1, .95, 0)
(5, 11, 1, 1, 0)
(5, 11, 2, 0, 1)
(5, 11, 2, .05, 1)
(5, 11, 2, .1, 0)
(5, 11, 2, .15, 0)
(5, 11, 2, .2, 0)
(5, 11, 2, .25, 0)
(5, 11, 2, .3, 0)
(5, 11, 2, .35, 0)
(5, 11, 2, .4, 0)
(5, 11, 2, .45, 0)
(5, 11, 2, .5, 0)
(5, 11, 2, .55, 0)
(5, 11, 2, .6, 0)
(5, 11, 2, .65, 0)
(5, 11, 2, .7, 0)
(5, 11, 2, .75, 0)
(5, 11, 2, .8, 0)
(5, 11, 2, .85, 0)
(5, 11, 2, .9, 0)
(5, 11, 2, .95, 0)
(5, 11, 2, 1, 0)
(5, 11, 3, 0, 1)
(5, 11, 3, .05, 1)
(5, 11, 3, .1, 0)
(5, 11, 3, .15, 0)
(5, 11, 3, .2, 0)
(5, 11, 3, .25, 0)
(5, 11, 3, .3, 0)
(5, 11, 3, .35, 0)
(5, 11, 3, .4, 0)
(5, 11, 3, .45, 0)
(5, 11, 3, .5, 0)
(5, 11, 3, .55, 0)
(5, 11, 3, .6, 0)
(5, 11, 3, .65, 0)
(5, 11, 3, .7, 0)
(5, 11, 3, .75, 0)
(5, 11, 3, .8, 0)
(5, 11, 3, .85, 0)
(5, 11, 3, .9, 0)
(5, 11, 3, .95, 0)
(5, 11, 3, 1, 0)
(5, 11, 4, 0, 1)
(5, 11, 4, .05, 1)
(5, 11, 4, .1, 0)
(5, 11, 4, .15, 0)
(5, 11, 4, .2, 0)
(5, 11, 4, .25, 0)
(5, 11, 4, .3, 0)
(5, 11, 4, .35, 0)
(5, 11, 4, .4, 0)
(5, 11, 4, .45, 0)
(5, 11, 4, .5, 0)
(5, 11, 4, .55, 0)
(5, 11, 4, .6, 0)
(5, 11, 4, .65, 0)
(5, 11, 4, .7, 0)
(5, 11, 4, .75, 0)
(5, 11, 4, .8, 0)
(5, 11, 4, .85, 0)
(5, 11, 4, .9, 0)
(5, 11, 4, .95, 0)
(5, 11, 4, 1, 0)
(5, 11, 5, 0, 1)
(5, 11, 5, .05, 1)
(5, 11, 5, .1, 0)
(5, 11, 5, .15, 0)
(5, 11, 5, .2, 0)
(5, 11, 5, .25, 0)
(5, 11, 5, .3, 0)
(5, 11, 5, .35, 0)
(5, 11, 5, .4, 0)
(5, 11, 5, .45, 0)
(5, 11, 5, .5, 0)
(5, 11, 5, .55, 0)
(5, 11, 5, .6, 0)
(5, 11, 5, .65, 0)
(5, 11, 5, .7, 0)
(5, 11, 5, .75, 0)
(5, 11, 5, .8, 0)
(5, 11, 5, .85, 0)
(5, 11, 5, .9, 0)
(5, 11, 5, .95, 0)
(5, 11, 5, 1, 0)
(5, 11, 6, 0, 1)
(5, 11, 6, .05, 1)
(5, 11, 6, .1, 0)
(5, 11, 6, .15, 0)
(5, 11, 6, .2, 0)
(5, 11, 6, .25, 0)
(5, 11, 6, .3, 0)
(5, 11, 6, .35, 0)
(5, 11, 6, .4, 0)
(5, 11, 6, .45, 0)
(5, 11, 6, .5, 0)
(5, 11, 6, .55, 0)
(5, 11, 6, .6, 0)
(5, 11, 6, .65, 0)
(5, 11, 6, .7, 0)
(5, 11, 6, .75, 0)
(5, 11, 6, .8, 0)
(5, 11, 6, .85, 0)
(5, 11, 6, .9, 0)
(5, 11, 6, .95, 0)
(5, 11, 6, 1, 0)
(5, 11, 7, 0, 1)
(5, 11, 7, .05, 1)
(5, 11, 7, .1, 0)
(5, 11, 7, .15, 0)
(5, 11, 7, .2, 0)
(5, 11, 7, .25, 0)
(5, 11, 7, .3, 0)
(5, 11, 7, .35, 0)
(5, 11, 7, .4, 0)
(5, 11, 7, .45, 0)
(5, 11, 7, .5, 0)
(5, 11, 7, .55, 0)
(5, 11, 7, .6, 0)
(5, 11, 7, .65, 0)
(5, 11, 7, .7, 0)
(5, 11, 7, .75, 0)
(5, 11, 7, .8, 0)
(5, 11, 7, .85, 0)
(5, 11, 7, .9, 0)
(5, 11, 7, .95, 0)
(5, 11, 7, 1, 0)
(5, 11, 8, 0, 1)
(5, 11, 8, .05, 1)
(5, 11, 8, .1, 0)
(5, 11, 8, .15, 0)
(5, 11, 8, .2, 0)
(5, 11, 8, .25, 0)
(5, 11, 8, .3, 0)
(5, 11, 8, .35, 0)
(5, 11, 8, .4, 0)
(5, 11, 8, .45, 0)
(5, 11, 8, .5, 0)
(5, 11, 8, .55, 0)
(5, 11, 8, .6, 0)
(5, 11, 8, .65, 0)
(5, 11, 8, .7, 0)
(5, 11, 8, .75, 0)
(5, 11, 8, .8, 0)
(5, 11, 8, .85, 0)
(5, 11, 8, .9, 0)
(5, 11, 8, .95, 0)
(5, 11, 8, 1, 0)
(5, 11, 9, 0, 1)
(5, 11, 9, .05, 1)
(5, 11, 9, .1, 0)
(5, 11, 9, .15, 0)
(5, 11, 9, .2, 0)
(5, 11, 9, .25, 0)
(5, 11, 9, .3, 0)
(5, 11, 9, .35, 0)
(5, 11, 9, .4, 0)
(5, 11, 9, .45, 0)
(5, 11, 9, .5, 0)
(5, 11, 9, .55, 0)
(5, 11, 9, .6, 0)
(5, 11, 9, .65, 0)
(5, 11, 9, .7, 0)
(5, 11, 9, .75, 0)
(5, 11, 9, .8, 0)
(5, 11, 9, .85, 0)
(5, 11, 9, .9, 0)
(5, 11, 9, .95, 0)
(5, 11, 9, 1, 0)
(5, 11, 10, 0, 1)
(5, 11, 10, .05, 1)
(5, 11, 10, .1, 0)
(5, 11, 10, .15, 0)
(5, 11, 10, .2, 0)
(5, 11, 10, .25, 0)
(5, 11, 10, .3, 0)
(5, 11, 10, .35, 0)
(5, 11, 10, .4, 0)
(5, 11, 10, .45, 0)
(5, 11, 10, .5, 0)
(5, 11, 10, .55, 0)
(5, 11, 10, .6, 0)
(5, 11, 10, .65, 0)
(5, 11, 10, .7, 0)
(5, 11, 10, .75, 0)
(5, 11, 10, .8, 0)
(5, 11, 10, .85, 0)
(5, 11, 10, .9, 0)
(5, 11, 10, .95, 0)
(5, 11, 10, 1, 0)
(5, 11, 11, 0, 1)
(5, 11, 11, .05, 1)
(5, 11, 11, .1, 0)
(5, 11, 11, .15, 0)
(5, 11, 11, .2, 0)
(5, 11, 11, .25, 0)
(5, 11, 11, .3, 0)
(5, 11, 11, .35, 0)
(5, 11, 11, .4, 0)
(5, 11, 11, .45, 0)
(5, 11, 11, .5, 0)
(5, 11, 11, .55, 0)
(5, 11, 11, .6, 0)
(5, 11, 11, .65, 0)
(5, 11, 11, .7, 0)
(5, 11, 11, .75, 0)
(5, 11, 11, .8, 0)
(5, 11, 11, .85, 0)
(5, 11, 11, .9, 0)
(5, 11, 11, .95, 0)
(5, 11, 11, 1, 0)
(6, 1, 1, 0, 1)
(6, 1, 1, .05, 1)
(6, 1, 1, .1, .826446)
(6, 1, 1, .15, .826446)
(6, 1, 1, .2, .669421)
(6, 1, 1, .25, .669421)
(6, 1, 1, .3, .528926)
(6, 1, 1, .35, .528926)
(6, 1, 1, .4, .404959)
(6, 1, 1, .45, .404959)
(6, 1, 1, .5, .297521)
(6, 1, 1, .55, .206612)
(6, 1, 1, .6, .206612)
(6, 1, 1, .65, .132231)
(6, 1, 1, .7, .132231)
(6, 1, 1, .75, .0743802)
(6, 1, 1, .8, .0743802)
(6, 1, 1, .85, .0330579)
(6, 1, 1, .9, .0330579)
(6, 1, 1, .95, .00826446)
(6, 1, 1, 1, 0)
(6, 1, 2, 0, 1)
(6, 1, 2, .05, 1)
(6, 1, 2, .1, .751315)
(6, 1, 2, .15, .751315)
(6, 1, 2, .2, .547708)
(6, 1, 2, .25, .547708)
(6, 1, 2, .3, .384673)
(6, 1, 2, .35, .384673)
(6, 1, 2, .4, .257701)
(6, 1, 2, .45, .257701)
(6, 1, 2, .5, .162284)
(6, 1, 2, .55, .0939144)
(6, 1, 2, .6, .0939144)
(6, 1, 2, .65, .0480841)
(6, 1, 2, .7, .0480841)
(6, 1, 2, .75, .0202855)
(6, 1, 2, .8, .0202855)
(6, 1, 2, .85, .00601052)
(6, 1, 2, .9, .00601052)
(6, 1, 2, .95, .000751315)
(6, 1, 2, 1, 0)
(6, 1, 3, 0, 1)
(6, 1, 3, .05, 1)
(6, 1, 3, .1, .676183)
(6, 1, 3, .15, .676183)
(6, 1, 3, .2, .432757)
(6, 1, 3, .25, .432757)
(6, 1, 3, .3, .252442)
(6, 1, 3, .35, .252442)
(6, 1, 3, .4, .13148)
(6, 1, 3, .45, .13148)
(6, 1, 3, .5, .0540947)
(6, 1, 3, .55, .0150263)
(6, 1, 3, .6, .0150263)
(6, 1, 3, .65, 0)
(6, 1, 3, .7, 0)
(6, 1, 3, .75, 0)
(6, 1, 3, .8, 0)
(6, 1, 3, .85, 0)
(6, 1, 3, .9, 0)
(6, 1, 3, .95, 0)
(6, 1, 3, 1, 0)
(6, 1, 4, 0, 1)
(6, 1, 4, .05, 1)
(6, 1, 4, .1, .601052)
(6, 1, 4, .15, .601052)
(6, 1, 4, .2, .33133)
(6, 1, 4, .25, .33133)
(6, 1, 4, .3, .150263)
(6, 1, 4, .35, .150263)
(6, 1, 4, .4, .0473328)
(6, 1, 4, .45, .0473328)
(6, 1, 4, .5, .00450789)
(6, 1, 4, .55, 0)
(6, 1, 4, .6, 0)
(6, 1, 4, .65, 0)
(6, 1, 4, .7, 0)
(6, 1, 4, .75, 0)
(6, 1, 4, .8, 0)
(6, 1, 4, .85, 0)
(6, 1, 4, .9, 0)
(6, 1, 4, .95, 0)
(6, 1, 4, 1, 0)
(6, 1, 5, 0, 1)
(6, 1, 5, .05, 1)
(6, 1, 5, .1, .540947)
(6, 1, 5, .15, .540947)
(6, 1, 5, .2, .243426)
(6, 1, 5, .25, .243426)
(6, 1, 5, .3, .0721262)
(6, 1, 5, .35, .0721262)
(6, 1, 5, .4, .0052592)
(6, 1, 5, .45, .0052592)
(6, 1, 5, .5, 0)
(6, 1, 5, .55, 0)
(6, 1, 5, .6, 0)
(6, 1, 5, .65, 0)
(6, 1, 5, .7, 0)
(6, 1, 5, .75, 0)
(6, 1, 5, .8, 0)
(6, 1, 5, .85, 0)
(6, 1, 5, .9, 0)
(6, 1, 5, .95, 0)
(6, 1, 5, 1, 0)
(6, 1, 6, 0, 1)
(6, 1, 6, .05, 1)
(6, 1, 6, .1, .480841)
(6, 1, 6, .15, .480841)
(6, 1, 6, .2, .169046)
(6, 1, 6, .25, .169046)
(6, 1, 6, .3, .0240421)
(6, 1, 6, .35, .0240421)
(6, 1, 6, .4, 0)
(6, 1, 6, .45, 0)
(6, 1, 6, .5, 0)
(6, 1, 6, .55, 0)
(6, 1, 6, .6, 0)
(6, 1, 6, .65, 0)
(6, 1, 6, .7, 0)
(6, 1, 6, .75, 0)
(6, 1, 6, .8, 0)
(6, 1, 6, .85, 0)
(6, 1, 6, .9, 0)
(6, 1, 6, .95, 0)
(6, 1, 6, 1, 0)
(6, 1, 7, 0, 1)
(6, 1, 7, .05, 1)
(6, 1, 7, .1, .420736)
(6, 1, 7, .15, .420736)
(6, 1, 7, .2, .108189)
(6, 1, 7, .25, .108189)
(6, 1, 7, .3, 0)
(6, 1, 7, .35, 0)
(6, 1, 7, .4, 0)
(6, 1, 7, .45, 0)
(6, 1, 7, .5, 0)
(6, 1, 7, .55, 0)
(6, 1, 7, .6, 0)
(6, 1, 7, .65, 0)
(6, 1, 7, .7, 0)
(6, 1, 7, .75, 0)
(6, 1, 7, .8, 0)
(6, 1, 7, .85, 0)
(6, 1, 7, .9, 0)
(6, 1, 7, .95, 0)
(6, 1, 7, 1, 0)
(6, 1, 8, 0, 1)
(6, 1, 8, .05, 1)
(6, 1, 8, .1, .360631)
(6, 1, 8, .15, .360631)
(6, 1, 8, .2, .0608565)
(6, 1, 8, .25, .0608565)
(6, 1, 8, .3, 0)
(6, 1, 8, .35, 0)
(6, 1, 8, .4, 0)
(6, 1, 8, .45, 0)
(6, 1, 8, .5, 0)
(6, 1, 8, .55, 0)
(6, 1, 8, .6, 0)
(6, 1, 8, .65, 0)
(6, 1, 8, .7, 0)
(6, 1, 8, .75, 0)
(6, 1, 8, .8, 0)
(6, 1, 8, .85, 0)
(6, 1, 8, .9, 0)
(6, 1, 8, .95, 0)
(6, 1, 8, 1, 0)
(6, 1, 9, 0, 1)
(6, 1, 9, .05, 1)
(6, 1, 9, .1, .315552)
(6, 1, 9, .15, .315552)
(6, 1, 9, .2, .0270473)
(6, 1, 9, .25, .0270473)
(6, 1, 9, .3, 0)
(6, 1, 9, .35, 0)
(6, 1, 9, .4, 0)
(6, 1, 9, .45, 0)
(6, 1, 9, .5, 0)
(6, 1, 9, .55, 0)
(6, 1, 9, .6, 0)
(6, 1, 9, .65, 0)
(6, 1, 9, .7, 0)
(6, 1, 9, .75, 0)
(6, 1, 9, .8, 0)
(6, 1, 9, .85, 0)
(6, 1, 9, .9, 0)
(6, 1, 9, .95, 0)
(6, 1, 9, 1, 0)
(6, 1, 10, 0, 1)
(6, 1, 10, .05, 1)
(6, 1, 10, .1, .270473)
(6, 1, 10, .15, .270473)
(6, 1, 10, .2, .00676183)
(6, 1, 10, .25, .00676183)
(6, 1, 10, .3, 0)
(6, 1, 10, .35, 0)
(6, 1, 10, .4, 0)
(6, 1, 10, .45, 0)
(6, 1, 10, .5, 0)
(6, 1, 10, .55, 0)
(6, 1, 10, .6, 0)
(6, 1, 10, .65, 0)
(6, 1, 10, .7, 0)
(6, 1, 10, .75, 0)
(6, 1, 10, .8, 0)
(6, 1, 10, .85, 0)
(6, 1, 10, .9, 0)
(6, 1, 10, .95, 0)
(6, 1, 10, 1, 0)
(6, 1, 11, 0, 1)
(6, 1, 11, .05, 1)
(6, 1, 11, .1, 0)
(6, 1, 11, .15, 0)
(6, 1, 11, .2, 0)
(6, 1, 11, .25, 0)
(6, 1, 11, .3, 0)
(6, 1, 11, .35, 0)
(6, 1, 11, .4, 0)
(6, 1, 11, .45, 0)
(6, 1, 11, .5, 0)
(6, 1, 11, .55, 0)
(6, 1, 11, .6, 0)
(6, 1, 11, .65, 0)
(6, 1, 11, .7, 0)
(6, 1, 11, .75, 0)
(6, 1, 11, .8, 0)
(6, 1, 11, .85, 0)
(6, 1, 11, .9, 0)
(6, 1, 11, .95, 0)
(6, 1, 11, 1, 0)
(6, 2, 1, 0, 1)
(6, 2, 1, .05, 1)
(6, 2, 1, .1, .751315)
(6, 2, 1, .15, .751315)
(6, 2, 1, .2, .547708)
(6, 2, 1, .25, .547708)
(6, 2, 1, .3, .384673)
(6, 2, 1, .35, .384673)
(6, 2, 1, .4, .257701)
(6, 2, 1, .45, .257701)
(6, 2, 1, .5, .162284)
(6, 2, 1, .55, .0939144)
(6, 2, 1, .6, .0939144)
(6, 2, 1, .65, .0480841)
(6, 2, 1, .7, .0480841)
(6, 2, 1, .75, .0202855)
(6, 2, 1, .8, .0202855)
(6, 2, 1, .85, .00601052)
(6, 2, 1, .9, .00601052)
(6, 2, 1, .95, .000751315)
(6, 2, 1, 1, 0)
(6, 2, 2, 0, 1)
(6, 2, 2, .05, 1)
(6, 2, 2, .1, .682945)
(6, 2, 2, .15, .682945)
(6, 2, 2, .2, .447032)
(6, 2, 2, .25, .447032)
(6, 2, 2, .3, .27423)
(6, 2, 2, .35, .27423)
(6, 2, 2, .4, .150263)
(6, 2, 2, .45, .150263)
(6, 2, 2, .5, .0683696)
(6, 2, 2, .55, .0225394)
(6, 2, 2, .6, .0225394)
(6, 2, 2, .65, .00375657)
(6, 2, 2, .7, .00375657)
(6, 2, 2, .75, 0)
(6, 2, 2, .8, 0)
(6, 2, 2, .85, 0)
(6, 2, 2, .9, 0)
(6, 2, 2, .95, 0)
(6, 2, 2, 1, 0)
(6, 2, 3, 0, 1)
(6, 2, 3, .05, 1)
(6, 2, 3, .1, .614576)
(6, 2, 3, .15, .614576)
(6, 2, 3, .2, .351615)
(6, 2, 3, .25, .351615)
(6, 2, 3, .3, .172802)
(6, 2, 3, .35, .172802)
(6, 2, 3, .4, .066867)
(6, 2, 3, .45, .066867)
(6, 2, 3, .5, .0150263)
(6, 2, 3, .55, .000751315)
(6, 2, 3, .6, .000751315)
(6, 2, 3, .65, 0)
(6, 2, 3, .7, 0)
(6, 2, 3, .75, 0)
(6, 2, 3, .8, 0)
(6, 2, 3, .85, 0)
(6, 2, 3, .9, 0)
(6, 2, 3, .95, 0)
(6, 2, 3, 1, 0)
(6, 2, 4, 0, 1)
(6, 2, 4, .05, 1)
(6, 2, 4, .1, .546206)
(6, 2, 4, .15, .546206)
(6, 2, 4, .2, .266717)
(6, 2, 4, .25, .266717)
(6, 2, 4, .3, .0976709)
(6, 2, 4, .35, .0976709)
(6, 2, 4, .4, .0210368)
(6, 2, 4, .45, .0210368)
(6, 2, 4, .5, .000751315)
(6, 2, 4, .55, 0)
(6, 2, 4, .6, 0)
(6, 2, 4, .65, 0)
(6, 2, 4, .7, 0)
(6, 2, 4, .75, 0)
(6, 2, 4, .8, 0)
(6, 2, 4, .85, 0)
(6, 2, 4, .9, 0)
(6, 2, 4, .95, 0)
(6, 2, 4, 1, 0)
(6, 2, 5, 0, 1)
(6, 2, 5, .05, 1)
(6, 2, 5, .1, .49136)
(6, 2, 5, .15, .49136)
(6, 2, 5, .2, .193088)
(6, 2, 5, .25, .193088)
(6, 2, 5, .3, .0450789)
(6, 2, 5, .35, .0450789)
(6, 2, 5, .4, .00225394)
(6, 2, 5, .45, .00225394)
(6, 2, 5, .5, 0)
(6, 2, 5, .55, 0)
(6, 2, 5, .6, 0)
(6, 2, 5, .65, 0)
(6, 2, 5, .7, 0)
(6, 2, 5, .75, 0)
(6, 2, 5, .8, 0)
(6, 2, 5, .85, 0)
(6, 2, 5, .9, 0)
(6, 2, 5, .95, 0)
(6, 2, 5, 1, 0)
(6, 2, 6, 0, 1)
(6, 2, 6, .05, 1)
(6, 2, 6, .1, .436514)
(6, 2, 6, .15, .436514)
(6, 2, 6, .2, .132231)
(6, 2, 6, .25, .132231)
(6, 2, 6, .3, .0150263)
(6, 2, 6, .35, .0150263)
(6, 2, 6, .4, 0)
(6, 2, 6, .45, 0)
(6, 2, 6, .5, 0)
(6, 2, 6, .55, 0)
(6, 2, 6, .6, 0)
(6, 2, 6, .65, 0)
(6, 2, 6, .7, 0)
(6, 2, 6, .75, 0)
(6, 2, 6, .8, 0)
(6, 2, 6, .85, 0)
(6, 2, 6, .9, 0)
(6, 2, 6, .95, 0)
(6, 2, 6, 1, 0)
(6, 2, 7, 0, 1)
(6, 2, 7, .05, 1)
(6, 2, 7, .1, .381668)
(6, 2, 7, .15, .381668)
(6, 2, 7, .2, .0841473)
(6, 2, 7, .25, .0841473)
(6, 2, 7, .3, 0)
(6, 2, 7, .35, 0)
(6, 2, 7, .4, 0)
(6, 2, 7, .45, 0)
(6, 2, 7, .5, 0)
(6, 2, 7, .55, 0)
(6, 2, 7, .6, 0)
(6, 2, 7, .65, 0)
(6, 2, 7, .7, 0)
(6, 2, 7, .75, 0)
(6, 2, 7, .8, 0)
(6, 2, 7, .85, 0)
(6, 2, 7, .9, 0)
(6, 2, 7, .95, 0)
(6, 2, 7, 1, 0)
(6, 2, 8, 0, 1)
(6, 2, 8, .05, 1)
(6, 2, 8, .1, .326822)
(6, 2, 8, .15, .326822)
(6, 2, 8, .2, .0473328)
(6, 2, 8, .25, .0473328)
(6, 2, 8, .3, 0)
(6, 2, 8, .35, 0)
(6, 2, 8, .4, 0)
(6, 2, 8, .45, 0)
(6, 2, 8, .5, 0)
(6, 2, 8, .55, 0)
(6, 2, 8, .6, 0)
(6, 2, 8, .65, 0)
(6, 2, 8, .7, 0)
(6, 2, 8, .75, 0)
(6, 2, 8, .8, 0)
(6, 2, 8, .85, 0)
(6, 2, 8, .9, 0)
(6, 2, 8, .95, 0)
(6, 2, 8, 1, 0)
(6, 2, 9, 0, 1)
(6, 2, 9, .05, 1)
(6, 2, 9, .1, .2855)
(6, 2, 9, .15, .2855)
(6, 2, 9, .2, .0210368)
(6, 2, 9, .25, .0210368)
(6, 2, 9, .3, 0)
(6, 2, 9, .35, 0)
(6, 2, 9, .4, 0)
(6, 2, 9, .45, 0)
(6, 2, 9, .5, 0)
(6, 2, 9, .55, 0)
(6, 2, 9, .6, 0)
(6, 2, 9, .65, 0)
(6, 2, 9, .7, 0)
(6, 2, 9, .75, 0)
(6, 2, 9, .8, 0)
(6, 2, 9, .85, 0)
(6, 2, 9, .9, 0)
(6, 2, 9, .95, 0)
(6, 2, 9, 1, 0)
(6, 2, 10, 0, 1)
(6, 2, 10, .05, 1)
(6, 2, 10, .1, .244177)
(6, 2, 10, .15, .244177)
(6, 2, 10, .2, .0052592)
(6, 2, 10, .25, .0052592)
(6, 2, 10, .3, 0)
(6, 2, 10, .35, 0)
(6, 2, 10, .4, 0)
(6, 2, 10, .45, 0)
(6, 2, 10, .5, 0)
(6, 2, 10, .55, 0)
(6, 2, 10, .6, 0)
(6, 2, 10, .65, 0)
(6, 2, 10, .7, 0)
(6, 2, 10, .75, 0)
(6, 2, 10, .8, 0)
(6, 2, 10, .85, 0)
(6, 2, 10, .9, 0)
(6, 2, 10, .95, 0)
(6, 2, 10, 1, 0)
(6, 2, 11, 0, 1)
(6, 2, 11, .05, 1)
(6, 2, 11, .1, 0)
(6, 2, 11, .15, 0)
(6, 2, 11, .2, 0)
(6, 2, 11, .25, 0)
(6, 2, 11, .3, 0)
(6, 2, 11, .35, 0)
(6, 2, 11, .4, 0)
(6, 2, 11, .45, 0)
(6, 2, 11, .5, 0)
(6, 2, 11, .55, 0)
(6, 2, 11, .6, 0)
(6, 2, 11, .65, 0)
(6, 2, 11, .7, 0)
(6, 2, 11, .75, 0)
(6, 2, 11, .8, 0)
(6, 2, 11, .85, 0)
(6, 2, 11, .9, 0)
(6, 2, 11, .95, 0)
(6, 2, 11, 1, 0)
(6, 3, 1, 0, 1)
(6, 3, 1, .05, 1)
(6, 3, 1, .1, .676183)
(6, 3, 1, .15, .676183)
(6, 3, 1, .2, .432757)
(6, 3, 1, .25, .432757)
(6, 3, 1, .3, .252442)
(6, 3, 1, .35, .252442)
(6, 3, 1, .4, .13148)
(6, 3, 1, .45, .13148)
(6, 3, 1, .5, .0540947)
(6, 3, 1, .55, .0150263)
(6, 3, 1, .6, .0150263)
(6, 3, 1, .65, 0)
(6, 3, 1, .7, 0)
(6, 3, 1, .75, 0)
(6, 3, 1, .8, 0)
(6, 3, 1, .85, 0)
(6, 3, 1, .9, 0)
(6, 3, 1, .95, 0)
(6, 3, 1, 1, 0)
(6, 3, 2, 0, 1)
(6, 3, 2, .05, 1)
(6, 3, 2, .1, .614576)
(6, 3, 2, .15, .614576)
(6, 3, 2, .2, .351615)
(6, 3, 2, .25, .351615)
(6, 3, 2, .3, .172802)
(6, 3, 2, .35, .172802)
(6, 3, 2, .4, .066867)
(6, 3, 2, .45, .066867)
(6, 3, 2, .5, .0150263)
(6, 3, 2, .55, .000751315)
(6, 3, 2, .6, .000751315)
(6, 3, 2, .65, 0)
(6, 3, 2, .7, 0)
(6, 3, 2, .75, 0)
(6, 3, 2, .8, 0)
(6, 3, 2, .85, 0)
(6, 3, 2, .9, 0)
(6, 3, 2, .95, 0)
(6, 3, 2, 1, 0)
(6, 3, 3, 0, 1)
(6, 3, 3, .05, 1)
(6, 3, 3, .1, .552968)
(6, 3, 3, .15, .552968)
(6, 3, 3, .2, .27423)
(6, 3, 3, .25, .27423)
(6, 3, 3, .3, .102179)
(6, 3, 3, .35, .102179)
(6, 3, 3, .4, .0225394)
(6, 3, 3, .45, .0225394)
(6, 3, 3, .5, 0)
(6, 3, 3, .55, 0)
(6, 3, 3, .6, 0)
(6, 3, 3, .65, 0)
(6, 3, 3, .7, 0)
(6, 3, 3, .75, 0)
(6, 3, 3, .8, 0)
(6, 3, 3, .85, 0)
(6, 3, 3, .9, 0)
(6, 3, 3, .95, 0)
(6, 3, 3, 1, 0)
(6, 3, 4, 0, 1)
(6, 3, 4, .05, 1)
(6, 3, 4, .1, .49136)
(6, 3, 4, .15, .49136)
(6, 3, 4, .2, .205109)
(6, 3, 4, .25, .205109)
(6, 3, 4, .3, .052592)
(6, 3, 4, .35, .052592)
(6, 3, 4, .4, .00375657)
(6, 3, 4, .45, .00375657)
(6, 3, 4, .5, 0)
(6, 3, 4, .55, 0)
(6, 3, 4, .6, 0)
(6, 3, 4, .65, 0)
(6, 3, 4, .7, 0)
(6, 3, 4, .75, 0)
(6, 3, 4, .8, 0)
(6, 3, 4, .85, 0)
(6, 3, 4, .9, 0)
(6, 3, 4, .95, 0)
(6, 3, 4, 1, 0)
(6, 3, 5, 0, 1)
(6, 3, 5, .05, 1)
(6, 3, 5, .1, .441773)
(6, 3, 5, .15, .441773)
(6, 3, 5, .2, .145755)
(6, 3, 5, .25, .145755)
(6, 3, 5, .3, .0210368)
(6, 3, 5, .35, .0210368)
(6, 3, 5, .4, 0)
(6, 3, 5, .45, 0)
(6, 3, 5, .5, 0)
(6, 3, 5, .55, 0)
(6, 3, 5, .6, 0)
(6, 3, 5, .65, 0)
(6, 3, 5, .7, 0)
(6, 3, 5, .75, 0)
(6, 3, 5, .8, 0)
(6, 3, 5, .85, 0)
(6, 3, 5, .9, 0)
(6, 3, 5, .95, 0)
(6, 3, 5, 1, 0)
(6, 3, 6, 0, 1)
(6, 3, 6, .05, 1)
(6, 3, 6, .1, .392186)
(6, 3, 6, .15, .392186)
(6, 3, 6, .2, .0976709)
(6, 3, 6, .25, .0976709)
(6, 3, 6, .3, .00601052)
(6, 3, 6, .35, .00601052)
(6, 3, 6, .4, 0)
(6, 3, 6, .45, 0)
(6, 3, 6, .5, 0)
(6, 3, 6, .55, 0)
(6, 3, 6, .6, 0)
(6, 3, 6, .65, 0)
(6, 3, 6, .7, 0)
(6, 3, 6, .75, 0)
(6, 3, 6, .8, 0)
(6, 3, 6, .85, 0)
(6, 3, 6, .9, 0)
(6, 3, 6, .95, 0)
(6, 3, 6, 1, 0)
(6, 3, 7, 0, 1)
(6, 3, 7, .05, 1)
(6, 3, 7, .1, .3426)
(6, 3, 7, .15, .3426)
(6, 3, 7, .2, .0608565)
(6, 3, 7, .25, .0608565)
(6, 3, 7, .3, 0)
(6, 3, 7, .35, 0)
(6, 3, 7, .4, 0)
(6, 3, 7, .45, 0)
(6, 3, 7, .5, 0)
(6, 3, 7, .55, 0)
(6, 3, 7, .6, 0)
(6, 3, 7, .65, 0)
(6, 3, 7, .7, 0)
(6, 3, 7, .75, 0)
(6, 3, 7, .8, 0)
(6, 3, 7, .85, 0)
(6, 3, 7, .9, 0)
(6, 3, 7, .95, 0)
(6, 3, 7, 1, 0)
(6, 3, 8, 0, 1)
(6, 3, 8, .05, 1)
(6, 3, 8, .1, .293013)
(6, 3, 8, .15, .293013)
(6, 3, 8, .2, .0338092)
(6, 3, 8, .25, .0338092)
(6, 3, 8, .3, 0)
(6, 3, 8, .35, 0)
(6, 3, 8, .4, 0)
(6, 3, 8, .45, 0)
(6, 3, 8, .5, 0)
(6, 3, 8, .55, 0)
(6, 3, 8, .6, 0)
(6, 3, 8, .65, 0)
(6, 3, 8, .7, 0)
(6, 3, 8, .75, 0)
(6, 3, 8, .8, 0)
(6, 3, 8, .85, 0)
(6, 3, 8, .9, 0)
(6, 3, 8, .95, 0)
(6, 3, 8, 1, 0)
(6, 3, 9, 0, 1)
(6, 3, 9, .05, 1)
(6, 3, 9, .1, .255447)
(6, 3, 9, .15, .255447)
(6, 3, 9, .2, .0150263)
(6, 3, 9, .25, .0150263)
(6, 3, 9, .3, 0)
(6, 3, 9, .35, 0)
(6, 3, 9, .4, 0)
(6, 3, 9, .45, 0)
(6, 3, 9, .5, 0)
(6, 3, 9, .55, 0)
(6, 3, 9, .6, 0)
(6, 3, 9, .65, 0)
(6, 3, 9, .7, 0)
(6, 3, 9, .75, 0)
(6, 3, 9, .8, 0)
(6, 3, 9, .85, 0)
(6, 3, 9, .9, 0)
(6, 3, 9, .95, 0)
(6, 3, 9, 1, 0)
(6, 3, 10, 0, 1)
(6, 3, 10, .05, 1)
(6, 3, 10, .1, .217881)
(6, 3, 10, .15, .217881)
(6, 3, 10, .2, .00375657)
(6, 3, 10, .25, .00375657)
(6, 3, 10, .3, 0)
(6, 3, 10, .35, 0)
(6, 3, 10, .4, 0)
(6, 3, 10, .45, 0)
(6, 3, 10, .5, 0)
(6, 3, 10, .55, 0)
(6, 3, 10, .6, 0)
(6, 3, 10, .65, 0)
(6, 3, 10, .7, 0)
(6, 3, 10, .75, 0)
(6, 3, 10, .8, 0)
(6, 3, 10, .85, 0)
(6, 3, 10, .9, 0)
(6, 3, 10, .95, 0)
(6, 3, 10, 1, 0)
(6, 3, 11, 0, 1)
(6, 3, 11, .05, 1)
(6, 3, 11, .1, 0)
(6, 3, 11, .15, 0)
(6, 3, 11, .2, 0)
(6, 3, 11, .25, 0)
(6, 3, 11, .3, 0)
(6, 3, 11, .35, 0)
(6, 3, 11, .4, 0)
(6, 3, 11, .45, 0)
(6, 3, 11, .5, 0)
(6, 3, 11, .55, 0)
(6, 3, 11, .6, 0)
(6, 3, 11, .65, 0)
(6, 3, 11, .7, 0)
(6, 3, 11, .75, 0)
(6, 3, 11, .8, 0)
(6, 3, 11, .85, 0)
(6, 3, 11, .9, 0)
(6, 3, 11, .95, 0)
(6, 3, 11, 1, 0)
(6, 4, 1, 0, 1)
(6, 4, 1, .05, 1)
(6, 4, 1, .1, .601052)
(6, 4, 1, .15, .601052)
(6, 4, 1, .2, .33133)
(6, 4, 1, .25, .33133)
(6, 4, 1, .3, .150263)
(6, 4, 1, .35, .150263)
(6, 4, 1, .4, .0473328)
(6, 4, 1, .45, .0473328)
(6, 4, 1, .5, .00450789)
(6, 4, 1, .55, 0)
(6, 4, 1, .6, 0)
(6, 4, 1, .65, 0)
(6, 4, 1, .7, 0)
(6, 4, 1, .75, 0)
(6, 4, 1, .8, 0)
(6, 4, 1, .85, 0)
(6, 4, 1, .9, 0)
(6, 4, 1, .95, 0)
(6, 4, 1, 1, 0)
(6, 4, 2, 0, 1)
(6, 4, 2, .05, 1)
(6, 4, 2, .1, .546206)
(6, 4, 2, .15, .546206)
(6, 4, 2, .2, .266717)
(6, 4, 2, .25, .266717)
(6, 4, 2, .3, .0976709)
(6, 4, 2, .35, .0976709)
(6, 4, 2, .4, .0210368)
(6, 4, 2, .45, .0210368)
(6, 4, 2, .5, .000751315)
(6, 4, 2, .55, 0)
(6, 4, 2, .6, 0)
(6, 4, 2, .65, 0)
(6, 4, 2, .7, 0)
(6, 4, 2, .75, 0)
(6, 4, 2, .8, 0)
(6, 4, 2, .85, 0)
(6, 4, 2, .9, 0)
(6, 4, 2, .95, 0)
(6, 4, 2, 1, 0)
(6, 4, 3, 0, 1)
(6, 4, 3, .05, 1)
(6, 4, 3, .1, .49136)
(6, 4, 3, .15, .49136)
(6, 4, 3, .2, .205109)
(6, 4, 3, .25, .205109)
(6, 4, 3, .3, .052592)
(6, 4, 3, .35, .052592)
(6, 4, 3, .4, .00375657)
(6, 4, 3, .45, .00375657)
(6, 4, 3, .5, 0)
(6, 4, 3, .55, 0)
(6, 4, 3, .6, 0)
(6, 4, 3, .65, 0)
(6, 4, 3, .7, 0)
(6, 4, 3, .75, 0)
(6, 4, 3, .8, 0)
(6, 4, 3, .85, 0)
(6, 4, 3, .9, 0)
(6, 4, 3, .95, 0)
(6, 4, 3, 1, 0)
(6, 4, 4, 0, 1)
(6, 4, 4, .05, 1)
(6, 4, 4, .1, .436514)
(6, 4, 4, .15, .436514)
(6, 4, 4, .2, .150263)
(6, 4, 4, .25, .150263)
(6, 4, 4, .3, .0225394)
(6, 4, 4, .35, .0225394)
(6, 4, 4, .4, 0)
(6, 4, 4, .45, 0)
(6, 4, 4, .5, 0)
(6, 4, 4, .55, 0)
(6, 4, 4, .6, 0)
(6, 4, 4, .65, 0)
(6, 4, 4, .7, 0)
(6, 4, 4, .75, 0)
(6, 4, 4, .8, 0)
(6, 4, 4, .85, 0)
(6, 4, 4, .9, 0)
(6, 4, 4, .95, 0)
(6, 4, 4, 1, 0)
(6, 4, 5, 0, 1)
(6, 4, 5, .05, 1)
(6, 4, 5, .1, .392186)
(6, 4, 5, .15, .392186)
(6, 4, 5, .2, .103681)
(6, 4, 5, .25, .103681)
(6, 4, 5, .3, .00601052)
(6, 4, 5, .35, .00601052)
(6, 4, 5, .4, 0)
(6, 4, 5, .45, 0)
(6, 4, 5, .5, 0)
(6, 4, 5, .55, 0)
(6, 4, 5, .6, 0)
(6, 4, 5, .65, 0)
(6, 4, 5, .7, 0)
(6, 4, 5, .75, 0)
(6, 4, 5, .8, 0)
(6, 4, 5, .85, 0)
(6, 4, 5, .9, 0)
(6, 4, 5, .95, 0)
(6, 4, 5, 1, 0)
(6, 4, 6, 0, 1)
(6, 4, 6, .05, 1)
(6, 4, 6, .1, .347859)
(6, 4, 6, .15, .347859)
(6, 4, 6, .2, .066867)
(6, 4, 6, .25, .066867)
(6, 4, 6, .3, .000751315)
(6, 4, 6, .35, .000751315)
(6, 4, 6, .4, 0)
(6, 4, 6, .45, 0)
(6, 4, 6, .5, 0)
(6, 4, 6, .55, 0)
(6, 4, 6, .6, 0)
(6, 4, 6, .65, 0)
(6, 4, 6, .7, 0)
(6, 4, 6, .75, 0)
(6, 4, 6, .8, 0)
(6, 4, 6, .85, 0)
(6, 4, 6, .9, 0)
(6, 4, 6, .95, 0)
(6, 4, 6, 1, 0)
(6, 4, 7, 0, 1)
(6, 4, 7, .05, 1)
(6, 4, 7, .1, .303531)
(6, 4, 7, .15, .303531)
(6, 4, 7, .2, .0390684)
(6, 4, 7, .25, .0390684)
(6, 4, 7, .3, 0)
(6, 4, 7, .35, 0)
(6, 4, 7, .4, 0)
(6, 4, 7, .45, 0)
(6, 4, 7, .5, 0)
(6, 4, 7, .55, 0)
(6, 4, 7, .6, 0)
(6, 4, 7, .65, 0)
(6, 4, 7, .7, 0)
(6, 4, 7, .75, 0)
(6, 4, 7, .8, 0)
(6, 4, 7, .85, 0)
(6, 4, 7, .9, 0)
(6, 4, 7, .95, 0)
(6, 4, 7, 1, 0)
(6, 4, 8, 0, 1)
(6, 4, 8, .05, 1)
(6, 4, 8, .1, .259204)
(6, 4, 8, .15, .259204)
(6, 4, 8, .2, .0210368)
(6, 4, 8, .25, .0210368)
(6, 4, 8, .3, 0)
(6, 4, 8, .35, 0)
(6, 4, 8, .4, 0)
(6, 4, 8, .45, 0)
(6, 4, 8, .5, 0)
(6, 4, 8, .55, 0)
(6, 4, 8, .6, 0)
(6, 4, 8, .65, 0)
(6, 4, 8, .7, 0)
(6, 4, 8, .75, 0)
(6, 4, 8, .8, 0)
(6, 4, 8, .85, 0)
(6, 4, 8, .9, 0)
(6, 4, 8, .95, 0)
(6, 4, 8, 1, 0)
(6, 4, 9, 0, 1)
(6, 4, 9, .05, 1)
(6, 4, 9, .1, .225394)
(6, 4, 9, .15, .225394)
(6, 4, 9, .2, .00901578)
(6, 4, 9, .25, .00901578)
(6, 4, 9, .3, 0)
(6, 4, 9, .35, 0)
(6, 4, 9, .4, 0)
(6, 4, 9, .45, 0)
(6, 4, 9, .5, 0)
(6, 4, 9, .55, 0)
(6, 4, 9, .6, 0)
(6, 4, 9, .65, 0)
(6, 4, 9, .7, 0)
(6, 4, 9, .75, 0)
(6, 4, 9, .8, 0)
(6, 4, 9, .85, 0)
(6, 4, 9, .9, 0)
(6, 4, 9, .95, 0)
(6, 4, 9, 1, 0)
(6, 4, 10, 0, 1)
(6, 4, 10, .05, 1)
(6, 4, 10, .1, .192337)
(6, 4, 10, .15, .192337)
(6, 4, 10, .2, .00225394)
(6, 4, 10, .25, .00225394)
(6, 4, 10, .3, 0)
(6, 4, 10, .35, 0)
(6, 4, 10, .4, 0)
(6, 4, 10, .45, 0)
(6, 4, 10, .5, 0)
(6, 4, 10, .55, 0)
(6, 4, 10, .6, 0)
(6, 4, 10, .65, 0)
(6, 4, 10, .7, 0)
(6, 4, 10, .75, 0)
(6, 4, 10, .8, 0)
(6, 4, 10, .85, 0)
(6, 4, 10, .9, 0)
(6, 4, 10, .95, 0)
(6, 4, 10, 1, 0)
(6, 4, 11, 0, 1)
(6, 4, 11, .05, 1)
(6, 4, 11, .1, 0)
(6, 4, 11, .15, 0)
(6, 4, 11, .2, 0)
(6, 4, 11, .25, 0)
(6, 4, 11, .3, 0)
(6, 4, 11, .35, 0)
(6, 4, 11, .4, 0)
(6, 4, 11, .45, 0)
(6, 4, 11, .5, 0)
(6, 4, 11, .55, 0)
(6, 4, 11, .6, 0)
(6, 4, 11, .65, 0)
(6, 4, 11, .7, 0)
(6, 4, 11, .75, 0)
(6, 4, 11, .8, 0)
(6, 4, 11, .85, 0)
(6, 4, 11, .9, 0)
(6, 4, 11, .95, 0)
(6, 4, 11, 1, 0)
(6, 5, 1, 0, 1)
(6, 5, 1, .05, 1)
(6, 5, 1, .1, .540947)
(6, 5, 1, .15, .540947)
(6, 5, 1, .2, .243426)
(6, 5, 1, .25, .243426)
(6, 5, 1, .3, .0721262)
(6, 5, 1, .35, .0721262)
(6, 5, 1, .4, .0052592)
(6, 5, 1, .45, .0052592)
(6, 5, 1, .5, 0)
(6, 5, 1, .55, 0)
(6, 5, 1, .6, 0)
(6, 5, 1, .65, 0)
(6, 5, 1, .7, 0)
(6, 5, 1, .75, 0)
(6, 5, 1, .8, 0)
(6, 5, 1, .85, 0)
(6, 5, 1, .9, 0)
(6, 5, 1, .95, 0)
(6, 5, 1, 1, 0)
(6, 5, 2, 0, 1)
(6, 5, 2, .05, 1)
(6, 5, 2, .1, .49136)
(6, 5, 2, .15, .49136)
(6, 5, 2, .2, .193088)
(6, 5, 2, .25, .193088)
(6, 5, 2, .3, .0450789)
(6, 5, 2, .35, .0450789)
(6, 5, 2, .4, .00225394)
(6, 5, 2, .45, .00225394)
(6, 5, 2, .5, 0)
(6, 5, 2, .55, 0)
(6, 5, 2, .6, 0)
(6, 5, 2, .65, 0)
(6, 5, 2, .7, 0)
(6, 5, 2, .75, 0)
(6, 5, 2, .8, 0)
(6, 5, 2, .85, 0)
(6, 5, 2, .9, 0)
(6, 5, 2, .95, 0)
(6, 5, 2, 1, 0)
(6, 5, 3, 0, 1)
(6, 5, 3, .05, 1)
(6, 5, 3, .1, .441773)
(6, 5, 3, .15, .441773)
(6, 5, 3, .2, .145755)
(6, 5, 3, .25, .145755)
(6, 5, 3, .3, .0210368)
(6, 5, 3, .35, .0210368)
(6, 5, 3, .4, 0)
(6, 5, 3, .45, 0)
(6, 5, 3, .5, 0)
(6, 5, 3, .55, 0)
(6, 5, 3, .6, 0)
(6, 5, 3, .65, 0)
(6, 5, 3, .7, 0)
(6, 5, 3, .75, 0)
(6, 5, 3, .8, 0)
(6, 5, 3, .85, 0)
(6, 5, 3, .9, 0)
(6, 5, 3, .95, 0)
(6, 5, 3, 1, 0)
(6, 5, 4, 0, 1)
(6, 5, 4, .05, 1)
(6, 5, 4, .1, .392186)
(6, 5, 4, .15, .392186)
(6, 5, 4, .2, .103681)
(6, 5, 4, .25, .103681)
(6, 5, 4, .3, .00601052)
(6, 5, 4, .35, .00601052)
(6, 5, 4, .4, 0)
(6, 5, 4, .45, 0)
(6, 5, 4, .5, 0)
(6, 5, 4, .55, 0)
(6, 5, 4, .6, 0)
(6, 5, 4, .65, 0)
(6, 5, 4, .7, 0)
(6, 5, 4, .75, 0)
(6, 5, 4, .8, 0)
(6, 5, 4, .85, 0)
(6, 5, 4, .9, 0)
(6, 5, 4, .95, 0)
(6, 5, 4, 1, 0)
(6, 5, 5, 0, 1)
(6, 5, 5, .05, 1)
(6, 5, 5, .1, .351615)
(6, 5, 5, .15, .351615)
(6, 5, 5, .2, .0683696)
(6, 5, 5, .25, .0683696)
(6, 5, 5, .3, 0)
(6, 5, 5, .35, 0)
(6, 5, 5, .4, 0)
(6, 5, 5, .45, 0)
(6, 5, 5, .5, 0)
(6, 5, 5, .55, 0)
(6, 5, 5, .6, 0)
(6, 5, 5, .65, 0)
(6, 5, 5, .7, 0)
(6, 5, 5, .75, 0)
(6, 5, 5, .8, 0)
(6, 5, 5, .85, 0)
(6, 5, 5, .9, 0)
(6, 5, 5, .95, 0)
(6, 5, 5, 1, 0)
(6, 5, 6, 0, 1)
(6, 5, 6, .05, 1)
(6, 5, 6, .1, .311044)
(6, 5, 6, .15, .311044)
(6, 5, 6, .2, .0413223)
(6, 5, 6, .25, .0413223)
(6, 5, 6, .3, 0)
(6, 5, 6, .35, 0)
(6, 5, 6, .4, 0)
(6, 5, 6, .45, 0)
(6, 5, 6, .5, 0)
(6, 5, 6, .55, 0)
(6, 5, 6, .6, 0)
(6, 5, 6, .65, 0)
(6, 5, 6, .7, 0)
(6, 5, 6, .75, 0)
(6, 5, 6, .8, 0)
(6, 5, 6, .85, 0)
(6, 5, 6, .9, 0)
(6, 5, 6, .95, 0)
(6, 5, 6, 1, 0)
(6, 5, 7, 0, 1)
(6, 5, 7, .05, 1)
(6, 5, 7, .1, .270473)
(6, 5, 7, .15, .270473)
(6, 5, 7, .2, .0210368)
(6, 5, 7, .25, .0210368)
(6, 5, 7, .3, 0)
(6, 5, 7, .35, 0)
(6, 5, 7, .4, 0)
(6, 5, 7, .45, 0)
(6, 5, 7, .5, 0)
(6, 5, 7, .55, 0)
(6, 5, 7, .6, 0)
(6, 5, 7, .65, 0)
(6, 5, 7, .7, 0)
(6, 5, 7, .75, 0)
(6, 5, 7, .8, 0)
(6, 5, 7, .85, 0)
(6, 5, 7, .9, 0)
(6, 5, 7, .95, 0)
(6, 5, 7, 1, 0)
(6, 5, 8, 0, 1)
(6, 5, 8, .05, 1)
(6, 5, 8, .1, .229902)
(6, 5, 8, .15, .229902)
(6, 5, 8, .2, .0105184)
(6, 5, 8, .25, .0105184)
(6, 5, 8, .3, 0)
(6, 5, 8, .35, 0)
(6, 5, 8, .4, 0)
(6, 5, 8, .45, 0)
(6, 5, 8, .5, 0)
(6, 5, 8, .55, 0)
(6, 5, 8, .6, 0)
(6, 5, 8, .65, 0)
(6, 5, 8, .7, 0)
(6, 5, 8, .75, 0)
(6, 5, 8, .8, 0)
(6, 5, 8, .85, 0)
(6, 5, 8, .9, 0)
(6, 5, 8, .95, 0)
(6, 5, 8, 1, 0)
(6, 5, 9, 0, 1)
(6, 5, 9, .05, 1)
(6, 5, 9, .1, .198347)
(6, 5, 9, .15, .198347)
(6, 5, 9, .2, .00375657)
(6, 5, 9, .25, .00375657)
(6, 5, 9, .3, 0)
(6, 5, 9, .35, 0)
(6, 5, 9, .4, 0)
(6, 5, 9, .45, 0)
(6, 5, 9, .5, 0)
(6, 5, 9, .55, 0)
(6, 5, 9, .6, 0)
(6, 5, 9, .65, 0)
(6, 5, 9, .7, 0)
(6, 5, 9, .75, 0)
(6, 5, 9, .8, 0)
(6, 5, 9, .85, 0)
(6, 5, 9, .9, 0)
(6, 5, 9, .95, 0)
(6, 5, 9, 1, 0)
(6, 5, 10, 0, 1)
(6, 5, 10, .05, 1)
(6, 5, 10, .1, .168295)
(6, 5, 10, .15, .168295)
(6, 5, 10, .2, .000751315)
(6, 5, 10, .25, .000751315)
(6, 5, 10, .3, 0)
(6, 5, 10, .35, 0)
(6, 5, 10, .4, 0)
(6, 5, 10, .45, 0)
(6, 5, 10, .5, 0)
(6, 5, 10, .55, 0)
(6, 5, 10, .6, 0)
(6, 5, 10, .65, 0)
(6, 5, 10, .7, 0)
(6, 5, 10, .75, 0)
(6, 5, 10, .8, 0)
(6, 5, 10, .85, 0)
(6, 5, 10, .9, 0)
(6, 5, 10, .95, 0)
(6, 5, 10, 1, 0)
(6, 5, 11, 0, 1)
(6, 5, 11, .05, 1)
(6, 5, 11, .1, 0)
(6, 5, 11, .15, 0)
(6, 5, 11, .2, 0)
(6, 5, 11, .25, 0)
(6, 5, 11, .3, 0)
(6, 5, 11, .35, 0)
(6, 5, 11, .4, 0)
(6, 5, 11, .45, 0)
(6, 5, 11, .5, 0)
(6, 5, 11, .55, 0)
(6, 5, 11, .6, 0)
(6, 5, 11, .65, 0)
(6, 5, 11, .7, 0)
(6, 5, 11, .75, 0)
(6, 5, 11, .8, 0)
(6, 5, 11, .85, 0)
(6, 5, 11, .9, 0)
(6, 5, 11, .95, 0)
(6, 5, 11, 1, 0)
(6, 6, 1, 0, 1)
(6, 6, 1, .05, 1)
(6, 6, 1, .1, .480841)
(6, 6, 1, .15, .480841)
(6, 6, 1, .2, .169046)
(6, 6, 1, .25, .169046)
(6, 6, 1, .3, .0240421)
(6, 6, 1, .35, .0240421)
(6, 6, 1, .4, 0)
(6, 6, 1, .45, 0)
(6, 6, 1, .5, 0)
(6, 6, 1, .55, 0)
(6, 6, 1, .6, 0)
(6, 6, 1, .65, 0)
(6, 6, 1, .7, 0)
(6, 6, 1, .75, 0)
(6, 6, 1, .8, 0)
(6, 6, 1, .85, 0)
(6, 6, 1, .9, 0)
(6, 6, 1, .95, 0)
(6, 6, 1, 1, 0)
(6, 6, 2, 0, 1)
(6, 6, 2, .05, 1)
(6, 6, 2, .1, .436514)
(6, 6, 2, .15, .436514)
(6, 6, 2, .2, .132231)
(6, 6, 2, .25, .132231)
(6, 6, 2, .3, .0150263)
(6, 6, 2, .35, .0150263)
(6, 6, 2, .4, 0)
(6, 6, 2, .45, 0)
(6, 6, 2, .5, 0)
(6, 6, 2, .55, 0)
(6, 6, 2, .6, 0)
(6, 6, 2, .65, 0)
(6, 6, 2, .7, 0)
(6, 6, 2, .75, 0)
(6, 6, 2, .8, 0)
(6, 6, 2, .85, 0)
(6, 6, 2, .9, 0)
(6, 6, 2, .95, 0)
(6, 6, 2, 1, 0)
(6, 6, 3, 0, 1)
(6, 6, 3, .05, 1)
(6, 6, 3, .1, .392186)
(6, 6, 3, .15, .392186)
(6, 6, 3, .2, .0976709)
(6, 6, 3, .25, .0976709)
(6, 6, 3, .3, .00601052)
(6, 6, 3, .35, .00601052)
(6, 6, 3, .4, 0)
(6, 6, 3, .45, 0)
(6, 6, 3, .5, 0)
(6, 6, 3, .55, 0)
(6, 6, 3, .6, 0)
(6, 6, 3, .65, 0)
(6, 6, 3, .7, 0)
(6, 6, 3, .75, 0)
(6, 6, 3, .8, 0)
(6, 6, 3, .85, 0)
(6, 6, 3, .9, 0)
(6, 6, 3, .95, 0)
(6, 6, 3, 1, 0)
(6, 6, 4, 0, 1)
(6, 6, 4, .05, 1)
(6, 6, 4, .1, .347859)
(6, 6, 4, .15, .347859)
(6, 6, 4, .2, .066867)
(6, 6, 4, .25, .066867)
(6, 6, 4, .3, .000751315)
(6, 6, 4, .35, .000751315)
(6, 6, 4, .4, 0)
(6, 6, 4, .45, 0)
(6, 6, 4, .5, 0)
(6, 6, 4, .55, 0)
(6, 6, 4, .6, 0)
(6, 6, 4, .65, 0)
(6, 6, 4, .7, 0)
(6, 6, 4, .75, 0)
(6, 6, 4, .8, 0)
(6, 6, 4, .85, 0)
(6, 6, 4, .9, 0)
(6, 6, 4, .95, 0)
(6, 6, 4, 1, 0)
(6, 6, 5, 0, 1)
(6, 6, 5, .05, 1)
(6, 6, 5, .1, .311044)
(6, 6, 5, .15, .311044)
(6, 6, 5, .2, .0413223)
(6, 6, 5, .25, .0413223)
(6, 6, 5, .3, 0)
(6, 6, 5, .35, 0)
(6, 6, 5, .4, 0)
(6, 6, 5, .45, 0)
(6, 6, 5, .5, 0)
(6, 6, 5, .55, 0)
(6, 6, 5, .6, 0)
(6, 6, 5, .65, 0)
(6, 6, 5, .7, 0)
(6, 6, 5, .75, 0)
(6, 6, 5, .8, 0)
(6, 6, 5, .85, 0)
(6, 6, 5, .9, 0)
(6, 6, 5, .95, 0)
(6, 6, 5, 1, 0)
(6, 6, 6, 0, 1)
(6, 6, 6, .05, 1)
(6, 6, 6, .1, .27423)
(6, 6, 6, .15, .27423)
(6, 6, 6, .2, .0225394)
(6, 6, 6, .25, .0225394)
(6, 6, 6, .3, 0)
(6, 6, 6, .35, 0)
(6, 6, 6, .4, 0)
(6, 6, 6, .45, 0)
(6, 6, 6, .5, 0)
(6, 6, 6, .55, 0)
(6, 6, 6, .6, 0)
(6, 6, 6, .65, 0)
(6, 6, 6, .7, 0)
(6, 6, 6, .75, 0)
(6, 6, 6, .8, 0)
(6, 6, 6, .85, 0)
(6, 6, 6, .9, 0)
(6, 6, 6, .95, 0)
(6, 6, 6, 1, 0)
(6, 6, 7, 0, 1)
(6, 6, 7, .05, 1)
(6, 6, 7, .1, .237415)
(6, 6, 7, .15, .237415)
(6, 6, 7, .2, .00901578)
(6, 6, 7, .25, .00901578)
(6, 6, 7, .3, 0)
(6, 6, 7, .35, 0)
(6, 6, 7, .4, 0)
(6, 6, 7, .45, 0)
(6, 6, 7, .5, 0)
(6, 6, 7, .55, 0)
(6, 6, 7, .6, 0)
(6, 6, 7, .65, 0)
(6, 6, 7, .7, 0)
(6, 6, 7, .75, 0)
(6, 6, 7, .8, 0)
(6, 6, 7, .85, 0)
(6, 6, 7, .9, 0)
(6, 6, 7, .95, 0)
(6, 6, 7, 1, 0)
(6, 6, 8, 0, 1)
(6, 6, 8, .05, 1)
(6, 6, 8, .1, .201352)
(6, 6, 8, .15, .201352)
(6, 6, 8, .2, .00375657)
(6, 6, 8, .25, .00375657)
(6, 6, 8, .3, 0)
(6, 6, 8, .35, 0)
(6, 6, 8, .4, 0)
(6, 6, 8, .45, 0)
(6, 6, 8, .5, 0)
(6, 6, 8, .55, 0)
(6, 6, 8, .6, 0)
(6, 6, 8, .65, 0)
(6, 6, 8, .7, 0)
(6, 6, 8, .75, 0)
(6, 6, 8, .8, 0)
(6, 6, 8, .85, 0)
(6, 6, 8, .9, 0)
(6, 6, 8, .95, 0)
(6, 6, 8, 1, 0)
(6, 6, 9, 0, 1)
(6, 6, 9, .05, 1)
(6, 6, 9, .1, .172802)
(6, 6, 9, .15, .172802)
(6, 6, 9, .2, .000751315)
(6, 6, 9, .25, .000751315)
(6, 6, 9, .3, 0)
(6, 6, 9, .35, 0)
(6, 6, 9, .4, 0)
(6, 6, 9, .45, 0)
(6, 6, 9, .5, 0)
(6, 6, 9, .55, 0)
(6, 6, 9, .6, 0)
(6, 6, 9, .65, 0)
(6, 6, 9, .7, 0)
(6, 6, 9, .75, 0)
(6, 6, 9, .8, 0)
(6, 6, 9, .85, 0)
(6, 6, 9, .9, 0)
(6, 6, 9, .95, 0)
(6, 6, 9, 1, 0)
(6, 6, 10, 0, 1)
(6, 6, 10, .05, 1)
(6, 6, 10, .1, .145755)
(6, 6, 10, .15, .145755)
(6, 6, 10, .2, 0)
(6, 6, 10, .25, 0)
(6, 6, 10, .3, 0)
(6, 6, 10, .35, 0)
(6, 6, 10, .4, 0)
(6, 6, 10, .45, 0)
(6, 6, 10, .5, 0)
(6, 6, 10, .55, 0)
(6, 6, 10, .6, 0)
(6, 6, 10, .65, 0)
(6, 6, 10, .7, 0)
(6, 6, 10, .75, 0)
(6, 6, 10, .8, 0)
(6, 6, 10, .85, 0)
(6, 6, 10, .9, 0)
(6, 6, 10, .95, 0)
(6, 6, 10, 1, 0)
(6, 6, 11, 0, 1)
(6, 6, 11, .05, 1)
(6, 6, 11, .1, 0)
(6, 6, 11, .15, 0)
(6, 6, 11, .2, 0)
(6, 6, 11, .25, 0)
(6, 6, 11, .3, 0)
(6, 6, 11, .35, 0)
(6, 6, 11, .4, 0)
(6, 6, 11, .45, 0)
(6, 6, 11, .5, 0)
(6, 6, 11, .55, 0)
(6, 6, 11, .6, 0)
(6, 6, 11, .65, 0)
(6, 6, 11, .7, 0)
(6, 6, 11, .75, 0)
(6, 6, 11, .8, 0)
(6, 6, 11, .85, 0)
(6, 6, 11, .9, 0)
(6, 6, 11, .95, 0)
(6, 6, 11, 1, 0)
(6, 7, 1, 0, 1)
(6, 7, 1, .05, 1)
(6, 7, 1, .1, .420736)
(6, 7, 1, .15, .420736)
(6, 7, 1, .2, .108189)
(6, 7, 1, .25, .108189)
(6, 7, 1, .3, 0)
(6, 7, 1, .35, 0)
(6, 7, 1, .4, 0)
(6, 7, 1, .45, 0)
(6, 7, 1, .5, 0)
(6, 7, 1, .55, 0)
(6, 7, 1, .6, 0)
(6, 7, 1, .65, 0)
(6, 7, 1, .7, 0)
(6, 7, 1, .75, 0)
(6, 7, 1, .8, 0)
(6, 7, 1, .85, 0)
(6, 7, 1, .9, 0)
(6, 7, 1, .95, 0)
(6, 7, 1, 1, 0)
(6, 7, 2, 0, 1)
(6, 7, 2, .05, 1)
(6, 7, 2, .1, .381668)
(6, 7, 2, .15, .381668)
(6, 7, 2, .2, .0841473)
(6, 7, 2, .25, .0841473)
(6, 7, 2, .3, 0)
(6, 7, 2, .35, 0)
(6, 7, 2, .4, 0)
(6, 7, 2, .45, 0)
(6, 7, 2, .5, 0)
(6, 7, 2, .55, 0)
(6, 7, 2, .6, 0)
(6, 7, 2, .65, 0)
(6, 7, 2, .7, 0)
(6, 7, 2, .75, 0)
(6, 7, 2, .8, 0)
(6, 7, 2, .85, 0)
(6, 7, 2, .9, 0)
(6, 7, 2, .95, 0)
(6, 7, 2, 1, 0)
(6, 7, 3, 0, 1)
(6, 7, 3, .05, 1)
(6, 7, 3, .1, .3426)
(6, 7, 3, .15, .3426)
(6, 7, 3, .2, .0608565)
(6, 7, 3, .25, .0608565)
(6, 7, 3, .3, 0)
(6, 7, 3, .35, 0)
(6, 7, 3, .4, 0)
(6, 7, 3, .45, 0)
(6, 7, 3, .5, 0)
(6, 7, 3, .55, 0)
(6, 7, 3, .6, 0)
(6, 7, 3, .65, 0)
(6, 7, 3, .7, 0)
(6, 7, 3, .75, 0)
(6, 7, 3, .8, 0)
(6, 7, 3, .85, 0)
(6, 7, 3, .9, 0)
(6, 7, 3, .95, 0)
(6, 7, 3, 1, 0)
(6, 7, 4, 0, 1)
(6, 7, 4, .05, 1)
(6, 7, 4, .1, .303531)
(6, 7, 4, .15, .303531)
(6, 7, 4, .2, .0390684)
(6, 7, 4, .25, .0390684)
(6, 7, 4, .3, 0)
(6, 7, 4, .35, 0)
(6, 7, 4, .4, 0)
(6, 7, 4, .45, 0)
(6, 7, 4, .5, 0)
(6, 7, 4, .55, 0)
(6, 7, 4, .6, 0)
(6, 7, 4, .65, 0)
(6, 7, 4, .7, 0)
(6, 7, 4, .75, 0)
(6, 7, 4, .8, 0)
(6, 7, 4, .85, 0)
(6, 7, 4, .9, 0)
(6, 7, 4, .95, 0)
(6, 7, 4, 1, 0)
(6, 7, 5, 0, 1)
(6, 7, 5, .05, 1)
(6, 7, 5, .1, .270473)
(6, 7, 5, .15, .270473)
(6, 7, 5, .2, .0210368)
(6, 7, 5, .25, .0210368)
(6, 7, 5, .3, 0)
(6, 7, 5, .35, 0)
(6, 7, 5, .4, 0)
(6, 7, 5, .45, 0)
(6, 7, 5, .5, 0)
(6, 7, 5, .55, 0)
(6, 7, 5, .6, 0)
(6, 7, 5, .65, 0)
(6, 7, 5, .7, 0)
(6, 7, 5, .75, 0)
(6, 7, 5, .8, 0)
(6, 7, 5, .85, 0)
(6, 7, 5, .9, 0)
(6, 7, 5, .95, 0)
(6, 7, 5, 1, 0)
(6, 7, 6, 0, 1)
(6, 7, 6, .05, 1)
(6, 7, 6, .1, .237415)
(6, 7, 6, .15, .237415)
(6, 7, 6, .2, .00901578)
(6, 7, 6, .25, .00901578)
(6, 7, 6, .3, 0)
(6, 7, 6, .35, 0)
(6, 7, 6, .4, 0)
(6, 7, 6, .45, 0)
(6, 7, 6, .5, 0)
(6, 7, 6, .55, 0)
(6, 7, 6, .6, 0)
(6, 7, 6, .65, 0)
(6, 7, 6, .7, 0)
(6, 7, 6, .75, 0)
(6, 7, 6, .8, 0)
(6, 7, 6, .85, 0)
(6, 7, 6, .9, 0)
(6, 7, 6, .95, 0)
(6, 7, 6, 1, 0)
(6, 7, 7, 0, 1)
(6, 7, 7, .05, 1)
(6, 7, 7, .1, .204358)
(6, 7, 7, .15, .204358)
(6, 7, 7, .2, .00225394)
(6, 7, 7, .25, .00225394)
(6, 7, 7, .3, 0)
(6, 7, 7, .35, 0)
(6, 7, 7, .4, 0)
(6, 7, 7, .45, 0)
(6, 7, 7, .5, 0)
(6, 7, 7, .55, 0)
(6, 7, 7, .6, 0)
(6, 7, 7, .65, 0)
(6, 7, 7, .7, 0)
(6, 7, 7, .75, 0)
(6, 7, 7, .8, 0)
(6, 7, 7, .85, 0)
(6, 7, 7, .9, 0)
(6, 7, 7, .95, 0)
(6, 7, 7, 1, 0)
(6, 7, 8, 0, 1)
(6, 7, 8, .05, 1)
(6, 7, 8, .1, .172802)
(6, 7, 8, .15, .172802)
(6, 7, 8, .2, .000751315)
(6, 7, 8, .25, .000751315)
(6, 7, 8, .3, 0)
(6, 7, 8, .35, 0)
(6, 7, 8, .4, 0)
(6, 7, 8, .45, 0)
(6, 7, 8, .5, 0)
(6, 7, 8, .55, 0)
(6, 7, 8, .6, 0)
(6, 7, 8, .65, 0)
(6, 7, 8, .7, 0)
(6, 7, 8, .75, 0)
(6, 7, 8, .8, 0)
(6, 7, 8, .85, 0)
(6, 7, 8, .9, 0)
(6, 7, 8, .95, 0)
(6, 7, 8, 1, 0)
(6, 7, 9, 0, 1)
(6, 7, 9, .05, 1)
(6, 7, 9, .1, .147258)
(6, 7, 9, .15, .147258)
(6, 7, 9, .2, 0)
(6, 7, 9, .25, 0)
(6, 7, 9, .3, 0)
(6, 7, 9, .35, 0)
(6, 7, 9, .4, 0)
(6, 7, 9, .45, 0)
(6, 7, 9, .5, 0)
(6, 7, 9, .55, 0)
(6, 7, 9, .6, 0)
(6, 7, 9, .65, 0)
(6, 7, 9, .7, 0)
(6, 7, 9, .75, 0)
(6, 7, 9, .8, 0)
(6, 7, 9, .85, 0)
(6, 7, 9, .9, 0)
(6, 7, 9, .95, 0)
(6, 7, 9, 1, 0)
(6, 7, 10, 0, 1)
(6, 7, 10, .05, 1)
(6, 7, 10, .1, .123216)
(6, 7, 10, .15, .123216)
(6, 7, 10, .2, 0)
(6, 7, 10, .25, 0)
(6, 7, 10, .3, 0)
(6, 7, 10, .35, 0)
(6, 7, 10, .4, 0)
(6, 7, 10, .45, 0)
(6, 7, 10, .5, 0)
(6, 7, 10, .55, 0)
(6, 7, 10, .6, 0)
(6, 7, 10, .65, 0)
(6, 7, 10, .7, 0)
(6, 7, 10, .75, 0)
(6, 7, 10, .8, 0)
(6, 7, 10, .85, 0)
(6, 7, 10, .9, 0)
(6, 7, 10, .95, 0)
(6, 7, 10, 1, 0)
(6, 7, 11, 0, 1)
(6, 7, 11, .05, 1)
(6, 7, 11, .1, 0)
(6, 7, 11, .15, 0)
(6, 7, 11, .2, 0)
(6, 7, 11, .25, 0)
(6, 7, 11, .3, 0)
(6, 7, 11, .35, 0)
(6, 7, 11, .4, 0)
(6, 7, 11, .45, 0)
(6, 7, 11, .5, 0)
(6, 7, 11, .55, 0)
(6, 7, 11, .6, 0)
(6, 7, 11, .65, 0)
(6, 7, 11, .7, 0)
(6, 7, 11, .75, 0)
(6, 7, 11, .8, 0)
(6, 7, 11, .85, 0)
(6, 7, 11, .9, 0)
(6, 7, 11, .95, 0)
(6, 7, 11, 1, 0)
(6, 8, 1, 0, 1)
(6, 8, 1, .05, 1)
(6, 8, 1, .1, .360631)
(6, 8, 1, .15, .360631)
(6, 8, 1, .2, .0608565)
(6, 8, 1, .25, .0608565)
(6, 8, 1, .3, 0)
(6, 8, 1, .35, 0)
(6, 8, 1, .4, 0)
(6, 8, 1, .45, 0)
(6, 8, 1, .5, 0)
(6, 8, 1, .55, 0)
(6, 8, 1, .6, 0)
(6, 8, 1, .65, 0)
(6, 8, 1, .7, 0)
(6, 8, 1, .75, 0)
(6, 8, 1, .8, 0)
(6, 8, 1, .85, 0)
(6, 8, 1, .9, 0)
(6, 8, 1, .95, 0)
(6, 8, 1, 1, 0)
(6, 8, 2, 0, 1)
(6, 8, 2, .05, 1)
(6, 8, 2, .1, .326822)
(6, 8, 2, .15, .326822)
(6, 8, 2, .2, .0473328)
(6, 8, 2, .25, .0473328)
(6, 8, 2, .3, 0)
(6, 8, 2, .35, 0)
(6, 8, 2, .4, 0)
(6, 8, 2, .45, 0)
(6, 8, 2, .5, 0)
(6, 8, 2, .55, 0)
(6, 8, 2, .6, 0)
(6, 8, 2, .65, 0)
(6, 8, 2, .7, 0)
(6, 8, 2, .75, 0)
(6, 8, 2, .8, 0)
(6, 8, 2, .85, 0)
(6, 8, 2, .9, 0)
(6, 8, 2, .95, 0)
(6, 8, 2, 1, 0)
(6, 8, 3, 0, 1)
(6, 8, 3, .05, 1)
(6, 8, 3, .1, .293013)
(6, 8, 3, .15, .293013)
(6, 8, 3, .2, .0338092)
(6, 8, 3, .25, .0338092)
(6, 8, 3, .3, 0)
(6, 8, 3, .35, 0)
(6, 8, 3, .4, 0)
(6, 8, 3, .45, 0)
(6, 8, 3, .5, 0)
(6, 8, 3, .55, 0)
(6, 8, 3, .6, 0)
(6, 8, 3, .65, 0)
(6, 8, 3, .7, 0)
(6, 8, 3, .75, 0)
(6, 8, 3, .8, 0)
(6, 8, 3, .85, 0)
(6, 8, 3, .9, 0)
(6, 8, 3, .95, 0)
(6, 8, 3, 1, 0)
(6, 8, 4, 0, 1)
(6, 8, 4, .05, 1)
(6, 8, 4, .1, .259204)
(6, 8, 4, .15, .259204)
(6, 8, 4, .2, .0210368)
(6, 8, 4, .25, .0210368)
(6, 8, 4, .3, 0)
(6, 8, 4, .35, 0)
(6, 8, 4, .4, 0)
(6, 8, 4, .45, 0)
(6, 8, 4, .5, 0)
(6, 8, 4, .55, 0)
(6, 8, 4, .6, 0)
(6, 8, 4, .65, 0)
(6, 8, 4, .7, 0)
(6, 8, 4, .75, 0)
(6, 8, 4, .8, 0)
(6, 8, 4, .85, 0)
(6, 8, 4, .9, 0)
(6, 8, 4, .95, 0)
(6, 8, 4, 1, 0)
(6, 8, 5, 0, 1)
(6, 8, 5, .05, 1)
(6, 8, 5, .1, .229902)
(6, 8, 5, .15, .229902)
(6, 8, 5, .2, .0105184)
(6, 8, 5, .25, .0105184)
(6, 8, 5, .3, 0)
(6, 8, 5, .35, 0)
(6, 8, 5, .4, 0)
(6, 8, 5, .45, 0)
(6, 8, 5, .5, 0)
(6, 8, 5, .55, 0)
(6, 8, 5, .6, 0)
(6, 8, 5, .65, 0)
(6, 8, 5, .7, 0)
(6, 8, 5, .75, 0)
(6, 8, 5, .8, 0)
(6, 8, 5, .85, 0)
(6, 8, 5, .9, 0)
(6, 8, 5, .95, 0)
(6, 8, 5, 1, 0)
(6, 8, 6, 0, 1)
(6, 8, 6, .05, 1)
(6, 8, 6, .1, .201352)
(6, 8, 6, .15, .201352)
(6, 8, 6, .2, .00375657)
(6, 8, 6, .25, .00375657)
(6, 8, 6, .3, 0)
(6, 8, 6, .35, 0)
(6, 8, 6, .4, 0)
(6, 8, 6, .45, 0)
(6, 8, 6, .5, 0)
(6, 8, 6, .55, 0)
(6, 8, 6, .6, 0)
(6, 8, 6, .65, 0)
(6, 8, 6, .7, 0)
(6, 8, 6, .75, 0)
(6, 8, 6, .8, 0)
(6, 8, 6, .85, 0)
(6, 8, 6, .9, 0)
(6, 8, 6, .95, 0)
(6, 8, 6, 1, 0)
(6, 8, 7, 0, 1)
(6, 8, 7, .05, 1)
(6, 8, 7, .1, .172802)
(6, 8, 7, .15, .172802)
(6, 8, 7, .2, .000751315)
(6, 8, 7, .25, .000751315)
(6, 8, 7, .3, 0)
(6, 8, 7, .35, 0)
(6, 8, 7, .4, 0)
(6, 8, 7, .45, 0)
(6, 8, 7, .5, 0)
(6, 8, 7, .55, 0)
(6, 8, 7, .6, 0)
(6, 8, 7, .65, 0)
(6, 8, 7, .7, 0)
(6, 8, 7, .75, 0)
(6, 8, 7, .8, 0)
(6, 8, 7, .85, 0)
(6, 8, 7, .9, 0)
(6, 8, 7, .95, 0)
(6, 8, 7, 1, 0)
(6, 8, 8, 0, 1)
(6, 8, 8, .05, 1)
(6, 8, 8, .1, .145755)
(6, 8, 8, .15, .145755)
(6, 8, 8, .2, 0)
(6, 8, 8, .25, 0)
(6, 8, 8, .3, 0)
(6, 8, 8, .35, 0)
(6, 8, 8, .4, 0)
(6, 8, 8, .45, 0)
(6, 8, 8, .5, 0)
(6, 8, 8, .55, 0)
(6, 8, 8, .6, 0)
(6, 8, 8, .65, 0)
(6, 8, 8, .7, 0)
(6, 8, 8, .75, 0)
(6, 8, 8, .8, 0)
(6, 8, 8, .85, 0)
(6, 8, 8, .9, 0)
(6, 8, 8, .95, 0)
(6, 8, 8, 1, 0)
(6, 8, 9, 0, 1)
(6, 8, 9, .05, 1)
(6, 8, 9, .1, .123216)
(6, 8, 9, .15, .123216)
(6, 8, 9, .2, 0)
(6, 8, 9, .25, 0)
(6, 8, 9, .3, 0)
(6, 8, 9, .35, 0)
(6, 8, 9, .4, 0)
(6, 8, 9, .45, 0)
(6, 8, 9, .5, 0)
(6, 8, 9, .55, 0)
(6, 8, 9, .6, 0)
(6, 8, 9, .65, 0)
(6, 8, 9, .7, 0)
(6, 8, 9, .75, 0)
(6, 8, 9, .8, 0)
(6, 8, 9, .85, 0)
(6, 8, 9, .9, 0)
(6, 8, 9, .95, 0)
(6, 8, 9, 1, 0)
(6, 8, 10, 0, 1)
(6, 8, 10, .05, 1)
(6, 8, 10, .1, .10293)
(6, 8, 10, .15, .10293)
(6, 8, 10, .2, 0)
(6, 8, 10, .25, 0)
(6, 8, 10, .3, 0)
(6, 8, 10, .35, 0)
(6, 8, 10, .4, 0)
(6, 8, 10, .45, 0)
(6, 8, 10, .5, 0)
(6, 8, 10, .55, 0)
(6, 8, 10, .6, 0)
(6, 8, 10, .65, 0)
(6, 8, 10, .7, 0)
(6, 8, 10, .75, 0)
(6, 8, 10, .8, 0)
(6, 8, 10, .85, 0)
(6, 8, 10, .9, 0)
(6, 8, 10, .95, 0)
(6, 8, 10, 1, 0)
(6, 8, 11, 0, 1)
(6, 8, 11, .05, 1)
(6, 8, 11, .1, 0)
(6, 8, 11, .15, 0)
(6, 8, 11, .2, 0)
(6, 8, 11, .25, 0)
(6, 8, 11, .3, 0)
(6, 8, 11, .35, 0)
(6, 8, 11, .4, 0)
(6, 8, 11, .45, 0)
(6, 8, 11, .5, 0)
(6, 8, 11, .55, 0)
(6, 8, 11, .6, 0)
(6, 8, 11, .65, 0)
(6, 8, 11, .7, 0)
(6, 8, 11, .75, 0)
(6, 8, 11, .8, 0)
(6, 8, 11, .85, 0)
(6, 8, 11, .9, 0)
(6, 8, 11, .95, 0)
(6, 8, 11, 1, 0)
(6, 9, 1, 0, 1)
(6, 9, 1, .05, 1)
(6, 9, 1, .1, .315552)
(6, 9, 1, .15, .315552)
(6, 9, 1, .2, .0270473)
(6, 9, 1, .25, .0270473)
(6, 9, 1, .3, 0)
(6, 9, 1, .35, 0)
(6, 9, 1, .4, 0)
(6, 9, 1, .45, 0)
(6, 9, 1, .5, 0)
(6, 9, 1, .55, 0)
(6, 9, 1, .6, 0)
(6, 9, 1, .65, 0)
(6, 9, 1, .7, 0)
(6, 9, 1, .75, 0)
(6, 9, 1, .8, 0)
(6, 9, 1, .85, 0)
(6, 9, 1, .9, 0)
(6, 9, 1, .95, 0)
(6, 9, 1, 1, 0)
(6, 9, 2, 0, 1)
(6, 9, 2, .05, 1)
(6, 9, 2, .1, .2855)
(6, 9, 2, .15, .2855)
(6, 9, 2, .2, .0210368)
(6, 9, 2, .25, .0210368)
(6, 9, 2, .3, 0)
(6, 9, 2, .35, 0)
(6, 9, 2, .4, 0)
(6, 9, 2, .45, 0)
(6, 9, 2, .5, 0)
(6, 9, 2, .55, 0)
(6, 9, 2, .6, 0)
(6, 9, 2, .65, 0)
(6, 9, 2, .7, 0)
(6, 9, 2, .75, 0)
(6, 9, 2, .8, 0)
(6, 9, 2, .85, 0)
(6, 9, 2, .9, 0)
(6, 9, 2, .95, 0)
(6, 9, 2, 1, 0)
(6, 9, 3, 0, 1)
(6, 9, 3, .05, 1)
(6, 9, 3, .1, .255447)
(6, 9, 3, .15, .255447)
(6, 9, 3, .2, .0150263)
(6, 9, 3, .25, .0150263)
(6, 9, 3, .3, 0)
(6, 9, 3, .35, 0)
(6, 9, 3, .4, 0)
(6, 9, 3, .45, 0)
(6, 9, 3, .5, 0)
(6, 9, 3, .55, 0)
(6, 9, 3, .6, 0)
(6, 9, 3, .65, 0)
(6, 9, 3, .7, 0)
(6, 9, 3, .75, 0)
(6, 9, 3, .8, 0)
(6, 9, 3, .85, 0)
(6, 9, 3, .9, 0)
(6, 9, 3, .95, 0)
(6, 9, 3, 1, 0)
(6, 9, 4, 0, 1)
(6, 9, 4, .05, 1)
(6, 9, 4, .1, .225394)
(6, 9, 4, .15, .225394)
(6, 9, 4, .2, .00901578)
(6, 9, 4, .25, .00901578)
(6, 9, 4, .3, 0)
(6, 9, 4, .35, 0)
(6, 9, 4, .4, 0)
(6, 9, 4, .45, 0)
(6, 9, 4, .5, 0)
(6, 9, 4, .55, 0)
(6, 9, 4, .6, 0)
(6, 9, 4, .65, 0)
(6, 9, 4, .7, 0)
(6, 9, 4, .75, 0)
(6, 9, 4, .8, 0)
(6, 9, 4, .85, 0)
(6, 9, 4, .9, 0)
(6, 9, 4, .95, 0)
(6, 9, 4, 1, 0)
(6, 9, 5, 0, 1)
(6, 9, 5, .05, 1)
(6, 9, 5, .1, .198347)
(6, 9, 5, .15, .198347)
(6, 9, 5, .2, .00375657)
(6, 9, 5, .25, .00375657)
(6, 9, 5, .3, 0)
(6, 9, 5, .35, 0)
(6, 9, 5, .4, 0)
(6, 9, 5, .45, 0)
(6, 9, 5, .5, 0)
(6, 9, 5, .55, 0)
(6, 9, 5, .6, 0)
(6, 9, 5, .65, 0)
(6, 9, 5, .7, 0)
(6, 9, 5, .75, 0)
(6, 9, 5, .8, 0)
(6, 9, 5, .85, 0)
(6, 9, 5, .9, 0)
(6, 9, 5, .95, 0)
(6, 9, 5, 1, 0)
(6, 9, 6, 0, 1)
(6, 9, 6, .05, 1)
(6, 9, 6, .1, .172802)
(6, 9, 6, .15, .172802)
(6, 9, 6, .2, .000751315)
(6, 9, 6, .25, .000751315)
(6, 9, 6, .3, 0)
(6, 9, 6, .35, 0)
(6, 9, 6, .4, 0)
(6, 9, 6, .45, 0)
(6, 9, 6, .5, 0)
(6, 9, 6, .55, 0)
(6, 9, 6, .6, 0)
(6, 9, 6, .65, 0)
(6, 9, 6, .7, 0)
(6, 9, 6, .75, 0)
(6, 9, 6, .8, 0)
(6, 9, 6, .85, 0)
(6, 9, 6, .9, 0)
(6, 9, 6, .95, 0)
(6, 9, 6, 1, 0)
(6, 9, 7, 0, 1)
(6, 9, 7, .05, 1)
(6, 9, 7, .1, .147258)
(6, 9, 7, .15, .147258)
(6, 9, 7, .2, 0)
(6, 9, 7, .25, 0)
(6, 9, 7, .3, 0)
(6, 9, 7, .35, 0)
(6, 9, 7, .4, 0)
(6, 9, 7, .45, 0)
(6, 9, 7, .5, 0)
(6, 9, 7, .55, 0)
(6, 9, 7, .6, 0)
(6, 9, 7, .65, 0)
(6, 9, 7, .7, 0)
(6, 9, 7, .75, 0)
(6, 9, 7, .8, 0)
(6, 9, 7, .85, 0)
(6, 9, 7, .9, 0)
(6, 9, 7, .95, 0)
(6, 9, 7, 1, 0)
(6, 9, 8, 0, 1)
(6, 9, 8, .05, 1)
(6, 9, 8, .1, .123216)
(6, 9, 8, .15, .123216)
(6, 9, 8, .2, 0)
(6, 9, 8, .25, 0)
(6, 9, 8, .3, 0)
(6, 9, 8, .35, 0)
(6, 9, 8, .4, 0)
(6, 9, 8, .45, 0)
(6, 9, 8, .5, 0)
(6, 9, 8, .55, 0)
(6, 9, 8, .6, 0)
(6, 9, 8, .65, 0)
(6, 9, 8, .7, 0)
(6, 9, 8, .75, 0)
(6, 9, 8, .8, 0)
(6, 9, 8, .85, 0)
(6, 9, 8, .9, 0)
(6, 9, 8, .95, 0)
(6, 9, 8, 1, 0)
(6, 9, 9, 0, 1)
(6, 9, 9, .05, 1)
(6, 9, 9, .1, .102179)
(6, 9, 9, .15, .102179)
(6, 9, 9, .2, 0)
(6, 9, 9, .25, 0)
(6, 9, 9, .3, 0)
(6, 9, 9, .35, 0)
(6, 9, 9, .4, 0)
(6, 9, 9, .45, 0)
(6, 9, 9, .5, 0)
(6, 9, 9, .55, 0)
(6, 9, 9, .6, 0)
(6, 9, 9, .65, 0)
(6, 9, 9, .7, 0)
(6, 9, 9, .75, 0)
(6, 9, 9, .8, 0)
(6, 9, 9, .85, 0)
(6, 9, 9, .9, 0)
(6, 9, 9, .95, 0)
(6, 9, 9, 1, 0)
(6, 9, 10, 0, 1)
(6, 9, 10, .05, 1)
(6, 9, 10, .1, .0841473)
(6, 9, 10, .15, .0841473)
(6, 9, 10, .2, 0)
(6, 9, 10, .25, 0)
(6, 9, 10, .3, 0)
(6, 9, 10, .35, 0)
(6, 9, 10, .4, 0)
(6, 9, 10, .45, 0)
(6, 9, 10, .5, 0)
(6, 9, 10, .55, 0)
(6, 9, 10, .6, 0)
(6, 9, 10, .65, 0)
(6, 9, 10, .7, 0)
(6, 9, 10, .75, 0)
(6, 9, 10, .8, 0)
(6, 9, 10, .85, 0)
(6, 9, 10, .9, 0)
(6, 9, 10, .95, 0)
(6, 9, 10, 1, 0)
(6, 9, 11, 0, 1)
(6, 9, 11, .05, 1)
(6, 9, 11, .1, 0)
(6, 9, 11, .15, 0)
(6, 9, 11, .2, 0)
(6, 9, 11, .25, 0)
(6, 9, 11, .3, 0)
(6, 9, 11, .35, 0)
(6, 9, 11, .4, 0)
(6, 9, 11, .45, 0)
(6, 9, 11, .5, 0)
(6, 9, 11, .55, 0)
(6, 9, 11, .6, 0)
(6, 9, 11, .65, 0)
(6, 9, 11, .7, 0)
(6, 9, 11, .75, 0)
(6, 9, 11, .8, 0)
(6, 9, 11, .85, 0)
(6, 9, 11, .9, 0)
(6, 9, 11, .95, 0)
(6, 9, 11, 1, 0)
(6, 10, 1, 0, 1)
(6, 10, 1, .05, 1)
(6, 10, 1, .1, .270473)
(6, 10, 1, .15, .270473)
(6, 10, 1, .2, .00676183)
(6, 10, 1, .25, .00676183)
(6, 10, 1, .3, 0)
(6, 10, 1, .35, 0)
(6, 10, 1, .4, 0)
(6, 10, 1, .45, 0)
(6, 10, 1, .5, 0)
(6, 10, 1, .55, 0)
(6, 10, 1, .6, 0)
(6, 10, 1, .65, 0)
(6, 10, 1, .7, 0)
(6, 10, 1, .75, 0)
(6, 10, 1, .8, 0)
(6, 10, 1, .85, 0)
(6, 10, 1, .9, 0)
(6, 10, 1, .95, 0)
(6, 10, 1, 1, 0)
(6, 10, 2, 0, 1)
(6, 10, 2, .05, 1)
(6, 10, 2, .1, .244177)
(6, 10, 2, .15, .244177)
(6, 10, 2, .2, .0052592)
(6, 10, 2, .25, .0052592)
(6, 10, 2, .3, 0)
(6, 10, 2, .35, 0)
(6, 10, 2, .4, 0)
(6, 10, 2, .45, 0)
(6, 10, 2, .5, 0)
(6, 10, 2, .55, 0)
(6, 10, 2, .6, 0)
(6, 10, 2, .65, 0)
(6, 10, 2, .7, 0)
(6, 10, 2, .75, 0)
(6, 10, 2, .8, 0)
(6, 10, 2, .85, 0)
(6, 10, 2, .9, 0)
(6, 10, 2, .95, 0)
(6, 10, 2, 1, 0)
(6, 10, 3, 0, 1)
(6, 10, 3, .05, 1)
(6, 10, 3, .1, .217881)
(6, 10, 3, .15, .217881)
(6, 10, 3, .2, .00375657)
(6, 10, 3, .25, .00375657)
(6, 10, 3, .3, 0)
(6, 10, 3, .35, 0)
(6, 10, 3, .4, 0)
(6, 10, 3, .45, 0)
(6, 10, 3, .5, 0)
(6, 10, 3, .55, 0)
(6, 10, 3, .6, 0)
(6, 10, 3, .65, 0)
(6, 10, 3, .7, 0)
(6, 10, 3, .75, 0)
(6, 10, 3, .8, 0)
(6, 10, 3, .85, 0)
(6, 10, 3, .9, 0)
(6, 10, 3, .95, 0)
(6, 10, 3, 1, 0)
(6, 10, 4, 0, 1)
(6, 10, 4, .05, 1)
(6, 10, 4, .1, .192337)
(6, 10, 4, .15, .192337)
(6, 10, 4, .2, .00225394)
(6, 10, 4, .25, .00225394)
(6, 10, 4, .3, 0)
(6, 10, 4, .35, 0)
(6, 10, 4, .4, 0)
(6, 10, 4, .45, 0)
(6, 10, 4, .5, 0)
(6, 10, 4, .55, 0)
(6, 10, 4, .6, 0)
(6, 10, 4, .65, 0)
(6, 10, 4, .7, 0)
(6, 10, 4, .75, 0)
(6, 10, 4, .8, 0)
(6, 10, 4, .85, 0)
(6, 10, 4, .9, 0)
(6, 10, 4, .95, 0)
(6, 10, 4, 1, 0)
(6, 10, 5, 0, 1)
(6, 10, 5, .05, 1)
(6, 10, 5, .1, .168295)
(6, 10, 5, .15, .168295)
(6, 10, 5, .2, .000751315)
(6, 10, 5, .25, .000751315)
(6, 10, 5, .3, 0)
(6, 10, 5, .35, 0)
(6, 10, 5, .4, 0)
(6, 10, 5, .45, 0)
(6, 10, 5, .5, 0)
(6, 10, 5, .55, 0)
(6, 10, 5, .6, 0)
(6, 10, 5, .65, 0)
(6, 10, 5, .7, 0)
(6, 10, 5, .75, 0)
(6, 10, 5, .8, 0)
(6, 10, 5, .85, 0)
(6, 10, 5, .9, 0)
(6, 10, 5, .95, 0)
(6, 10, 5, 1, 0)
(6, 10, 6, 0, 1)
(6, 10, 6, .05, 1)
(6, 10, 6, .1, .145755)
(6, 10, 6, .15, .145755)
(6, 10, 6, .2, 0)
(6, 10, 6, .25, 0)
(6, 10, 6, .3, 0)
(6, 10, 6, .35, 0)
(6, 10, 6, .4, 0)
(6, 10, 6, .45, 0)
(6, 10, 6, .5, 0)
(6, 10, 6, .55, 0)
(6, 10, 6, .6, 0)
(6, 10, 6, .65, 0)
(6, 10, 6, .7, 0)
(6, 10, 6, .75, 0)
(6, 10, 6, .8, 0)
(6, 10, 6, .85, 0)
(6, 10, 6, .9, 0)
(6, 10, 6, .95, 0)
(6, 10, 6, 1, 0)
(6, 10, 7, 0, 1)
(6, 10, 7, .05, 1)
(6, 10, 7, .1, .123216)
(6, 10, 7, .15, .123216)
(6, 10, 7, .2, 0)
(6, 10, 7, .25, 0)
(6, 10, 7, .3, 0)
(6, 10, 7, .35, 0)
(6, 10, 7, .4, 0)
(6, 10, 7, .45, 0)
(6, 10, 7, .5, 0)
(6, 10, 7, .55, 0)
(6, 10, 7, .6, 0)
(6, 10, 7, .65, 0)
(6, 10, 7, .7, 0)
(6, 10, 7, .75, 0)
(6, 10, 7, .8, 0)
(6, 10, 7, .85, 0)
(6, 10, 7, .9, 0)
(6, 10, 7, .95, 0)
(6, 10, 7, 1, 0)
(6, 10, 8, 0, 1)
(6, 10, 8, .05, 1)
(6, 10, 8, .1, .10293)
(6, 10, 8, .15, .10293)
(6, 10, 8, .2, 0)
(6, 10, 8, .25, 0)
(6, 10, 8, .3, 0)
(6, 10, 8, .35, 0)
(6, 10, 8, .4, 0)
(6, 10, 8, .45, 0)
(6, 10, 8, .5, 0)
(6, 10, 8, .55, 0)
(6, 10, 8, .6, 0)
(6, 10, 8, .65, 0)
(6, 10, 8, .7, 0)
(6, 10, 8, .75, 0)
(6, 10, 8, .8, 0)
(6, 10, 8, .85, 0)
(6, 10, 8, .9, 0)
(6, 10, 8, .95, 0)
(6, 10, 8, 1, 0)
(6, 10, 9, 0, 1)
(6, 10, 9, .05, 1)
(6, 10, 9, .1, .0841473)
(6, 10, 9, .15, .0841473)
(6, 10, 9, .2, 0)
(6, 10, 9, .25, 0)
(6, 10, 9, .3, 0)
(6, 10, 9, .35, 0)
(6, 10, 9, .4, 0)
(6, 10, 9, .45, 0)
(6, 10, 9, .5, 0)
(6, 10, 9, .55, 0)
(6, 10, 9, .6, 0)
(6, 10, 9, .65, 0)
(6, 10, 9, .7, 0)
(6, 10, 9, .75, 0)
(6, 10, 9, .8, 0)
(6, 10, 9, .85, 0)
(6, 10, 9, .9, 0)
(6, 10, 9, .95, 0)
(6, 10, 9, 1, 0)
(6, 10, 10, 0, 1)
(6, 10, 10, .05, 1)
(6, 10, 10, .1, .0683696)
(6, 10, 10, .15, .0683696)
(6, 10, 10, .2, 0)
(6, 10, 10, .25, 0)
(6, 10, 10, .3, 0)
(6, 10, 10, .35, 0)
(6, 10, 10, .4, 0)
(6, 10, 10, .45, 0)
(6, 10, 10, .5, 0)
(6, 10, 10, .55, 0)
(6, 10, 10, .6, 0)
(6, 10, 10, .65, 0)
(6, 10, 10, .7, 0)
(6, 10, 10, .75, 0)
(6, 10, 10, .8, 0)
(6, 10, 10, .85, 0)
(6, 10, 10, .9, 0)
(6, 10, 10, .95, 0)
(6, 10, 10, 1, 0)
(6, 10, 11, 0, 1)
(6, 10, 11, .05, 1)
(6, 10, 11, .1, 0)
(6, 10, 11, .15, 0)
(6, 10, 11, .2, 0)
(6, 10, 11, .25, 0)
(6, 10, 11, .3, 0)
(6, 10, 11, .35, 0)
(6, 10, 11, .4, 0)
(6, 10, 11, .45, 0)
(6, 10, 11, .5, 0)
(6, 10, 11, .55, 0)
(6, 10, 11, .6, 0)
(6, 10, 11, .65, 0)
(6, 10, 11, .7, 0)
(6, 10, 11, .75, 0)
(6, 10, 11, .8, 0)
(6, 10, 11, .85, 0)
(6, 10, 11, .9, 0)
(6, 10, 11, .95, 0)
(6, 10, 11, 1, 0)
(6, 11, 1, 0, 1)
(6, 11, 1, .05, 1)
(6, 11, 1, .1, 0)
(6, 11, 1, .15, 0)
(6, 11, 1, .2, 0)
(6, 11, 1, .25, 0)
(6, 11, 1, .3, 0)
(6, 11, 1, .35, 0)
(6, 11, 1, .4, 0)
(6, 11, 1, .45, 0)
(6, 11, 1, .5, 0)
(6, 11, 1, .55, 0)
(6, 11, 1, .6, 0)
(6, 11, 1, .65, 0)
(6, 11, 1, .7, 0)
(6, 11, 1, .75, 0)
(6, 11, 1, .8, 0)
(6, 11, 1, .85, 0)
(6, 11, 1, .9, 0)
(6, 11, 1, .95, 0)
(6, 11, 1, 1, 0)
(6, 11, 2, 0, 1)
(6, 11, 2, .05, 1)
(6, 11, 2, .1, 0)
(6, 11, 2, .15, 0)
(6, 11, 2, .2, 0)
(6, 11, 2, .25, 0)
(6, 11, 2, .3, 0)
(6, 11, 2, .35, 0)
(6, 11, 2, .4, 0)
(6, 11, 2, .45, 0)
(6, 11, 2, .5, 0)
(6, 11, 2, .55, 0)
(6, 11, 2, .6, 0)
(6, 11, 2, .65, 0)
(6, 11, 2, .7, 0)
(6, 11, 2, .75, 0)
(6, 11, 2, .8, 0)
(6, 11, 2, .85, 0)
(6, 11, 2, .9, 0)
(6, 11, 2, .95, 0)
(6, 11, 2, 1, 0)
(6, 11, 3, 0, 1)
(6, 11, 3, .05, 1)
(6, 11, 3, .1, 0)
(6, 11, 3, .15, 0)
(6, 11, 3, .2, 0)
(6, 11, 3, .25, 0)
(6, 11, 3, .3, 0)
(6, 11, 3, .35, 0)
(6, 11, 3, .4, 0)
(6, 11, 3, .45, 0)
(6, 11, 3, .5, 0)
(6, 11, 3, .55, 0)
(6, 11, 3, .6, 0)
(6, 11, 3, .65, 0)
(6, 11, 3, .7, 0)
(6, 11, 3, .75, 0)
(6, 11, 3, .8, 0)
(6, 11, 3, .85, 0)
(6, 11, 3, .9, 0)
(6, 11, 3, .95, 0)
(6, 11, 3, 1, 0)
(6, 11, 4, 0, 1)
(6, 11, 4, .05, 1)
(6, 11, 4, .1, 0)
(6, 11, 4, .15, 0)
(6, 11, 4, .2, 0)
(6, 11, 4, .25, 0)
(6, 11, 4, .3, 0)
(6, 11, 4, .35, 0)
(6, 11, 4, .4, 0)
(6, 11, 4, .45, 0)
(6, 11, 4, .5, 0)
(6, 11, 4, .55, 0)
(6, 11, 4, .6, 0)
(6, 11, 4, .65, 0)
(6, 11, 4, .7, 0)
(6, 11, 4, .75, 0)
(6, 11, 4, .8, 0)
(6, 11, 4, .85, 0)
(6, 11, 4, .9, 0)
(6, 11, 4, .95, 0)
(6, 11, 4, 1, 0)
(6, 11, 5, 0, 1)
(6, 11, 5, .05, 1)
(6, 11, 5, .1, 0)
(6, 11, 5, .15, 0)
(6, 11, 5, .2, 0)
(6, 11, 5, .25, 0)
(6, 11, 5, .3, 0)
(6, 11, 5, .35, 0)
(6, 11, 5, .4, 0)
(6, 11, 5, .45, 0)
(6, 11, 5, .5, 0)
(6, 11, 5, .55, 0)
(6, 11, 5, .6, 0)
(6, 11, 5, .65, 0)
(6, 11, 5, .7, 0)
(6, 11, 5, .75, 0)
(6, 11, 5, .8, 0)
(6, 11, 5, .85, 0)
(6, 11, 5, .9, 0)
(6, 11, 5, .95, 0)
(6, 11, 5, 1, 0)
(6, 11, 6, 0, 1)
(6, 11, 6, .05, 1)
(6, 11, 6, .1, 0)
(6, 11, 6, .15, 0)
(6, 11, 6, .2, 0)
(6, 11, 6, .25, 0)
(6, 11, 6, .3, 0)
(6, 11, 6, .35, 0)
(6, 11, 6, .4, 0)
(6, 11, 6, .45, 0)
(6, 11, 6, .5, 0)
(6, 11, 6, .55, 0)
(6, 11, 6, .6, 0)
(6, 11, 6, .65, 0)
(6, 11, 6, .7, 0)
(6, 11, 6, .75, 0)
(6, 11, 6, .8, 0)
(6, 11, 6, .85, 0)
(6, 11, 6, .9, 0)
(6, 11, 6, .95, 0)
(6, 11, 6, 1, 0)
(6, 11, 7, 0, 1)
(6, 11, 7, .05, 1)
(6, 11, 7, .1, 0)
(6, 11, 7, .15, 0)
(6, 11, 7, .2, 0)
(6, 11, 7, .25, 0)
(6, 11, 7, .3, 0)
(6, 11, 7, .35, 0)
(6, 11, 7, .4, 0)
(6, 11, 7, .45, 0)
(6, 11, 7, .5, 0)
(6, 11, 7, .55, 0)
(6, 11, 7, .6, 0)
(6, 11, 7, .65, 0)
(6, 11, 7, .7, 0)
(6, 11, 7, .75, 0)
(6, 11, 7, .8, 0)
(6, 11, 7, .85, 0)
(6, 11, 7, .9, 0)
(6, 11, 7, .95, 0)
(6, 11, 7, 1, 0)
(6, 11, 8, 0, 1)
(6, 11, 8, .05, 1)
(6, 11, 8, .1, 0)
(6, 11, 8, .15, 0)
(6, 11, 8, .2, 0)
(6, 11, 8, .25, 0)
(6, 11, 8, .3, 0)
(6, 11, 8, .35, 0)
(6, 11, 8, .4, 0)
(6, 11, 8, .45, 0)
(6, 11, 8, .5, 0)
(6, 11, 8, .55, 0)
(6, 11, 8, .6, 0)
(6, 11, 8, .65, 0)
(6, 11, 8, .7, 0)
(6, 11, 8, .75, 0)
(6, 11, 8, .8, 0)
(6, 11, 8, .85, 0)
(6, 11, 8, .9, 0)
(6, 11, 8, .95, 0)
(6, 11, 8, 1, 0)
(6, 11, 9, 0, 1)
(6, 11, 9, .05, 1)
(6, 11, 9, .1, 0)
(6, 11, 9, .15, 0)
(6, 11, 9, .2, 0)
(6, 11, 9, .25, 0)
(6, 11, 9, .3, 0)
(6, 11, 9, .35, 0)
(6, 11, 9, .4, 0)
(6, 11, 9, .45, 0)
(6, 11, 9, .5, 0)
(6, 11, 9, .55, 0)
(6, 11, 9, .6, 0)
(6, 11, 9, .65, 0)
(6, 11, 9, .7, 0)
(6, 11, 9, .75, 0)
(6, 11, 9, .8, 0)
(6, 11, 9, .85, 0)
(6, 11, 9, .9, 0)
(6, 11, 9, .95, 0)
(6, 11, 9, 1, 0)
(6, 11, 10, 0, 1)
(6, 11, 10, .05, 1)
(6, 11, 10, .1, 0)
(6, 11, 10, .15, 0)
(6, 11, 10, .2, 0)
(6, 11, 10, .25, 0)
(6, 11, 10, .3, 0)
(6, 11, 10, .35, 0)
(6, 11, 10, .4, 0)
(6, 11, 10, .45, 0)
(6, 11, 10, .5, 0)
(6, 11, 10, .55, 0)
(6, 11, 10, .6, 0)
(6, 11, 10, .65, 0)
(6, 11, 10, .7, 0)
(6, 11, 10, .75, 0)
(6, 11, 10, .8, 0)
(6, 11, 10, .85, 0)
(6, 11, 10, .9, 0)
(6, 11, 10, .95, 0)
(6, 11, 10, 1, 0)
(6, 11, 11, 0, 1)
(6, 11, 11, .05, 1)
(6, 11, 11, .1, 0)
(6, 11, 11, .15, 0)
(6, 11, 11, .2, 0)
(6, 11, 11, .25, 0)
(6, 11, 11, .3, 0)
(6, 11, 11, .35, 0)
(6, 11, 11, .4, 0)
(6, 11, 11, .45, 0)
(6, 11, 11, .5, 0)
(6, 11, 11, .55, 0)
(6, 11, 11, .6, 0)
(6, 11, 11, .65, 0)
(6, 11, 11, .7, 0)
(6, 11, 11, .75, 0)
(6, 11, 11, .8, 0)
(6, 11, 11, .85, 0)
(6, 11, 11, .9, 0)
(6, 11, 11, .95, 0)
(6, 11, 11, 1, 0)
(7, 1, 1, 0, 1)
(7, 1, 1, .05, 1)
(7, 1, 1, .1, .751315)
(7, 1, 1, .15, .751315)
(7, 1, 1, .2, .547708)
(7, 1, 1, .25, .547708)
(7, 1, 1, .3, .384673)
(7, 1, 1, .35, .384673)
(7, 1, 1, .4, .257701)
(7, 1, 1, .45, .257701)
(7, 1, 1, .5, .162284)
(7, 1, 1, .55, .0939144)
(7, 1, 1, .6, .0939144)
(7, 1, 1, .65, .0480841)
(7, 1, 1, .7, .0480841)
(7, 1, 1, .75, .0202855)
(7, 1, 1, .8, .0202855)
(7, 1, 1, .85, .00601052)
(7, 1, 1, .9, .00601052)
(7, 1, 1, .95, .000751315)
(7, 1, 1, 1, 0)
(7, 1, 2, 0, 1)
(7, 1, 2, .05, 1)
(7, 1, 2, .1, .676183)
(7, 1, 2, .15, .676183)
(7, 1, 2, .2, .432757)
(7, 1, 2, .25, .432757)
(7, 1, 2, .3, .252442)
(7, 1, 2, .35, .252442)
(7, 1, 2, .4, .13148)
(7, 1, 2, .45, .13148)
(7, 1, 2, .5, .0540947)
(7, 1, 2, .55, .0150263)
(7, 1, 2, .6, .0150263)
(7, 1, 2, .65, 0)
(7, 1, 2, .7, 0)
(7, 1, 2, .75, 0)
(7, 1, 2, .8, 0)
(7, 1, 2, .85, 0)
(7, 1, 2, .9, 0)
(7, 1, 2, .95, 0)
(7, 1, 2, 1, 0)
(7, 1, 3, 0, 1)
(7, 1, 3, .05, 1)
(7, 1, 3, .1, .601052)
(7, 1, 3, .15, .601052)
(7, 1, 3, .2, .33133)
(7, 1, 3, .25, .33133)
(7, 1, 3, .3, .144252)
(7, 1, 3, .35, .144252)
(7, 1, 3, .4, .0473328)
(7, 1, 3, .45, .0473328)
(7, 1, 3, .5, 0)
(7, 1, 3, .55, 0)
(7, 1, 3, .6, 0)
(7, 1, 3, .65, 0)
(7, 1, 3, .7, 0)
(7, 1, 3, .75, 0)
(7, 1, 3, .8, 0)
(7, 1, 3, .85, 0)
(7, 1, 3, .9, 0)
(7, 1, 3, .95, 0)
(7, 1, 3, 1, 0)
(7, 1, 4, 0, 1)
(7, 1, 4, .05, 1)
(7, 1, 4, .1, .540947)
(7, 1, 4, .15, .540947)
(7, 1, 4, .2, .243426)
(7, 1, 4, .25, .243426)
(7, 1, 4, .3, .0721262)
(7, 1, 4, .35, .0721262)
(7, 1, 4, .4, .0052592)
(7, 1, 4, .45, .0052592)
(7, 1, 4, .5, 0)
(7, 1, 4, .55, 0)
(7, 1, 4, .6, 0)
(7, 1, 4, .65, 0)
(7, 1, 4, .7, 0)
(7, 1, 4, .75, 0)
(7, 1, 4, .8, 0)
(7, 1, 4, .85, 0)
(7, 1, 4, .9, 0)
(7, 1, 4, .95, 0)
(7, 1, 4, 1, 0)
(7, 1, 5, 0, 1)
(7, 1, 5, .05, 1)
(7, 1, 5, .1, .480841)
(7, 1, 5, .15, .480841)
(7, 1, 5, .2, .169046)
(7, 1, 5, .25, .169046)
(7, 1, 5, .3, .0240421)
(7, 1, 5, .35, .0240421)
(7, 1, 5, .4, 0)
(7, 1, 5, .45, 0)
(7, 1, 5, .5, 0)
(7, 1, 5, .55, 0)
(7, 1, 5, .6, 0)
(7, 1, 5, .65, 0)
(7, 1, 5, .7, 0)
(7, 1, 5, .75, 0)
(7, 1, 5, .8, 0)
(7, 1, 5, .85, 0)
(7, 1, 5, .9, 0)
(7, 1, 5, .95, 0)
(7, 1, 5, 1, 0)
(7, 1, 6, 0, 1)
(7, 1, 6, .05, 1)
(7, 1, 6, .1, .420736)
(7, 1, 6, .15, .420736)
(7, 1, 6, .2, .108189)
(7, 1, 6, .25, .108189)
(7, 1, 6, .3, 0)
(7, 1, 6, .35, 0)
(7, 1, 6, .4, 0)
(7, 1, 6, .45, 0)
(7, 1, 6, .5, 0)
(7, 1, 6, .55, 0)
(7, 1, 6, .6, 0)
(7, 1, 6, .65, 0)
(7, 1, 6, .7, 0)
(7, 1, 6, .75, 0)
(7, 1, 6, .8, 0)
(7, 1, 6, .85, 0)
(7, 1, 6, .9, 0)
(7, 1, 6, .95, 0)
(7, 1, 6, 1, 0)
(7, 1, 7, 0, 1)
(7, 1, 7, .05, 1)
(7, 1, 7, .1, .360631)
(7, 1, 7, .15, .360631)
(7, 1, 7, .2, .0540947)
(7, 1, 7, .25, .0540947)
(7, 1, 7, .3, 0)
(7, 1, 7, .35, 0)
(7, 1, 7, .4, 0)
(7, 1, 7, .45, 0)
(7, 1, 7, .5, 0)
(7, 1, 7, .55, 0)
(7, 1, 7, .6, 0)
(7, 1, 7, .65, 0)
(7, 1, 7, .7, 0)
(7, 1, 7, .75, 0)
(7, 1, 7, .8, 0)
(7, 1, 7, .85, 0)
(7, 1, 7, .9, 0)
(7, 1, 7, .95, 0)
(7, 1, 7, 1, 0)
(7, 1, 8, 0, 1)
(7, 1, 8, .05, 1)
(7, 1, 8, .1, .315552)
(7, 1, 8, .15, .315552)
(7, 1, 8, .2, .0270473)
(7, 1, 8, .25, .0270473)
(7, 1, 8, .3, 0)
(7, 1, 8, .35, 0)
(7, 1, 8, .4, 0)
(7, 1, 8, .45, 0)
(7, 1, 8, .5, 0)
(7, 1, 8, .55, 0)
(7, 1, 8, .6, 0)
(7, 1, 8, .65, 0)
(7, 1, 8, .7, 0)
(7, 1, 8, .75, 0)
(7, 1, 8, .8, 0)
(7, 1, 8, .85, 0)
(7, 1, 8, .9, 0)
(7, 1, 8, .95, 0)
(7, 1, 8, 1, 0)
(7, 1, 9, 0, 1)
(7, 1, 9, .05, 1)
(7, 1, 9, .1, .270473)
(7, 1, 9, .15, .270473)
(7, 1, 9, .2, .00676183)
(7, 1, 9, .25, .00676183)
(7, 1, 9, .3, 0)
(7, 1, 9, .35, 0)
(7, 1, 9, .4, 0)
(7, 1, 9, .45, 0)
(7, 1, 9, .5, 0)
(7, 1, 9, .55, 0)
(7, 1, 9, .6, 0)
(7, 1, 9, .65, 0)
(7, 1, 9, .7, 0)
(7, 1, 9, .75, 0)
(7, 1, 9, .8, 0)
(7, 1, 9, .85, 0)
(7, 1, 9, .9, 0)
(7, 1, 9, .95, 0)
(7, 1, 9, 1, 0)
(7, 1, 10, 0, 1)
(7, 1, 10, .05, 1)
(7, 1, 10, .1, .225394)
(7, 1, 10, .15, .225394)
(7, 1, 10, .2, 0)
(7, 1, 10, .25, 0)
(7, 1, 10, .3, 0)
(7, 1, 10, .35, 0)
(7, 1, 10, .4, 0)
(7, 1, 10, .45, 0)
(7, 1, 10, .5, 0)
(7, 1, 10, .55, 0)
(7, 1, 10, .6, 0)
(7, 1, 10, .65, 0)
(7, 1, 10, .7, 0)
(7, 1, 10, .75, 0)
(7, 1, 10, .8, 0)
(7, 1, 10, .85, 0)
(7, 1, 10, .9, 0)
(7, 1, 10, .95, 0)
(7, 1, 10, 1, 0)
(7, 1, 11, 0, 1)
(7, 1, 11, .05, 1)
(7, 1, 11, .1, 0)
(7, 1, 11, .15, 0)
(7, 1, 11, .2, 0)
(7, 1, 11, .25, 0)
(7, 1, 11, .3, 0)
(7, 1, 11, .35, 0)
(7, 1, 11, .4, 0)
(7, 1, 11, .45, 0)
(7, 1, 11, .5, 0)
(7, 1, 11, .55, 0)
(7, 1, 11, .6, 0)
(7, 1, 11, .65, 0)
(7, 1, 11, .7, 0)
(7, 1, 11, .75, 0)
(7, 1, 11, .8, 0)
(7, 1, 11, .85, 0)
(7, 1, 11, .9, 0)
(7, 1, 11, .95, 0)
(7, 1, 11, 1, 0)
(7, 2, 1, 0, 1)
(7, 2, 1, .05, 1)
(7, 2, 1, .1, .676183)
(7, 2, 1, .15, .676183)
(7, 2, 1, .2, .432757)
(7, 2, 1, .25, .432757)
(7, 2, 1, .3, .252442)
(7, 2, 1, .35, .252442)
(7, 2, 1, .4, .13148)
(7, 2, 1, .45, .13148)
(7, 2, 1, .5, .0540947)
(7, 2, 1, .55, .0150263)
(7, 2, 1, .6, .0150263)
(7, 2, 1, .65, 0)
(7, 2, 1, .7, 0)
(7, 2, 1, .75, 0)
(7, 2, 1, .8, 0)
(7, 2, 1, .85, 0)
(7, 2, 1, .9, 0)
(7, 2, 1, .95, 0)
(7, 2, 1, 1, 0)
(7, 2, 2, 0, 1)
(7, 2, 2, .05, 1)
(7, 2, 2, .1, .608565)
(7, 2, 2, .15, .608565)
(7, 2, 2, .2, .341848)
(7, 2, 2, .25, .341848)
(7, 2, 2, .3, .165289)
(7, 2, 2, .35, .165289)
(7, 2, 2, .4, .0653644)
(7, 2, 2, .45, .0653644)
(7, 2, 2, .5, .0150263)
(7, 2, 2, .55, .000751315)
(7, 2, 2, .6, .000751315)
(7, 2, 2, .65, 0)
(7, 2, 2, .7, 0)
(7, 2, 2, .75, 0)
(7, 2, 2, .8, 0)
(7, 2, 2, .85, 0)
(7, 2, 2, .9, 0)
(7, 2, 2, .95, 0)
(7, 2, 2, 1, 0)
(7, 2, 3, 0, 1)
(7, 2, 3, .05, 1)
(7, 2, 3, .1, .540947)
(7, 2, 3, .15, .540947)
(7, 2, 3, .2, .261458)
(7, 2, 3, .25, .261458)
(7, 2, 3, .3, .093163)
(7, 2, 3, .35, .093163)
(7, 2, 3, .4, .0210368)
(7, 2, 3, .45, .0210368)
(7, 2, 3, .5, 0)
(7, 2, 3, .55, 0)
(7, 2, 3, .6, 0)
(7, 2, 3, .65, 0)
(7, 2, 3, .7, 0)
(7, 2, 3, .75, 0)
(7, 2, 3, .8, 0)
(7, 2, 3, .85, 0)
(7, 2, 3, .9, 0)
(7, 2, 3, .95, 0)
(7, 2, 3, 1, 0)
(7, 2, 4, 0, 1)
(7, 2, 4, .05, 1)
(7, 2, 4, .1, .486852)
(7, 2, 4, .15, .486852)
(7, 2, 4, .2, .191585)
(7, 2, 4, .25, .191585)
(7, 2, 4, .3, .0450789)
(7, 2, 4, .35, .0450789)
(7, 2, 4, .4, .00225394)
(7, 2, 4, .45, .00225394)
(7, 2, 4, .5, 0)
(7, 2, 4, .55, 0)
(7, 2, 4, .6, 0)
(7, 2, 4, .65, 0)
(7, 2, 4, .7, 0)
(7, 2, 4, .75, 0)
(7, 2, 4, .8, 0)
(7, 2, 4, .85, 0)
(7, 2, 4, .9, 0)
(7, 2, 4, .95, 0)
(7, 2, 4, 1, 0)
(7, 2, 5, 0, 1)
(7, 2, 5, .05, 1)
(7, 2, 5, .1, .432757)
(7, 2, 5, .15, .432757)
(7, 2, 5, .2, .132231)
(7, 2, 5, .25, .132231)
(7, 2, 5, .3, .0150263)
(7, 2, 5, .35, .0150263)
(7, 2, 5, .4, 0)
(7, 2, 5, .45, 0)
(7, 2, 5, .5, 0)
(7, 2, 5, .55, 0)
(7, 2, 5, .6, 0)
(7, 2, 5, .65, 0)
(7, 2, 5, .7, 0)
(7, 2, 5, .75, 0)
(7, 2, 5, .8, 0)
(7, 2, 5, .85, 0)
(7, 2, 5, .9, 0)
(7, 2, 5, .95, 0)
(7, 2, 5, 1, 0)
(7, 2, 6, 0, 1)
(7, 2, 6, .05, 1)
(7, 2, 6, .1, .378663)
(7, 2, 6, .15, .378663)
(7, 2, 6, .2, .0841473)
(7, 2, 6, .25, .0841473)
(7, 2, 6, .3, 0)
(7, 2, 6, .35, 0)
(7, 2, 6, .4, 0)
(7, 2, 6, .45, 0)
(7, 2, 6, .5, 0)
(7, 2, 6, .55, 0)
(7, 2, 6, .6, 0)
(7, 2, 6, .65, 0)
(7, 2, 6, .7, 0)
(7, 2, 6, .75, 0)
(7, 2, 6, .8, 0)
(7, 2, 6, .85, 0)
(7, 2, 6, .9, 0)
(7, 2, 6, .95, 0)
(7, 2, 6, 1, 0)
(7, 2, 7, 0, 1)
(7, 2, 7, .05, 1)
(7, 2, 7, .1, .324568)
(7, 2, 7, .15, .324568)
(7, 2, 7, .2, .0420736)
(7, 2, 7, .25, .0420736)
(7, 2, 7, .3, 0)
(7, 2, 7, .35, 0)
(7, 2, 7, .4, 0)
(7, 2, 7, .45, 0)
(7, 2, 7, .5, 0)
(7, 2, 7, .55, 0)
(7, 2, 7, .6, 0)
(7, 2, 7, .65, 0)
(7, 2, 7, .7, 0)
(7, 2, 7, .75, 0)
(7, 2, 7, .8, 0)
(7, 2, 7, .85, 0)
(7, 2, 7, .9, 0)
(7, 2, 7, .95, 0)
(7, 2, 7, 1, 0)
(7, 2, 8, 0, 1)
(7, 2, 8, .05, 1)
(7, 2, 8, .1, .283997)
(7, 2, 8, .15, .283997)
(7, 2, 8, .2, .0210368)
(7, 2, 8, .25, .0210368)
(7, 2, 8, .3, 0)
(7, 2, 8, .35, 0)
(7, 2, 8, .4, 0)
(7, 2, 8, .45, 0)
(7, 2, 8, .5, 0)
(7, 2, 8, .55, 0)
(7, 2, 8, .6, 0)
(7, 2, 8, .65, 0)
(7, 2, 8, .7, 0)
(7, 2, 8, .75, 0)
(7, 2, 8, .8, 0)
(7, 2, 8, .85, 0)
(7, 2, 8, .9, 0)
(7, 2, 8, .95, 0)
(7, 2, 8, 1, 0)
(7, 2, 9, 0, 1)
(7, 2, 9, .05, 1)
(7, 2, 9, .1, .243426)
(7, 2, 9, .15, .243426)
(7, 2, 9, .2, .0052592)
(7, 2, 9, .25, .0052592)
(7, 2, 9, .3, 0)
(7, 2, 9, .35, 0)
(7, 2, 9, .4, 0)
(7, 2, 9, .45, 0)
(7, 2, 9, .5, 0)
(7, 2, 9, .55, 0)
(7, 2, 9, .6, 0)
(7, 2, 9, .65, 0)
(7, 2, 9, .7, 0)
(7, 2, 9, .75, 0)
(7, 2, 9, .8, 0)
(7, 2, 9, .85, 0)
(7, 2, 9, .9, 0)
(7, 2, 9, .95, 0)
(7, 2, 9, 1, 0)
(7, 2, 10, 0, 1)
(7, 2, 10, .05, 1)
(7, 2, 10, .1, .202855)
(7, 2, 10, .15, .202855)
(7, 2, 10, .2, 0)
(7, 2, 10, .25, 0)
(7, 2, 10, .3, 0)
(7, 2, 10, .35, 0)
(7, 2, 10, .4, 0)
(7, 2, 10, .45, 0)
(7, 2, 10, .5, 0)
(7, 2, 10, .55, 0)
(7, 2, 10, .6, 0)
(7, 2, 10, .65, 0)
(7, 2, 10, .7, 0)
(7, 2, 10, .75, 0)
(7, 2, 10, .8, 0)
(7, 2, 10, .85, 0)
(7, 2, 10, .9, 0)
(7, 2, 10, .95, 0)
(7, 2, 10, 1, 0)
(7, 2, 11, 0, 1)
(7, 2, 11, .05, 1)
(7, 2, 11, .1, 0)
(7, 2, 11, .15, 0)
(7, 2, 11, .2, 0)
(7, 2, 11, .25, 0)
(7, 2, 11, .3, 0)
(7, 2, 11, .35, 0)
(7, 2, 11, .4, 0)
(7, 2, 11, .45, 0)
(7, 2, 11, .5, 0)
(7, 2, 11, .55, 0)
(7, 2, 11, .6, 0)
(7, 2, 11, .65, 0)
(7, 2, 11, .7, 0)
(7, 2, 11, .75, 0)
(7, 2, 11, .8, 0)
(7, 2, 11, .85, 0)
(7, 2, 11, .9, 0)
(7, 2, 11, .95, 0)
(7, 2, 11, 1, 0)
(7, 3, 1, 0, 1)
(7, 3, 1, .05, 1)
(7, 3, 1, .1, .601052)
(7, 3, 1, .15, .601052)
(7, 3, 1, .2, .33133)
(7, 3, 1, .25, .33133)
(7, 3, 1, .3, .144252)
(7, 3, 1, .35, .144252)
(7, 3, 1, .4, .0473328)
(7, 3, 1, .45, .0473328)
(7, 3, 1, .5, 0)
(7, 3, 1, .55, 0)
(7, 3, 1, .6, 0)
(7, 3, 1, .65, 0)
(7, 3, 1, .7, 0)
(7, 3, 1, .75, 0)
(7, 3, 1, .8, 0)
(7, 3, 1, .85, 0)
(7, 3, 1, .9, 0)
(7, 3, 1, .95, 0)
(7, 3, 1, 1, 0)
(7, 3, 2, 0, 1)
(7, 3, 2, .05, 1)
(7, 3, 2, .1, .540947)
(7, 3, 2, .15, .540947)
(7, 3, 2, .2, .261458)
(7, 3, 2, .25, .261458)
(7, 3, 2, .3, .093163)
(7, 3, 2, .35, .093163)
(7, 3, 2, .4, .0210368)
(7, 3, 2, .45, .0210368)
(7, 3, 2, .5, 0)
(7, 3, 2, .55, 0)
(7, 3, 2, .6, 0)
(7, 3, 2, .65, 0)
(7, 3, 2, .7, 0)
(7, 3, 2, .75, 0)
(7, 3, 2, .8, 0)
(7, 3, 2, .85, 0)
(7, 3, 2, .9, 0)
(7, 3, 2, .95, 0)
(7, 3, 2, 1, 0)
(7, 3, 3, 0, 1)
(7, 3, 3, .05, 1)
(7, 3, 3, .1, .480841)
(7, 3, 3, .15, .480841)
(7, 3, 3, .2, .199098)
(7, 3, 3, .25, .199098)
(7, 3, 3, .3, .0480841)
(7, 3, 3, .35, .0480841)
(7, 3, 3, .4, .00375657)
(7, 3, 3, .45, .00375657)
(7, 3, 3, .5, 0)
(7, 3, 3, .55, 0)
(7, 3, 3, .6, 0)
(7, 3, 3, .65, 0)
(7, 3, 3, .7, 0)
(7, 3, 3, .75, 0)
(7, 3, 3, .8, 0)
(7, 3, 3, .85, 0)
(7, 3, 3, .9, 0)
(7, 3, 3, .95, 0)
(7, 3, 3, 1, 0)
(7, 3, 4, 0, 1)
(7, 3, 4, .05, 1)
(7, 3, 4, .1, .432757)
(7, 3, 4, .15, .432757)
(7, 3, 4, .2, .144252)
(7, 3, 4, .25, .144252)
(7, 3, 4, .3, .0210368)
(7, 3, 4, .35, .0210368)
(7, 3, 4, .4, 0)
(7, 3, 4, .45, 0)
(7, 3, 4, .5, 0)
(7, 3, 4, .55, 0)
(7, 3, 4, .6, 0)
(7, 3, 4, .65, 0)
(7, 3, 4, .7, 0)
(7, 3, 4, .75, 0)
(7, 3, 4, .8, 0)
(7, 3, 4, .85, 0)
(7, 3, 4, .9, 0)
(7, 3, 4, .95, 0)
(7, 3, 4, 1, 0)
(7, 3, 5, 0, 1)
(7, 3, 5, .05, 1)
(7, 3, 5, .1, .384673)
(7, 3, 5, .15, .384673)
(7, 3, 5, .2, .0976709)
(7, 3, 5, .25, .0976709)
(7, 3, 5, .3, .00601052)
(7, 3, 5, .35, .00601052)
(7, 3, 5, .4, 0)
(7, 3, 5, .45, 0)
(7, 3, 5, .5, 0)
(7, 3, 5, .55, 0)
(7, 3, 5, .6, 0)
(7, 3, 5, .65, 0)
(7, 3, 5, .7, 0)
(7, 3, 5, .75, 0)
(7, 3, 5, .8, 0)
(7, 3, 5, .85, 0)
(7, 3, 5, .9, 0)
(7, 3, 5, .95, 0)
(7, 3, 5, 1, 0)
(7, 3, 6, 0, 1)
(7, 3, 6, .05, 1)
(7, 3, 6, .1, .336589)
(7, 3, 6, .15, .336589)
(7, 3, 6, .2, .0608565)
(7, 3, 6, .25, .0608565)
(7, 3, 6, .3, 0)
(7, 3, 6, .35, 0)
(7, 3, 6, .4, 0)
(7, 3, 6, .45, 0)
(7, 3, 6, .5, 0)
(7, 3, 6, .55, 0)
(7, 3, 6, .6, 0)
(7, 3, 6, .65, 0)
(7, 3, 6, .7, 0)
(7, 3, 6, .75, 0)
(7, 3, 6, .8, 0)
(7, 3, 6, .85, 0)
(7, 3, 6, .9, 0)
(7, 3, 6, .95, 0)
(7, 3, 6, 1, 0)
(7, 3, 7, 0, 1)
(7, 3, 7, .05, 1)
(7, 3, 7, .1, .288505)
(7, 3, 7, .15, .288505)
(7, 3, 7, .2, .0300526)
(7, 3, 7, .25, .0300526)
(7, 3, 7, .3, 0)
(7, 3, 7, .35, 0)
(7, 3, 7, .4, 0)
(7, 3, 7, .45, 0)
(7, 3, 7, .5, 0)
(7, 3, 7, .55, 0)
(7, 3, 7, .6, 0)
(7, 3, 7, .65, 0)
(7, 3, 7, .7, 0)
(7, 3, 7, .75, 0)
(7, 3, 7, .8, 0)
(7, 3, 7, .85, 0)
(7, 3, 7, .9, 0)
(7, 3, 7, .95, 0)
(7, 3, 7, 1, 0)
(7, 3, 8, 0, 1)
(7, 3, 8, .05, 1)
(7, 3, 8, .1, .252442)
(7, 3, 8, .15, .252442)
(7, 3, 8, .2, .0150263)
(7, 3, 8, .25, .0150263)
(7, 3, 8, .3, 0)
(7, 3, 8, .35, 0)
(7, 3, 8, .4, 0)
(7, 3, 8, .45, 0)
(7, 3, 8, .5, 0)
(7, 3, 8, .55, 0)
(7, 3, 8, .6, 0)
(7, 3, 8, .65, 0)
(7, 3, 8, .7, 0)
(7, 3, 8, .75, 0)
(7, 3, 8, .8, 0)
(7, 3, 8, .85, 0)
(7, 3, 8, .9, 0)
(7, 3, 8, .95, 0)
(7, 3, 8, 1, 0)
(7, 3, 9, 0, 1)
(7, 3, 9, .05, 1)
(7, 3, 9, .1, .216379)
(7, 3, 9, .15, .216379)
(7, 3, 9, .2, .00375657)
(7, 3, 9, .25, .00375657)
(7, 3, 9, .3, 0)
(7, 3, 9, .35, 0)
(7, 3, 9, .4, 0)
(7, 3, 9, .45, 0)
(7, 3, 9, .5, 0)
(7, 3, 9, .55, 0)
(7, 3, 9, .6, 0)
(7, 3, 9, .65, 0)
(7, 3, 9, .7, 0)
(7, 3, 9, .75, 0)
(7, 3, 9, .8, 0)
(7, 3, 9, .85, 0)
(7, 3, 9, .9, 0)
(7, 3, 9, .95, 0)
(7, 3, 9, 1, 0)
(7, 3, 10, 0, 1)
(7, 3, 10, .05, 1)
(7, 3, 10, .1, .180316)
(7, 3, 10, .15, .180316)
(7, 3, 10, .2, 0)
(7, 3, 10, .25, 0)
(7, 3, 10, .3, 0)
(7, 3, 10, .35, 0)
(7, 3, 10, .4, 0)
(7, 3, 10, .45, 0)
(7, 3, 10, .5, 0)
(7, 3, 10, .55, 0)
(7, 3, 10, .6, 0)
(7, 3, 10, .65, 0)
(7, 3, 10, .7, 0)
(7, 3, 10, .75, 0)
(7, 3, 10, .8, 0)
(7, 3, 10, .85, 0)
(7, 3, 10, .9, 0)
(7, 3, 10, .95, 0)
(7, 3, 10, 1, 0)
(7, 3, 11, 0, 1)
(7, 3, 11, .05, 1)
(7, 3, 11, .1, 0)
(7, 3, 11, .15, 0)
(7, 3, 11, .2, 0)
(7, 3, 11, .25, 0)
(7, 3, 11, .3, 0)
(7, 3, 11, .35, 0)
(7, 3, 11, .4, 0)
(7, 3, 11, .45, 0)
(7, 3, 11, .5, 0)
(7, 3, 11, .55, 0)
(7, 3, 11, .6, 0)
(7, 3, 11, .65, 0)
(7, 3, 11, .7, 0)
(7, 3, 11, .75, 0)
(7, 3, 11, .8, 0)
(7, 3, 11, .85, 0)
(7, 3, 11, .9, 0)
(7, 3, 11, .95, 0)
(7, 3, 11, 1, 0)
(7, 4, 1, 0, 1)
(7, 4, 1, .05, 1)
(7, 4, 1, .1, .540947)
(7, 4, 1, .15, .540947)
(7, 4, 1, .2, .243426)
(7, 4, 1, .25, .243426)
(7, 4, 1, .3, .0721262)
(7, 4, 1, .35, .0721262)
(7, 4, 1, .4, .0052592)
(7, 4, 1, .45, .0052592)
(7, 4, 1, .5, 0)
(7, 4, 1, .55, 0)
(7, 4, 1, .6, 0)
(7, 4, 1, .65, 0)
(7, 4, 1, .7, 0)
(7, 4, 1, .75, 0)
(7, 4, 1, .8, 0)
(7, 4, 1, .85, 0)
(7, 4, 1, .9, 0)
(7, 4, 1, .95, 0)
(7, 4, 1, 1, 0)
(7, 4, 2, 0, 1)
(7, 4, 2, .05, 1)
(7, 4, 2, .1, .486852)
(7, 4, 2, .15, .486852)
(7, 4, 2, .2, .191585)
(7, 4, 2, .25, .191585)
(7, 4, 2, .3, .0450789)
(7, 4, 2, .35, .0450789)
(7, 4, 2, .4, .00225394)
(7, 4, 2, .45, .00225394)
(7, 4, 2, .5, 0)
(7, 4, 2, .55, 0)
(7, 4, 2, .6, 0)
(7, 4, 2, .65, 0)
(7, 4, 2, .7, 0)
(7, 4, 2, .75, 0)
(7, 4, 2, .8, 0)
(7, 4, 2, .85, 0)
(7, 4, 2, .9, 0)
(7, 4, 2, .95, 0)
(7, 4, 2, 1, 0)
(7, 4, 3, 0, 1)
(7, 4, 3, .05, 1)
(7, 4, 3, .1, .432757)
(7, 4, 3, .15, .432757)
(7, 4, 3, .2, .144252)
(7, 4, 3, .25, .144252)
(7, 4, 3, .3, .0210368)
(7, 4, 3, .35, .0210368)
(7, 4, 3, .4, 0)
(7, 4, 3, .45, 0)
(7, 4, 3, .5, 0)
(7, 4, 3, .55, 0)
(7, 4, 3, .6, 0)
(7, 4, 3, .65, 0)
(7, 4, 3, .7, 0)
(7, 4, 3, .75, 0)
(7, 4, 3, .8, 0)
(7, 4, 3, .85, 0)
(7, 4, 3, .9, 0)
(7, 4, 3, .95, 0)
(7, 4, 3, 1, 0)
(7, 4, 4, 0, 1)
(7, 4, 4, .05, 1)
(7, 4, 4, .1, .389181)
(7, 4, 4, .15, .389181)
(7, 4, 4, .2, .102179)
(7, 4, 4, .25, .102179)
(7, 4, 4, .3, .00601052)
(7, 4, 4, .35, .00601052)
(7, 4, 4, .4, 0)
(7, 4, 4, .45, 0)
(7, 4, 4, .5, 0)
(7, 4, 4, .55, 0)
(7, 4, 4, .6, 0)
(7, 4, 4, .65, 0)
(7, 4, 4, .7, 0)
(7, 4, 4, .75, 0)
(7, 4, 4, .8, 0)
(7, 4, 4, .85, 0)
(7, 4, 4, .9, 0)
(7, 4, 4, .95, 0)
(7, 4, 4, 1, 0)
(7, 4, 5, 0, 1)
(7, 4, 5, .05, 1)
(7, 4, 5, .1, .345605)
(7, 4, 5, .15, .345605)
(7, 4, 5, .2, .066867)
(7, 4, 5, .25, .066867)
(7, 4, 5, .3, 0)
(7, 4, 5, .35, 0)
(7, 4, 5, .4, 0)
(7, 4, 5, .45, 0)
(7, 4, 5, .5, 0)
(7, 4, 5, .55, 0)
(7, 4, 5, .6, 0)
(7, 4, 5, .65, 0)
(7, 4, 5, .7, 0)
(7, 4, 5, .75, 0)
(7, 4, 5, .8, 0)
(7, 4, 5, .85, 0)
(7, 4, 5, .9, 0)
(7, 4, 5, .95, 0)
(7, 4, 5, 1, 0)
(7, 4, 6, 0, 1)
(7, 4, 6, .05, 1)
(7, 4, 6, .1, .302029)
(7, 4, 6, .15, .302029)
(7, 4, 6, .2, .0398197)
(7, 4, 6, .25, .0398197)
(7, 4, 6, .3, 0)
(7, 4, 6, .35, 0)
(7, 4, 6, .4, 0)
(7, 4, 6, .45, 0)
(7, 4, 6, .5, 0)
(7, 4, 6, .55, 0)
(7, 4, 6, .6, 0)
(7, 4, 6, .65, 0)
(7, 4, 6, .7, 0)
(7, 4, 6, .75, 0)
(7, 4, 6, .8, 0)
(7, 4, 6, .85, 0)
(7, 4, 6, .9, 0)
(7, 4, 6, .95, 0)
(7, 4, 6, 1, 0)
(7, 4, 7, 0, 1)
(7, 4, 7, .05, 1)
(7, 4, 7, .1, .258452)
(7, 4, 7, .15, .258452)
(7, 4, 7, .2, .0187829)
(7, 4, 7, .25, .0187829)
(7, 4, 7, .3, 0)
(7, 4, 7, .35, 0)
(7, 4, 7, .4, 0)
(7, 4, 7, .45, 0)
(7, 4, 7, .5, 0)
(7, 4, 7, .55, 0)
(7, 4, 7, .6, 0)
(7, 4, 7, .65, 0)
(7, 4, 7, .7, 0)
(7, 4, 7, .75, 0)
(7, 4, 7, .8, 0)
(7, 4, 7, .85, 0)
(7, 4, 7, .9, 0)
(7, 4, 7, .95, 0)
(7, 4, 7, 1, 0)
(7, 4, 8, 0, 1)
(7, 4, 8, .05, 1)
(7, 4, 8, .1, .225394)
(7, 4, 8, .15, .225394)
(7, 4, 8, .2, .00901578)
(7, 4, 8, .25, .00901578)
(7, 4, 8, .3, 0)
(7, 4, 8, .35, 0)
(7, 4, 8, .4, 0)
(7, 4, 8, .45, 0)
(7, 4, 8, .5, 0)
(7, 4, 8, .55, 0)
(7, 4, 8, .6, 0)
(7, 4, 8, .65, 0)
(7, 4, 8, .7, 0)
(7, 4, 8, .75, 0)
(7, 4, 8, .8, 0)
(7, 4, 8, .85, 0)
(7, 4, 8, .9, 0)
(7, 4, 8, .95, 0)
(7, 4, 8, 1, 0)
(7, 4, 9, 0, 1)
(7, 4, 9, .05, 1)
(7, 4, 9, .1, .192337)
(7, 4, 9, .15, .192337)
(7, 4, 9, .2, .00225394)
(7, 4, 9, .25, .00225394)
(7, 4, 9, .3, 0)
(7, 4, 9, .35, 0)
(7, 4, 9, .4, 0)
(7, 4, 9, .45, 0)
(7, 4, 9, .5, 0)
(7, 4, 9, .55, 0)
(7, 4, 9, .6, 0)
(7, 4, 9, .65, 0)
(7, 4, 9, .7, 0)
(7, 4, 9, .75, 0)
(7, 4, 9, .8, 0)
(7, 4, 9, .85, 0)
(7, 4, 9, .9, 0)
(7, 4, 9, .95, 0)
(7, 4, 9, 1, 0)
(7, 4, 10, 0, 1)
(7, 4, 10, .05, 1)
(7, 4, 10, .1, .159279)
(7, 4, 10, .15, .159279)
(7, 4, 10, .2, 0)
(7, 4, 10, .25, 0)
(7, 4, 10, .3, 0)
(7, 4, 10, .35, 0)
(7, 4, 10, .4, 0)
(7, 4, 10, .45, 0)
(7, 4, 10, .5, 0)
(7, 4, 10, .55, 0)
(7, 4, 10, .6, 0)
(7, 4, 10, .65, 0)
(7, 4, 10, .7, 0)
(7, 4, 10, .75, 0)
(7, 4, 10, .8, 0)
(7, 4, 10, .85, 0)
(7, 4, 10, .9, 0)
(7, 4, 10, .95, 0)
(7, 4, 10, 1, 0)
(7, 4, 11, 0, 1)
(7, 4, 11, .05, 1)
(7, 4, 11, .1, 0)
(7, 4, 11, .15, 0)
(7, 4, 11, .2, 0)
(7, 4, 11, .25, 0)
(7, 4, 11, .3, 0)
(7, 4, 11, .35, 0)
(7, 4, 11, .4, 0)
(7, 4, 11, .45, 0)
(7, 4, 11, .5, 0)
(7, 4, 11, .55, 0)
(7, 4, 11, .6, 0)
(7, 4, 11, .65, 0)
(7, 4, 11, .7, 0)
(7, 4, 11, .75, 0)
(7, 4, 11, .8, 0)
(7, 4, 11, .85, 0)
(7, 4, 11, .9, 0)
(7, 4, 11, .95, 0)
(7, 4, 11, 1, 0)
(7, 5, 1, 0, 1)
(7, 5, 1, .05, 1)
(7, 5, 1, .1, .480841)
(7, 5, 1, .15, .480841)
(7, 5, 1, .2, .169046)
(7, 5, 1, .25, .169046)
(7, 5, 1, .3, .0240421)
(7, 5, 1, .35, .0240421)
(7, 5, 1, .4, 0)
(7, 5, 1, .45, 0)
(7, 5, 1, .5, 0)
(7, 5, 1, .55, 0)
(7, 5, 1, .6, 0)
(7, 5, 1, .65, 0)
(7, 5, 1, .7, 0)
(7, 5, 1, .75, 0)
(7, 5, 1, .8, 0)
(7, 5, 1, .85, 0)
(7, 5, 1, .9, 0)
(7, 5, 1, .95, 0)
(7, 5, 1, 1, 0)
(7, 5, 2, 0, 1)
(7, 5, 2, .05, 1)
(7, 5, 2, .1, .432757)
(7, 5, 2, .15, .432757)
(7, 5, 2, .2, .132231)
(7, 5, 2, .25, .132231)
(7, 5, 2, .3, .0150263)
(7, 5, 2, .35, .0150263)
(7, 5, 2, .4, 0)
(7, 5, 2, .45, 0)
(7, 5, 2, .5, 0)
(7, 5, 2, .55, 0)
(7, 5, 2, .6, 0)
(7, 5, 2, .65, 0)
(7, 5, 2, .7, 0)
(7, 5, 2, .75, 0)
(7, 5, 2, .8, 0)
(7, 5, 2, .85, 0)
(7, 5, 2, .9, 0)
(7, 5, 2, .95, 0)
(7, 5, 2, 1, 0)
(7, 5, 3, 0, 1)
(7, 5, 3, .05, 1)
(7, 5, 3, .1, .384673)
(7, 5, 3, .15, .384673)
(7, 5, 3, .2, .0976709)
(7, 5, 3, .25, .0976709)
(7, 5, 3, .3, .00601052)
(7, 5, 3, .35, .00601052)
(7, 5, 3, .4, 0)
(7, 5, 3, .45, 0)
(7, 5, 3, .5, 0)
(7, 5, 3, .55, 0)
(7, 5, 3, .6, 0)
(7, 5, 3, .65, 0)
(7, 5, 3, .7, 0)
(7, 5, 3, .75, 0)
(7, 5, 3, .8, 0)
(7, 5, 3, .85, 0)
(7, 5, 3, .9, 0)
(7, 5, 3, .95, 0)
(7, 5, 3, 1, 0)
(7, 5, 4, 0, 1)
(7, 5, 4, .05, 1)
(7, 5, 4, .1, .345605)
(7, 5, 4, .15, .345605)
(7, 5, 4, .2, .066867)
(7, 5, 4, .25, .066867)
(7, 5, 4, .3, 0)
(7, 5, 4, .35, 0)
(7, 5, 4, .4, 0)
(7, 5, 4, .45, 0)
(7, 5, 4, .5, 0)
(7, 5, 4, .55, 0)
(7, 5, 4, .6, 0)
(7, 5, 4, .65, 0)
(7, 5, 4, .7, 0)
(7, 5, 4, .75, 0)
(7, 5, 4, .8, 0)
(7, 5, 4, .85, 0)
(7, 5, 4, .9, 0)
(7, 5, 4, .95, 0)
(7, 5, 4, 1, 0)
(7, 5, 5, 0, 1)
(7, 5, 5, .05, 1)
(7, 5, 5, .1, .306536)
(7, 5, 5, .15, .306536)
(7, 5, 5, .2, .0413223)
(7, 5, 5, .25, .0413223)
(7, 5, 5, .3, 0)
(7, 5, 5, .35, 0)
(7, 5, 5, .4, 0)
(7, 5, 5, .45, 0)
(7, 5, 5, .5, 0)
(7, 5, 5, .55, 0)
(7, 5, 5, .6, 0)
(7, 5, 5, .65, 0)
(7, 5, 5, .7, 0)
(7, 5, 5, .75, 0)
(7, 5, 5, .8, 0)
(7, 5, 5, .85, 0)
(7, 5, 5, .9, 0)
(7, 5, 5, .95, 0)
(7, 5, 5, 1, 0)
(7, 5, 6, 0, 1)
(7, 5, 6, .05, 1)
(7, 5, 6, .1, .267468)
(7, 5, 6, .15, .267468)
(7, 5, 6, .2, .0225394)
(7, 5, 6, .25, .0225394)
(7, 5, 6, .3, 0)
(7, 5, 6, .35, 0)
(7, 5, 6, .4, 0)
(7, 5, 6, .45, 0)
(7, 5, 6, .5, 0)
(7, 5, 6, .55, 0)
(7, 5, 6, .6, 0)
(7, 5, 6, .65, 0)
(7, 5, 6, .7, 0)
(7, 5, 6, .75, 0)
(7, 5, 6, .8, 0)
(7, 5, 6, .85, 0)
(7, 5, 6, .9, 0)
(7, 5, 6, .95, 0)
(7, 5, 6, 1, 0)
(7, 5, 7, 0, 1)
(7, 5, 7, .05, 1)
(7, 5, 7, .1, .2284)
(7, 5, 7, .15, .2284)
(7, 5, 7, .2, .00901578)
(7, 5, 7, .25, .00901578)
(7, 5, 7, .3, 0)
(7, 5, 7, .35, 0)
(7, 5, 7, .4, 0)
(7, 5, 7, .45, 0)
(7, 5, 7, .5, 0)
(7, 5, 7, .55, 0)
(7, 5, 7, .6, 0)
(7, 5, 7, .65, 0)
(7, 5, 7, .7, 0)
(7, 5, 7, .75, 0)
(7, 5, 7, .8, 0)
(7, 5, 7, .85, 0)
(7, 5, 7, .9, 0)
(7, 5, 7, .95, 0)
(7, 5, 7, 1, 0)
(7, 5, 8, 0, 1)
(7, 5, 8, .05, 1)
(7, 5, 8, .1, .198347)
(7, 5, 8, .15, .198347)
(7, 5, 8, .2, .00375657)
(7, 5, 8, .25, .00375657)
(7, 5, 8, .3, 0)
(7, 5, 8, .35, 0)
(7, 5, 8, .4, 0)
(7, 5, 8, .45, 0)
(7, 5, 8, .5, 0)
(7, 5, 8, .55, 0)
(7, 5, 8, .6, 0)
(7, 5, 8, .65, 0)
(7, 5, 8, .7, 0)
(7, 5, 8, .75, 0)
(7, 5, 8, .8, 0)
(7, 5, 8, .85, 0)
(7, 5, 8, .9, 0)
(7, 5, 8, .95, 0)
(7, 5, 8, 1, 0)
(7, 5, 9, 0, 1)
(7, 5, 9, .05, 1)
(7, 5, 9, .1, .168295)
(7, 5, 9, .15, .168295)
(7, 5, 9, .2, .000751315)
(7, 5, 9, .25, .000751315)
(7, 5, 9, .3, 0)
(7, 5, 9, .35, 0)
(7, 5, 9, .4, 0)
(7, 5, 9, .45, 0)
(7, 5, 9, .5, 0)
(7, 5, 9, .55, 0)
(7, 5, 9, .6, 0)
(7, 5, 9, .65, 0)
(7, 5, 9, .7, 0)
(7, 5, 9, .75, 0)
(7, 5, 9, .8, 0)
(7, 5, 9, .85, 0)
(7, 5, 9, .9, 0)
(7, 5, 9, .95, 0)
(7, 5, 9, 1, 0)
(7, 5, 10, 0, 1)
(7, 5, 10, .05, 1)
(7, 5, 10, .1, .138242)
(7, 5, 10, .15, .138242)
(7, 5, 10, .2, 0)
(7, 5, 10, .25, 0)
(7, 5, 10, .3, 0)
(7, 5, 10, .35, 0)
(7, 5, 10, .4, 0)
(7, 5, 10, .45, 0)
(7, 5, 10, .5, 0)
(7, 5, 10, .55, 0)
(7, 5, 10, .6, 0)
(7, 5, 10, .65, 0)
(7, 5, 10, .7, 0)
(7, 5, 10, .75, 0)
(7, 5, 10, .8, 0)
(7, 5, 10, .85, 0)
(7, 5, 10, .9, 0)
(7, 5, 10, .95, 0)
(7, 5, 10, 1, 0)
(7, 5, 11, 0, 1)
(7, 5, 11, .05, 1)
(7, 5, 11, .1, 0)
(7, 5, 11, .15, 0)
(7, 5, 11, .2, 0)
(7, 5, 11, .25, 0)
(7, 5, 11, .3, 0)
(7, 5, 11, .35, 0)
(7, 5, 11, .4, 0)
(7, 5, 11, .45, 0)
(7, 5, 11, .5, 0)
(7, 5, 11, .55, 0)
(7, 5, 11, .6, 0)
(7, 5, 11, .65, 0)
(7, 5, 11, .7, 0)
(7, 5, 11, .75, 0)
(7, 5, 11, .8, 0)
(7, 5, 11, .85, 0)
(7, 5, 11, .9, 0)
(7, 5, 11, .95, 0)
(7, 5, 11, 1, 0)
(7, 6, 1, 0, 1)
(7, 6, 1, .05, 1)
(7, 6, 1, .1, .420736)
(7, 6, 1, .15, .420736)
(7, 6, 1, .2, .108189)
(7, 6, 1, .25, .108189)
(7, 6, 1, .3, 0)
(7, 6, 1, .35, 0)
(7, 6, 1, .4, 0)
(7, 6, 1, .45, 0)
(7, 6, 1, .5, 0)
(7, 6, 1, .55, 0)
(7, 6, 1, .6, 0)
(7, 6, 1, .65, 0)
(7, 6, 1, .7, 0)
(7, 6, 1, .75, 0)
(7, 6, 1, .8, 0)
(7, 6, 1, .85, 0)
(7, 6, 1, .9, 0)
(7, 6, 1, .95, 0)
(7, 6, 1, 1, 0)
(7, 6, 2, 0, 1)
(7, 6, 2, .05, 1)
(7, 6, 2, .1, .378663)
(7, 6, 2, .15, .378663)
(7, 6, 2, .2, .0841473)
(7, 6, 2, .25, .0841473)
(7, 6, 2, .3, 0)
(7, 6, 2, .35, 0)
(7, 6, 2, .4, 0)
(7, 6, 2, .45, 0)
(7, 6, 2, .5, 0)
(7, 6, 2, .55, 0)
(7, 6, 2, .6, 0)
(7, 6, 2, .65, 0)
(7, 6, 2, .7, 0)
(7, 6, 2, .75, 0)
(7, 6, 2, .8, 0)
(7, 6, 2, .85, 0)
(7, 6, 2, .9, 0)
(7, 6, 2, .95, 0)
(7, 6, 2, 1, 0)
(7, 6, 3, 0, 1)
(7, 6, 3, .05, 1)
(7, 6, 3, .1, .336589)
(7, 6, 3, .15, .336589)
(7, 6, 3, .2, .0608565)
(7, 6, 3, .25, .0608565)
(7, 6, 3, .3, 0)
(7, 6, 3, .35, 0)
(7, 6, 3, .4, 0)
(7, 6, 3, .45, 0)
(7, 6, 3, .5, 0)
(7, 6, 3, .55, 0)
(7, 6, 3, .6, 0)
(7, 6, 3, .65, 0)
(7, 6, 3, .7, 0)
(7, 6, 3, .75, 0)
(7, 6, 3, .8, 0)
(7, 6, 3, .85, 0)
(7, 6, 3, .9, 0)
(7, 6, 3, .95, 0)
(7, 6, 3, 1, 0)
(7, 6, 4, 0, 1)
(7, 6, 4, .05, 1)
(7, 6, 4, .1, .302029)
(7, 6, 4, .15, .302029)
(7, 6, 4, .2, .0398197)
(7, 6, 4, .25, .0398197)
(7, 6, 4, .3, 0)
(7, 6, 4, .35, 0)
(7, 6, 4, .4, 0)
(7, 6, 4, .45, 0)
(7, 6, 4, .5, 0)
(7, 6, 4, .55, 0)
(7, 6, 4, .6, 0)
(7, 6, 4, .65, 0)
(7, 6, 4, .7, 0)
(7, 6, 4, .75, 0)
(7, 6, 4, .8, 0)
(7, 6, 4, .85, 0)
(7, 6, 4, .9, 0)
(7, 6, 4, .95, 0)
(7, 6, 4, 1, 0)
(7, 6, 5, 0, 1)
(7, 6, 5, .05, 1)
(7, 6, 5, .1, .267468)
(7, 6, 5, .15, .267468)
(7, 6, 5, .2, .0225394)
(7, 6, 5, .25, .0225394)
(7, 6, 5, .3, 0)
(7, 6, 5, .35, 0)
(7, 6, 5, .4, 0)
(7, 6, 5, .45, 0)
(7, 6, 5, .5, 0)
(7, 6, 5, .55, 0)
(7, 6, 5, .6, 0)
(7, 6, 5, .65, 0)
(7, 6, 5, .7, 0)
(7, 6, 5, .75, 0)
(7, 6, 5, .8, 0)
(7, 6, 5, .85, 0)
(7, 6, 5, .9, 0)
(7, 6, 5, .95, 0)
(7, 6, 5, 1, 0)
(7, 6, 6, 0, 1)
(7, 6, 6, .05, 1)
(7, 6, 6, .1, .232908)
(7, 6, 6, .15, .232908)
(7, 6, 6, .2, .0105184)
(7, 6, 6, .25, .0105184)
(7, 6, 6, .3, 0)
(7, 6, 6, .35, 0)
(7, 6, 6, .4, 0)
(7, 6, 6, .45, 0)
(7, 6, 6, .5, 0)
(7, 6, 6, .55, 0)
(7, 6, 6, .6, 0)
(7, 6, 6, .65, 0)
(7, 6, 6, .7, 0)
(7, 6, 6, .75, 0)
(7, 6, 6, .8, 0)
(7, 6, 6, .85, 0)
(7, 6, 6, .9, 0)
(7, 6, 6, .95, 0)
(7, 6, 6, 1, 0)
(7, 6, 7, 0, 1)
(7, 6, 7, .05, 1)
(7, 6, 7, .1, .198347)
(7, 6, 7, .15, .198347)
(7, 6, 7, .2, .00300526)
(7, 6, 7, .25, .00300526)
(7, 6, 7, .3, 0)
(7, 6, 7, .35, 0)
(7, 6, 7, .4, 0)
(7, 6, 7, .45, 0)
(7, 6, 7, .5, 0)
(7, 6, 7, .55, 0)
(7, 6, 7, .6, 0)
(7, 6, 7, .65, 0)
(7, 6, 7, .7, 0)
(7, 6, 7, .75, 0)
(7, 6, 7, .8, 0)
(7, 6, 7, .85, 0)
(7, 6, 7, .9, 0)
(7, 6, 7, .95, 0)
(7, 6, 7, 1, 0)
(7, 6, 8, 0, 1)
(7, 6, 8, .05, 1)
(7, 6, 8, .1, .1713)
(7, 6, 8, .15, .1713)
(7, 6, 8, .2, .000751315)
(7, 6, 8, .25, .000751315)
(7, 6, 8, .3, 0)
(7, 6, 8, .35, 0)
(7, 6, 8, .4, 0)
(7, 6, 8, .45, 0)
(7, 6, 8, .5, 0)
(7, 6, 8, .55, 0)
(7, 6, 8, .6, 0)
(7, 6, 8, .65, 0)
(7, 6, 8, .7, 0)
(7, 6, 8, .75, 0)
(7, 6, 8, .8, 0)
(7, 6, 8, .85, 0)
(7, 6, 8, .9, 0)
(7, 6, 8, .95, 0)
(7, 6, 8, 1, 0)
(7, 6, 9, 0, 1)
(7, 6, 9, .05, 1)
(7, 6, 9, .1, .144252)
(7, 6, 9, .15, .144252)
(7, 6, 9, .2, 0)
(7, 6, 9, .25, 0)
(7, 6, 9, .3, 0)
(7, 6, 9, .35, 0)
(7, 6, 9, .4, 0)
(7, 6, 9, .45, 0)
(7, 6, 9, .5, 0)
(7, 6, 9, .55, 0)
(7, 6, 9, .6, 0)
(7, 6, 9, .65, 0)
(7, 6, 9, .7, 0)
(7, 6, 9, .75, 0)
(7, 6, 9, .8, 0)
(7, 6, 9, .85, 0)
(7, 6, 9, .9, 0)
(7, 6, 9, .95, 0)
(7, 6, 9, 1, 0)
(7, 6, 10, 0, 1)
(7, 6, 10, .05, 1)
(7, 6, 10, .1, .118708)
(7, 6, 10, .15, .118708)
(7, 6, 10, .2, 0)
(7, 6, 10, .25, 0)
(7, 6, 10, .3, 0)
(7, 6, 10, .35, 0)
(7, 6, 10, .4, 0)
(7, 6, 10, .45, 0)
(7, 6, 10, .5, 0)
(7, 6, 10, .55, 0)
(7, 6, 10, .6, 0)
(7, 6, 10, .65, 0)
(7, 6, 10, .7, 0)
(7, 6, 10, .75, 0)
(7, 6, 10, .8, 0)
(7, 6, 10, .85, 0)
(7, 6, 10, .9, 0)
(7, 6, 10, .95, 0)
(7, 6, 10, 1, 0)
(7, 6, 11, 0, 1)
(7, 6, 11, .05, 1)
(7, 6, 11, .1, 0)
(7, 6, 11, .15, 0)
(7, 6, 11, .2, 0)
(7, 6, 11, .25, 0)
(7, 6, 11, .3, 0)
(7, 6, 11, .35, 0)
(7, 6, 11, .4, 0)
(7, 6, 11, .45, 0)
(7, 6, 11, .5, 0)
(7, 6, 11, .55, 0)
(7, 6, 11, .6, 0)
(7, 6, 11, .65, 0)
(7, 6, 11, .7, 0)
(7, 6, 11, .75, 0)
(7, 6, 11, .8, 0)
(7, 6, 11, .85, 0)
(7, 6, 11, .9, 0)
(7, 6, 11, .95, 0)
(7, 6, 11, 1, 0)
(7, 7, 1, 0, 1)
(7, 7, 1, .05, 1)
(7, 7, 1, .1, .360631)
(7, 7, 1, .15, .360631)
(7, 7, 1, .2, .0540947)
(7, 7, 1, .25, .0540947)
(7, 7, 1, .3, 0)
(7, 7, 1, .35, 0)
(7, 7, 1, .4, 0)
(7, 7, 1, .45, 0)
(7, 7, 1, .5, 0)
(7, 7, 1, .55, 0)
(7, 7, 1, .6, 0)
(7, 7, 1, .65, 0)
(7, 7, 1, .7, 0)
(7, 7, 1, .75, 0)
(7, 7, 1, .8, 0)
(7, 7, 1, .85, 0)
(7, 7, 1, .9, 0)
(7, 7, 1, .95, 0)
(7, 7, 1, 1, 0)
(7, 7, 2, 0, 1)
(7, 7, 2, .05, 1)
(7, 7, 2, .1, .324568)
(7, 7, 2, .15, .324568)
(7, 7, 2, .2, .0420736)
(7, 7, 2, .25, .0420736)
(7, 7, 2, .3, 0)
(7, 7, 2, .35, 0)
(7, 7, 2, .4, 0)
(7, 7, 2, .45, 0)
(7, 7, 2, .5, 0)
(7, 7, 2, .55, 0)
(7, 7, 2, .6, 0)
(7, 7, 2, .65, 0)
(7, 7, 2, .7, 0)
(7, 7, 2, .75, 0)
(7, 7, 2, .8, 0)
(7, 7, 2, .85, 0)
(7, 7, 2, .9, 0)
(7, 7, 2, .95, 0)
(7, 7, 2, 1, 0)
(7, 7, 3, 0, 1)
(7, 7, 3, .05, 1)
(7, 7, 3, .1, .288505)
(7, 7, 3, .15, .288505)
(7, 7, 3, .2, .0300526)
(7, 7, 3, .25, .0300526)
(7, 7, 3, .3, 0)
(7, 7, 3, .35, 0)
(7, 7, 3, .4, 0)
(7, 7, 3, .45, 0)
(7, 7, 3, .5, 0)
(7, 7, 3, .55, 0)
(7, 7, 3, .6, 0)
(7, 7, 3, .65, 0)
(7, 7, 3, .7, 0)
(7, 7, 3, .75, 0)
(7, 7, 3, .8, 0)
(7, 7, 3, .85, 0)
(7, 7, 3, .9, 0)
(7, 7, 3, .95, 0)
(7, 7, 3, 1, 0)
(7, 7, 4, 0, 1)
(7, 7, 4, .05, 1)
(7, 7, 4, .1, .258452)
(7, 7, 4, .15, .258452)
(7, 7, 4, .2, .0187829)
(7, 7, 4, .25, .0187829)
(7, 7, 4, .3, 0)
(7, 7, 4, .35, 0)
(7, 7, 4, .4, 0)
(7, 7, 4, .45, 0)
(7, 7, 4, .5, 0)
(7, 7, 4, .55, 0)
(7, 7, 4, .6, 0)
(7, 7, 4, .65, 0)
(7, 7, 4, .7, 0)
(7, 7, 4, .75, 0)
(7, 7, 4, .8, 0)
(7, 7, 4, .85, 0)
(7, 7, 4, .9, 0)
(7, 7, 4, .95, 0)
(7, 7, 4, 1, 0)
(7, 7, 5, 0, 1)
(7, 7, 5, .05, 1)
(7, 7, 5, .1, .2284)
(7, 7, 5, .15, .2284)
(7, 7, 5, .2, .00901578)
(7, 7, 5, .25, .00901578)
(7, 7, 5, .3, 0)
(7, 7, 5, .35, 0)
(7, 7, 5, .4, 0)
(7, 7, 5, .45, 0)
(7, 7, 5, .5, 0)
(7, 7, 5, .55, 0)
(7, 7, 5, .6, 0)
(7, 7, 5, .65, 0)
(7, 7, 5, .7, 0)
(7, 7, 5, .75, 0)
(7, 7, 5, .8, 0)
(7, 7, 5, .85, 0)
(7, 7, 5, .9, 0)
(7, 7, 5, .95, 0)
(7, 7, 5, 1, 0)
(7, 7, 6, 0, 1)
(7, 7, 6, .05, 1)
(7, 7, 6, .1, .198347)
(7, 7, 6, .15, .198347)
(7, 7, 6, .2, .00300526)
(7, 7, 6, .25, .00300526)
(7, 7, 6, .3, 0)
(7, 7, 6, .35, 0)
(7, 7, 6, .4, 0)
(7, 7, 6, .45, 0)
(7, 7, 6, .5, 0)
(7, 7, 6, .55, 0)
(7, 7, 6, .6, 0)
(7, 7, 6, .65, 0)
(7, 7, 6, .7, 0)
(7, 7, 6, .75, 0)
(7, 7, 6, .8, 0)
(7, 7, 6, .85, 0)
(7, 7, 6, .9, 0)
(7, 7, 6, .95, 0)
(7, 7, 6, 1, 0)
(7, 7, 7, 0, 1)
(7, 7, 7, .05, 1)
(7, 7, 7, .1, .168295)
(7, 7, 7, .15, .168295)
(7, 7, 7, .2, .000751315)
(7, 7, 7, .25, .000751315)
(7, 7, 7, .3, 0)
(7, 7, 7, .35, 0)
(7, 7, 7, .4, 0)
(7, 7, 7, .45, 0)
(7, 7, 7, .5, 0)
(7, 7, 7, .55, 0)
(7, 7, 7, .6, 0)
(7, 7, 7, .65, 0)
(7, 7, 7, .7, 0)
(7, 7, 7, .75, 0)
(7, 7, 7, .8, 0)
(7, 7, 7, .85, 0)
(7, 7, 7, .9, 0)
(7, 7, 7, .95, 0)
(7, 7, 7, 1, 0)
(7, 7, 8, 0, 1)
(7, 7, 8, .05, 1)
(7, 7, 8, .1, .144252)
(7, 7, 8, .15, .144252)
(7, 7, 8, .2, 0)
(7, 7, 8, .25, 0)
(7, 7, 8, .3, 0)
(7, 7, 8, .35, 0)
(7, 7, 8, .4, 0)
(7, 7, 8, .45, 0)
(7, 7, 8, .5, 0)
(7, 7, 8, .55, 0)
(7, 7, 8, .6, 0)
(7, 7, 8, .65, 0)
(7, 7, 8, .7, 0)
(7, 7, 8, .75, 0)
(7, 7, 8, .8, 0)
(7, 7, 8, .85, 0)
(7, 7, 8, .9, 0)
(7, 7, 8, .95, 0)
(7, 7, 8, 1, 0)
(7, 7, 9, 0, 1)
(7, 7, 9, .05, 1)
(7, 7, 9, .1, .12021)
(7, 7, 9, .15, .12021)
(7, 7, 9, .2, 0)
(7, 7, 9, .25, 0)
(7, 7, 9, .3, 0)
(7, 7, 9, .35, 0)
(7, 7, 9, .4, 0)
(7, 7, 9, .45, 0)
(7, 7, 9, .5, 0)
(7, 7, 9, .55, 0)
(7, 7, 9, .6, 0)
(7, 7, 9, .65, 0)
(7, 7, 9, .7, 0)
(7, 7, 9, .75, 0)
(7, 7, 9, .8, 0)
(7, 7, 9, .85, 0)
(7, 7, 9, .9, 0)
(7, 7, 9, .95, 0)
(7, 7, 9, 1, 0)
(7, 7, 10, 0, 1)
(7, 7, 10, .05, 1)
(7, 7, 10, .1, .0991736)
(7, 7, 10, .15, .0991736)
(7, 7, 10, .2, 0)
(7, 7, 10, .25, 0)
(7, 7, 10, .3, 0)
(7, 7, 10, .35, 0)
(7, 7, 10, .4, 0)
(7, 7, 10, .45, 0)
(7, 7, 10, .5, 0)
(7, 7, 10, .55, 0)
(7, 7, 10, .6, 0)
(7, 7, 10, .65, 0)
(7, 7, 10, .7, 0)
(7, 7, 10, .75, 0)
(7, 7, 10, .8, 0)
(7, 7, 10, .85, 0)
(7, 7, 10, .9, 0)
(7, 7, 10, .95, 0)
(7, 7, 10, 1, 0)
(7, 7, 11, 0, 1)
(7, 7, 11, .05, 1)
(7, 7, 11, .1, 0)
(7, 7, 11, .15, 0)
(7, 7, 11, .2, 0)
(7, 7, 11, .25, 0)
(7, 7, 11, .3, 0)
(7, 7, 11, .35, 0)
(7, 7, 11, .4, 0)
(7, 7, 11, .45, 0)
(7, 7, 11, .5, 0)
(7, 7, 11, .55, 0)
(7, 7, 11, .6, 0)
(7, 7, 11, .65, 0)
(7, 7, 11, .7, 0)
(7, 7, 11, .75, 0)
(7, 7, 11, .8, 0)
(7, 7, 11, .85, 0)
(7, 7, 11, .9, 0)
(7, 7, 11, .95, 0)
(7, 7, 11, 1, 0)
(7, 8, 1, 0, 1)
(7, 8, 1, .05, 1)
(7, 8, 1, .1, .315552)
(7, 8, 1, .15, .315552)
(7, 8, 1, .2, .0270473)
(7, 8, 1, .25, .0270473)
(7, 8, 1, .3, 0)
(7, 8, 1, .35, 0)
(7, 8, 1, .4, 0)
(7, 8, 1, .45, 0)
(7, 8, 1, .5, 0)
(7, 8, 1, .55, 0)
(7, 8, 1, .6, 0)
(7, 8, 1, .65, 0)
(7, 8, 1, .7, 0)
(7, 8, 1, .75, 0)
(7, 8, 1, .8, 0)
(7, 8, 1, .85, 0)
(7, 8, 1, .9, 0)
(7, 8, 1, .95, 0)
(7, 8, 1, 1, 0)
(7, 8, 2, 0, 1)
(7, 8, 2, .05, 1)
(7, 8, 2, .1, .283997)
(7, 8, 2, .15, .283997)
(7, 8, 2, .2, .0210368)
(7, 8, 2, .25, .0210368)
(7, 8, 2, .3, 0)
(7, 8, 2, .35, 0)
(7, 8, 2, .4, 0)
(7, 8, 2, .45, 0)
(7, 8, 2, .5, 0)
(7, 8, 2, .55, 0)
(7, 8, 2, .6, 0)
(7, 8, 2, .65, 0)
(7, 8, 2, .7, 0)
(7, 8, 2, .75, 0)
(7, 8, 2, .8, 0)
(7, 8, 2, .85, 0)
(7, 8, 2, .9, 0)
(7, 8, 2, .95, 0)
(7, 8, 2, 1, 0)
(7, 8, 3, 0, 1)
(7, 8, 3, .05, 1)
(7, 8, 3, .1, .252442)
(7, 8, 3, .15, .252442)
(7, 8, 3, .2, .0150263)
(7, 8, 3, .25, .0150263)
(7, 8, 3, .3, 0)
(7, 8, 3, .35, 0)
(7, 8, 3, .4, 0)
(7, 8, 3, .45, 0)
(7, 8, 3, .5, 0)
(7, 8, 3, .55, 0)
(7, 8, 3, .6, 0)
(7, 8, 3, .65, 0)
(7, 8, 3, .7, 0)
(7, 8, 3, .75, 0)
(7, 8, 3, .8, 0)
(7, 8, 3, .85, 0)
(7, 8, 3, .9, 0)
(7, 8, 3, .95, 0)
(7, 8, 3, 1, 0)
(7, 8, 4, 0, 1)
(7, 8, 4, .05, 1)
(7, 8, 4, .1, .225394)
(7, 8, 4, .15, .225394)
(7, 8, 4, .2, .00901578)
(7, 8, 4, .25, .00901578)
(7, 8, 4, .3, 0)
(7, 8, 4, .35, 0)
(7, 8, 4, .4, 0)
(7, 8, 4, .45, 0)
(7, 8, 4, .5, 0)
(7, 8, 4, .55, 0)
(7, 8, 4, .6, 0)
(7, 8, 4, .65, 0)
(7, 8, 4, .7, 0)
(7, 8, 4, .75, 0)
(7, 8, 4, .8, 0)
(7, 8, 4, .85, 0)
(7, 8, 4, .9, 0)
(7, 8, 4, .95, 0)
(7, 8, 4, 1, 0)
(7, 8, 5, 0, 1)
(7, 8, 5, .05, 1)
(7, 8, 5, .1, .198347)
(7, 8, 5, .15, .198347)
(7, 8, 5, .2, .00375657)
(7, 8, 5, .25, .00375657)
(7, 8, 5, .3, 0)
(7, 8, 5, .35, 0)
(7, 8, 5, .4, 0)
(7, 8, 5, .45, 0)
(7, 8, 5, .5, 0)
(7, 8, 5, .55, 0)
(7, 8, 5, .6, 0)
(7, 8, 5, .65, 0)
(7, 8, 5, .7, 0)
(7, 8, 5, .75, 0)
(7, 8, 5, .8, 0)
(7, 8, 5, .85, 0)
(7, 8, 5, .9, 0)
(7, 8, 5, .95, 0)
(7, 8, 5, 1, 0)
(7, 8, 6, 0, 1)
(7, 8, 6, .05, 1)
(7, 8, 6, .1, .1713)
(7, 8, 6, .15, .1713)
(7, 8, 6, .2, .000751315)
(7, 8, 6, .25, .000751315)
(7, 8, 6, .3, 0)
(7, 8, 6, .35, 0)
(7, 8, 6, .4, 0)
(7, 8, 6, .45, 0)
(7, 8, 6, .5, 0)
(7, 8, 6, .55, 0)
(7, 8, 6, .6, 0)
(7, 8, 6, .65, 0)
(7, 8, 6, .7, 0)
(7, 8, 6, .75, 0)
(7, 8, 6, .8, 0)
(7, 8, 6, .85, 0)
(7, 8, 6, .9, 0)
(7, 8, 6, .95, 0)
(7, 8, 6, 1, 0)
(7, 8, 7, 0, 1)
(7, 8, 7, .05, 1)
(7, 8, 7, .1, .144252)
(7, 8, 7, .15, .144252)
(7, 8, 7, .2, 0)
(7, 8, 7, .25, 0)
(7, 8, 7, .3, 0)
(7, 8, 7, .35, 0)
(7, 8, 7, .4, 0)
(7, 8, 7, .45, 0)
(7, 8, 7, .5, 0)
(7, 8, 7, .55, 0)
(7, 8, 7, .6, 0)
(7, 8, 7, .65, 0)
(7, 8, 7, .7, 0)
(7, 8, 7, .75, 0)
(7, 8, 7, .8, 0)
(7, 8, 7, .85, 0)
(7, 8, 7, .9, 0)
(7, 8, 7, .95, 0)
(7, 8, 7, 1, 0)
(7, 8, 8, 0, 1)
(7, 8, 8, .05, 1)
(7, 8, 8, .1, .123216)
(7, 8, 8, .15, .123216)
(7, 8, 8, .2, 0)
(7, 8, 8, .25, 0)
(7, 8, 8, .3, 0)
(7, 8, 8, .35, 0)
(7, 8, 8, .4, 0)
(7, 8, 8, .45, 0)
(7, 8, 8, .5, 0)
(7, 8, 8, .55, 0)
(7, 8, 8, .6, 0)
(7, 8, 8, .65, 0)
(7, 8, 8, .7, 0)
(7, 8, 8, .75, 0)
(7, 8, 8, .8, 0)
(7, 8, 8, .85, 0)
(7, 8, 8, .9, 0)
(7, 8, 8, .95, 0)
(7, 8, 8, 1, 0)
(7, 8, 9, 0, 1)
(7, 8, 9, .05, 1)
(7, 8, 9, .1, .102179)
(7, 8, 9, .15, .102179)
(7, 8, 9, .2, 0)
(7, 8, 9, .25, 0)
(7, 8, 9, .3, 0)
(7, 8, 9, .35, 0)
(7, 8, 9, .4, 0)
(7, 8, 9, .45, 0)
(7, 8, 9, .5, 0)
(7, 8, 9, .55, 0)
(7, 8, 9, .6, 0)
(7, 8, 9, .65, 0)
(7, 8, 9, .7, 0)
(7, 8, 9, .75, 0)
(7, 8, 9, .8, 0)
(7, 8, 9, .85, 0)
(7, 8, 9, .9, 0)
(7, 8, 9, .95, 0)
(7, 8, 9, 1, 0)
(7, 8, 10, 0, 1)
(7, 8, 10, .05, 1)
(7, 8, 10, .1, .0826446)
(7, 8, 10, .15, .0826446)
(7, 8, 10, .2, 0)
(7, 8, 10, .25, 0)
(7, 8, 10, .3, 0)
(7, 8, 10, .35, 0)
(7, 8, 10, .4, 0)
(7, 8, 10, .45, 0)
(7, 8, 10, .5, 0)
(7, 8, 10, .55, 0)
(7, 8, 10, .6, 0)
(7, 8, 10, .65, 0)
(7, 8, 10, .7, 0)
(7, 8, 10, .75, 0)
(7, 8, 10, .8, 0)
(7, 8, 10, .85, 0)
(7, 8, 10, .9, 0)
(7, 8, 10, .95, 0)
(7, 8, 10, 1, 0)
(7, 8, 11, 0, 1)
(7, 8, 11, .05, 1)
(7, 8, 11, .1, 0)
(7, 8, 11, .15, 0)
(7, 8, 11, .2, 0)
(7, 8, 11, .25, 0)
(7, 8, 11, .3, 0)
(7, 8, 11, .35, 0)
(7, 8, 11, .4, 0)
(7, 8, 11, .45, 0)
(7, 8, 11, .5, 0)
(7, 8, 11, .55, 0)
(7, 8, 11, .6, 0)
(7, 8, 11, .65, 0)
(7, 8, 11, .7, 0)
(7, 8, 11, .75, 0)
(7, 8, 11, .8, 0)
(7, 8, 11, .85, 0)
(7, 8, 11, .9, 0)
(7, 8, 11, .95, 0)
(7, 8, 11, 1, 0)
(7, 9, 1, 0, 1)
(7, 9, 1, .05, 1)
(7, 9, 1, .1, .270473)
(7, 9, 1, .15, .270473)
(7, 9, 1, .2, .00676183)
(7, 9, 1, .25, .00676183)
(7, 9, 1, .3, 0)
(7, 9, 1, .35, 0)
(7, 9, 1, .4, 0)
(7, 9, 1, .45, 0)
(7, 9, 1, .5, 0)
(7, 9, 1, .55, 0)
(7, 9, 1, .6, 0)
(7, 9, 1, .65, 0)
(7, 9, 1, .7, 0)
(7, 9, 1, .75, 0)
(7, 9, 1, .8, 0)
(7, 9, 1, .85, 0)
(7, 9, 1, .9, 0)
(7, 9, 1, .95, 0)
(7, 9, 1, 1, 0)
(7, 9, 2, 0, 1)
(7, 9, 2, .05, 1)
(7, 9, 2, .1, .243426)
(7, 9, 2, .15, .243426)
(7, 9, 2, .2, .0052592)
(7, 9, 2, .25, .0052592)
(7, 9, 2, .3, 0)
(7, 9, 2, .35, 0)
(7, 9, 2, .4, 0)
(7, 9, 2, .45, 0)
(7, 9, 2, .5, 0)
(7, 9, 2, .55, 0)
(7, 9, 2, .6, 0)
(7, 9, 2, .65, 0)
(7, 9, 2, .7, 0)
(7, 9, 2, .75, 0)
(7, 9, 2, .8, 0)
(7, 9, 2, .85, 0)
(7, 9, 2, .9, 0)
(7, 9, 2, .95, 0)
(7, 9, 2, 1, 0)
(7, 9, 3, 0, 1)
(7, 9, 3, .05, 1)
(7, 9, 3, .1, .216379)
(7, 9, 3, .15, .216379)
(7, 9, 3, .2, .00375657)
(7, 9, 3, .25, .00375657)
(7, 9, 3, .3, 0)
(7, 9, 3, .35, 0)
(7, 9, 3, .4, 0)
(7, 9, 3, .45, 0)
(7, 9, 3, .5, 0)
(7, 9, 3, .55, 0)
(7, 9, 3, .6, 0)
(7, 9, 3, .65, 0)
(7, 9, 3, .7, 0)
(7, 9, 3, .75, 0)
(7, 9, 3, .8, 0)
(7, 9, 3, .85, 0)
(7, 9, 3, .9, 0)
(7, 9, 3, .95, 0)
(7, 9, 3, 1, 0)
(7, 9, 4, 0, 1)
(7, 9, 4, .05, 1)
(7, 9, 4, .1, .192337)
(7, 9, 4, .15, .192337)
(7, 9, 4, .2, .00225394)
(7, 9, 4, .25, .00225394)
(7, 9, 4, .3, 0)
(7, 9, 4, .35, 0)
(7, 9, 4, .4, 0)
(7, 9, 4, .45, 0)
(7, 9, 4, .5, 0)
(7, 9, 4, .55, 0)
(7, 9, 4, .6, 0)
(7, 9, 4, .65, 0)
(7, 9, 4, .7, 0)
(7, 9, 4, .75, 0)
(7, 9, 4, .8, 0)
(7, 9, 4, .85, 0)
(7, 9, 4, .9, 0)
(7, 9, 4, .95, 0)
(7, 9, 4, 1, 0)
(7, 9, 5, 0, 1)
(7, 9, 5, .05, 1)
(7, 9, 5, .1, .168295)
(7, 9, 5, .15, .168295)
(7, 9, 5, .2, .000751315)
(7, 9, 5, .25, .000751315)
(7, 9, 5, .3, 0)
(7, 9, 5, .35, 0)
(7, 9, 5, .4, 0)
(7, 9, 5, .45, 0)
(7, 9, 5, .5, 0)
(7, 9, 5, .55, 0)
(7, 9, 5, .6, 0)
(7, 9, 5, .65, 0)
(7, 9, 5, .7, 0)
(7, 9, 5, .75, 0)
(7, 9, 5, .8, 0)
(7, 9, 5, .85, 0)
(7, 9, 5, .9, 0)
(7, 9, 5, .95, 0)
(7, 9, 5, 1, 0)
(7, 9, 6, 0, 1)
(7, 9, 6, .05, 1)
(7, 9, 6, .1, .144252)
(7, 9, 6, .15, .144252)
(7, 9, 6, .2, 0)
(7, 9, 6, .25, 0)
(7, 9, 6, .3, 0)
(7, 9, 6, .35, 0)
(7, 9, 6, .4, 0)
(7, 9, 6, .45, 0)
(7, 9, 6, .5, 0)
(7, 9, 6, .55, 0)
(7, 9, 6, .6, 0)
(7, 9, 6, .65, 0)
(7, 9, 6, .7, 0)
(7, 9, 6, .75, 0)
(7, 9, 6, .8, 0)
(7, 9, 6, .85, 0)
(7, 9, 6, .9, 0)
(7, 9, 6, .95, 0)
(7, 9, 6, 1, 0)
(7, 9, 7, 0, 1)
(7, 9, 7, .05, 1)
(7, 9, 7, .1, .12021)
(7, 9, 7, .15, .12021)
(7, 9, 7, .2, 0)
(7, 9, 7, .25, 0)
(7, 9, 7, .3, 0)
(7, 9, 7, .35, 0)
(7, 9, 7, .4, 0)
(7, 9, 7, .45, 0)
(7, 9, 7, .5, 0)
(7, 9, 7, .55, 0)
(7, 9, 7, .6, 0)
(7, 9, 7, .65, 0)
(7, 9, 7, .7, 0)
(7, 9, 7, .75, 0)
(7, 9, 7, .8, 0)
(7, 9, 7, .85, 0)
(7, 9, 7, .9, 0)
(7, 9, 7, .95, 0)
(7, 9, 7, 1, 0)
(7, 9, 8, 0, 1)
(7, 9, 8, .05, 1)
(7, 9, 8, .1, .102179)
(7, 9, 8, .15, .102179)
(7, 9, 8, .2, 0)
(7, 9, 8, .25, 0)
(7, 9, 8, .3, 0)
(7, 9, 8, .35, 0)
(7, 9, 8, .4, 0)
(7, 9, 8, .45, 0)
(7, 9, 8, .5, 0)
(7, 9, 8, .55, 0)
(7, 9, 8, .6, 0)
(7, 9, 8, .65, 0)
(7, 9, 8, .7, 0)
(7, 9, 8, .75, 0)
(7, 9, 8, .8, 0)
(7, 9, 8, .85, 0)
(7, 9, 8, .9, 0)
(7, 9, 8, .95, 0)
(7, 9, 8, 1, 0)
(7, 9, 9, 0, 1)
(7, 9, 9, .05, 1)
(7, 9, 9, .1, .0841473)
(7, 9, 9, .15, .0841473)
(7, 9, 9, .2, 0)
(7, 9, 9, .25, 0)
(7, 9, 9, .3, 0)
(7, 9, 9, .35, 0)
(7, 9, 9, .4, 0)
(7, 9, 9, .45, 0)
(7, 9, 9, .5, 0)
(7, 9, 9, .55, 0)
(7, 9, 9, .6, 0)
(7, 9, 9, .65, 0)
(7, 9, 9, .7, 0)
(7, 9, 9, .75, 0)
(7, 9, 9, .8, 0)
(7, 9, 9, .85, 0)
(7, 9, 9, .9, 0)
(7, 9, 9, .95, 0)
(7, 9, 9, 1, 0)
(7, 9, 10, 0, 1)
(7, 9, 10, .05, 1)
(7, 9, 10, .1, .0661157)
(7, 9, 10, .15, .0661157)
(7, 9, 10, .2, 0)
(7, 9, 10, .25, 0)
(7, 9, 10, .3, 0)
(7, 9, 10, .35, 0)
(7, 9, 10, .4, 0)
(7, 9, 10, .45, 0)
(7, 9, 10, .5, 0)
(7, 9, 10, .55, 0)
(7, 9, 10, .6, 0)
(7, 9, 10, .65, 0)
(7, 9, 10, .7, 0)
(7, 9, 10, .75, 0)
(7, 9, 10, .8, 0)
(7, 9, 10, .85, 0)
(7, 9, 10, .9, 0)
(7, 9, 10, .95, 0)
(7, 9, 10, 1, 0)
(7, 9, 11, 0, 1)
(7, 9, 11, .05, 1)
(7, 9, 11, .1, 0)
(7, 9, 11, .15, 0)
(7, 9, 11, .2, 0)
(7, 9, 11, .25, 0)
(7, 9, 11, .3, 0)
(7, 9, 11, .35, 0)
(7, 9, 11, .4, 0)
(7, 9, 11, .45, 0)
(7, 9, 11, .5, 0)
(7, 9, 11, .55, 0)
(7, 9, 11, .6, 0)
(7, 9, 11, .65, 0)
(7, 9, 11, .7, 0)
(7, 9, 11, .75, 0)
(7, 9, 11, .8, 0)
(7, 9, 11, .85, 0)
(7, 9, 11, .9, 0)
(7, 9, 11, .95, 0)
(7, 9, 11, 1, 0)
(7, 10, 1, 0, 1)
(7, 10, 1, .05, 1)
(7, 10, 1, .1, .225394)
(7, 10, 1, .15, .225394)
(7, 10, 1, .2, 0)
(7, 10, 1, .25, 0)
(7, 10, 1, .3, 0)
(7, 10, 1, .35, 0)
(7, 10, 1, .4, 0)
(7, 10, 1, .45, 0)
(7, 10, 1, .5, 0)
(7, 10, 1, .55, 0)
(7, 10, 1, .6, 0)
(7, 10, 1, .65, 0)
(7, 10, 1, .7, 0)
(7, 10, 1, .75, 0)
(7, 10, 1, .8, 0)
(7, 10, 1, .85, 0)
(7, 10, 1, .9, 0)
(7, 10, 1, .95, 0)
(7, 10, 1, 1, 0)
(7, 10, 2, 0, 1)
(7, 10, 2, .05, 1)
(7, 10, 2, .1, .202855)
(7, 10, 2, .15, .202855)
(7, 10, 2, .2, 0)
(7, 10, 2, .25, 0)
(7, 10, 2, .3, 0)
(7, 10, 2, .35, 0)
(7, 10, 2, .4, 0)
(7, 10, 2, .45, 0)
(7, 10, 2, .5, 0)
(7, 10, 2, .55, 0)
(7, 10, 2, .6, 0)
(7, 10, 2, .65, 0)
(7, 10, 2, .7, 0)
(7, 10, 2, .75, 0)
(7, 10, 2, .8, 0)
(7, 10, 2, .85, 0)
(7, 10, 2, .9, 0)
(7, 10, 2, .95, 0)
(7, 10, 2, 1, 0)
(7, 10, 3, 0, 1)
(7, 10, 3, .05, 1)
(7, 10, 3, .1, .180316)
(7, 10, 3, .15, .180316)
(7, 10, 3, .2, 0)
(7, 10, 3, .25, 0)
(7, 10, 3, .3, 0)
(7, 10, 3, .35, 0)
(7, 10, 3, .4, 0)
(7, 10, 3, .45, 0)
(7, 10, 3, .5, 0)
(7, 10, 3, .55, 0)
(7, 10, 3, .6, 0)
(7, 10, 3, .65, 0)
(7, 10, 3, .7, 0)
(7, 10, 3, .75, 0)
(7, 10, 3, .8, 0)
(7, 10, 3, .85, 0)
(7, 10, 3, .9, 0)
(7, 10, 3, .95, 0)
(7, 10, 3, 1, 0)
(7, 10, 4, 0, 1)
(7, 10, 4, .05, 1)
(7, 10, 4, .1, .159279)
(7, 10, 4, .15, .159279)
(7, 10, 4, .2, 0)
(7, 10, 4, .25, 0)
(7, 10, 4, .3, 0)
(7, 10, 4, .35, 0)
(7, 10, 4, .4, 0)
(7, 10, 4, .45, 0)
(7, 10, 4, .5, 0)
(7, 10, 4, .55, 0)
(7, 10, 4, .6, 0)
(7, 10, 4, .65, 0)
(7, 10, 4, .7, 0)
(7, 10, 4, .75, 0)
(7, 10, 4, .8, 0)
(7, 10, 4, .85, 0)
(7, 10, 4, .9, 0)
(7, 10, 4, .95, 0)
(7, 10, 4, 1, 0)
(7, 10, 5, 0, 1)
(7, 10, 5, .05, 1)
(7, 10, 5, .1, .138242)
(7, 10, 5, .15, .138242)
(7, 10, 5, .2, 0)
(7, 10, 5, .25, 0)
(7, 10, 5, .3, 0)
(7, 10, 5, .35, 0)
(7, 10, 5, .4, 0)
(7, 10, 5, .45, 0)
(7, 10, 5, .5, 0)
(7, 10, 5, .55, 0)
(7, 10, 5, .6, 0)
(7, 10, 5, .65, 0)
(7, 10, 5, .7, 0)
(7, 10, 5, .75, 0)
(7, 10, 5, .8, 0)
(7, 10, 5, .85, 0)
(7, 10, 5, .9, 0)
(7, 10, 5, .95, 0)
(7, 10, 5, 1, 0)
(7, 10, 6, 0, 1)
(7, 10, 6, .05, 1)
(7, 10, 6, .1, .118708)
(7, 10, 6, .15, .118708)
(7, 10, 6, .2, 0)
(7, 10, 6, .25, 0)
(7, 10, 6, .3, 0)
(7, 10, 6, .35, 0)
(7, 10, 6, .4, 0)
(7, 10, 6, .45, 0)
(7, 10, 6, .5, 0)
(7, 10, 6, .55, 0)
(7, 10, 6, .6, 0)
(7, 10, 6, .65, 0)
(7, 10, 6, .7, 0)
(7, 10, 6, .75, 0)
(7, 10, 6, .8, 0)
(7, 10, 6, .85, 0)
(7, 10, 6, .9, 0)
(7, 10, 6, .95, 0)
(7, 10, 6, 1, 0)
(7, 10, 7, 0, 1)
(7, 10, 7, .05, 1)
(7, 10, 7, .1, .0991736)
(7, 10, 7, .15, .0991736)
(7, 10, 7, .2, 0)
(7, 10, 7, .25, 0)
(7, 10, 7, .3, 0)
(7, 10, 7, .35, 0)
(7, 10, 7, .4, 0)
(7, 10, 7, .45, 0)
(7, 10, 7, .5, 0)
(7, 10, 7, .55, 0)
(7, 10, 7, .6, 0)
(7, 10, 7, .65, 0)
(7, 10, 7, .7, 0)
(7, 10, 7, .75, 0)
(7, 10, 7, .8, 0)
(7, 10, 7, .85, 0)
(7, 10, 7, .9, 0)
(7, 10, 7, .95, 0)
(7, 10, 7, 1, 0)
(7, 10, 8, 0, 1)
(7, 10, 8, .05, 1)
(7, 10, 8, .1, .0826446)
(7, 10, 8, .15, .0826446)
(7, 10, 8, .2, 0)
(7, 10, 8, .25, 0)
(7, 10, 8, .3, 0)
(7, 10, 8, .35, 0)
(7, 10, 8, .4, 0)
(7, 10, 8, .45, 0)
(7, 10, 8, .5, 0)
(7, 10, 8, .55, 0)
(7, 10, 8, .6, 0)
(7, 10, 8, .65, 0)
(7, 10, 8, .7, 0)
(7, 10, 8, .75, 0)
(7, 10, 8, .8, 0)
(7, 10, 8, .85, 0)
(7, 10, 8, .9, 0)
(7, 10, 8, .95, 0)
(7, 10, 8, 1, 0)
(7, 10, 9, 0, 1)
(7, 10, 9, .05, 1)
(7, 10, 9, .1, .0661157)
(7, 10, 9, .15, .0661157)
(7, 10, 9, .2, 0)
(7, 10, 9, .25, 0)
(7, 10, 9, .3, 0)
(7, 10, 9, .35, 0)
(7, 10, 9, .4, 0)
(7, 10, 9, .45, 0)
(7, 10, 9, .5, 0)
(7, 10, 9, .55, 0)
(7, 10, 9, .6, 0)
(7, 10, 9, .65, 0)
(7, 10, 9, .7, 0)
(7, 10, 9, .75, 0)
(7, 10, 9, .8, 0)
(7, 10, 9, .85, 0)
(7, 10, 9, .9, 0)
(7, 10, 9, .95, 0)
(7, 10, 9, 1, 0)
(7, 10, 10, 0, 1)
(7, 10, 10, .05, 1)
(7, 10, 10, .1, .052592)
(7, 10, 10, .15, .052592)
(7, 10, 10, .2, 0)
(7, 10, 10, .25, 0)
(7, 10, 10, .3, 0)
(7, 10, 10, .35, 0)
(7, 10, 10, .4, 0)
(7, 10, 10, .45, 0)
(7, 10, 10, .5, 0)
(7, 10, 10, .55, 0)
(7, 10, 10, .6, 0)
(7, 10, 10, .65, 0)
(7, 10, 10, .7, 0)
(7, 10, 10, .75, 0)
(7, 10, 10, .8, 0)
(7, 10, 10, .85, 0)
(7, 10, 10, .9, 0)
(7, 10, 10, .95, 0)
(7, 10, 10, 1, 0)
(7, 10, 11, 0, 1)
(7, 10, 11, .05, 1)
(7, 10, 11, .1, 0)
(7, 10, 11, .15, 0)
(7, 10, 11, .2, 0)
(7, 10, 11, .25, 0)
(7, 10, 11, .3, 0)
(7, 10, 11, .35, 0)
(7, 10, 11, .4, 0)
(7, 10, 11, .45, 0)
(7, 10, 11, .5, 0)
(7, 10, 11, .55, 0)
(7, 10, 11, .6, 0)
(7, 10, 11, .65, 0)
(7, 10, 11, .7, 0)
(7, 10, 11, .75, 0)
(7, 10, 11, .8, 0)
(7, 10, 11, .85, 0)
(7, 10, 11, .9, 0)
(7, 10, 11, .95, 0)
(7, 10, 11, 1, 0)
(7, 11, 1, 0, 1)
(7, 11, 1, .05, 1)
(7, 11, 1, .1, 0)
(7, 11, 1, .15, 0)
(7, 11, 1, .2, 0)
(7, 11, 1, .25, 0)
(7, 11, 1, .3, 0)
(7, 11, 1, .35, 0)
(7, 11, 1, .4, 0)
(7, 11, 1, .45, 0)
(7, 11, 1, .5, 0)
(7, 11, 1, .55, 0)
(7, 11, 1, .6, 0)
(7, 11, 1, .65, 0)
(7, 11, 1, .7, 0)
(7, 11, 1, .75, 0)
(7, 11, 1, .8, 0)
(7, 11, 1, .85, 0)
(7, 11, 1, .9, 0)
(7, 11, 1, .95, 0)
(7, 11, 1, 1, 0)
(7, 11, 2, 0, 1)
(7, 11, 2, .05, 1)
(7, 11, 2, .1, 0)
(7, 11, 2, .15, 0)
(7, 11, 2, .2, 0)
(7, 11, 2, .25, 0)
(7, 11, 2, .3, 0)
(7, 11, 2, .35, 0)
(7, 11, 2, .4, 0)
(7, 11, 2, .45, 0)
(7, 11, 2, .5, 0)
(7, 11, 2, .55, 0)
(7, 11, 2, .6, 0)
(7, 11, 2, .65, 0)
(7, 11, 2, .7, 0)
(7, 11, 2, .75, 0)
(7, 11, 2, .8, 0)
(7, 11, 2, .85, 0)
(7, 11, 2, .9, 0)
(7, 11, 2, .95, 0)
(7, 11, 2, 1, 0)
(7, 11, 3, 0, 1)
(7, 11, 3, .05, 1)
(7, 11, 3, .1, 0)
(7, 11, 3, .15, 0)
(7, 11, 3, .2, 0)
(7, 11, 3, .25, 0)
(7, 11, 3, .3, 0)
(7, 11, 3, .35, 0)
(7, 11, 3, .4, 0)
(7, 11, 3, .45, 0)
(7, 11, 3, .5, 0)
(7, 11, 3, .55, 0)
(7, 11, 3, .6, 0)
(7, 11, 3, .65, 0)
(7, 11, 3, .7, 0)
(7, 11, 3, .75, 0)
(7, 11, 3, .8, 0)
(7, 11, 3, .85, 0)
(7, 11, 3, .9, 0)
(7, 11, 3, .95, 0)
(7, 11, 3, 1, 0)
(7, 11, 4, 0, 1)
(7, 11, 4, .05, 1)
(7, 11, 4, .1, 0)
(7, 11, 4, .15, 0)
(7, 11, 4, .2, 0)
(7, 11, 4, .25, 0)
(7, 11, 4, .3, 0)
(7, 11, 4, .35, 0)
(7, 11, 4, .4, 0)
(7, 11, 4, .45, 0)
(7, 11, 4, .5, 0)
(7, 11, 4, .55, 0)
(7, 11, 4, .6, 0)
(7, 11, 4, .65, 0)
(7, 11, 4, .7, 0)
(7, 11, 4, .75, 0)
(7, 11, 4, .8, 0)
(7, 11, 4, .85, 0)
(7, 11, 4, .9, 0)
(7, 11, 4, .95, 0)
(7, 11, 4, 1, 0)
(7, 11, 5, 0, 1)
(7, 11, 5, .05, 1)
(7, 11, 5, .1, 0)
(7, 11, 5, .15, 0)
(7, 11, 5, .2, 0)
(7, 11, 5, .25, 0)
(7, 11, 5, .3, 0)
(7, 11, 5, .35, 0)
(7, 11, 5, .4, 0)
(7, 11, 5, .45, 0)
(7, 11, 5, .5, 0)
(7, 11, 5, .55, 0)
(7, 11, 5, .6, 0)
(7, 11, 5, .65, 0)
(7, 11, 5, .7, 0)
(7, 11, 5, .75, 0)
(7, 11, 5, .8, 0)
(7, 11, 5, .85, 0)
(7, 11, 5, .9, 0)
(7, 11, 5, .95, 0)
(7, 11, 5, 1, 0)
(7, 11, 6, 0, 1)
(7, 11, 6, .05, 1)
(7, 11, 6, .1, 0)
(7, 11, 6, .15, 0)
(7, 11, 6, .2, 0)
(7, 11, 6, .25, 0)
(7, 11, 6, .3, 0)
(7, 11, 6, .35, 0)
(7, 11, 6, .4, 0)
(7, 11, 6, .45, 0)
(7, 11, 6, .5, 0)
(7, 11, 6, .55, 0)
(7, 11, 6, .6, 0)
(7, 11, 6, .65, 0)
(7, 11, 6, .7, 0)
(7, 11, 6, .75, 0)
(7, 11, 6, .8, 0)
(7, 11, 6, .85, 0)
(7, 11, 6, .9, 0)
(7, 11, 6, .95, 0)
(7, 11, 6, 1, 0)
(7, 11, 7, 0, 1)
(7, 11, 7, .05, 1)
(7, 11, 7, .1, 0)
(7, 11, 7, .15, 0)
(7, 11, 7, .2, 0)
(7, 11, 7, .25, 0)
(7, 11, 7, .3, 0)
(7, 11, 7, .35, 0)
(7, 11, 7, .4, 0)
(7, 11, 7, .45, 0)
(7, 11, 7, .5, 0)
(7, 11, 7, .55, 0)
(7, 11, 7, .6, 0)
(7, 11, 7, .65, 0)
(7, 11, 7, .7, 0)
(7, 11, 7, .75, 0)
(7, 11, 7, .8, 0)
(7, 11, 7, .85, 0)
(7, 11, 7, .9, 0)
(7, 11, 7, .95, 0)
(7, 11, 7, 1, 0)
(7, 11, 8, 0, 1)
(7, 11, 8, .05, 1)
(7, 11, 8, .1, 0)
(7, 11, 8, .15, 0)
(7, 11, 8, .2, 0)
(7, 11, 8, .25, 0)
(7, 11, 8, .3, 0)
(7, 11, 8, .35, 0)
(7, 11, 8, .4, 0)
(7, 11, 8, .45, 0)
(7, 11, 8, .5, 0)
(7, 11, 8, .55, 0)
(7, 11, 8, .6, 0)
(7, 11, 8, .65, 0)
(7, 11, 8, .7, 0)
(7, 11, 8, .75, 0)
(7, 11, 8, .8, 0)
(7, 11, 8, .85, 0)
(7, 11, 8, .9, 0)
(7, 11, 8, .95, 0)
(7, 11, 8, 1, 0)
(7, 11, 9, 0, 1)
(7, 11, 9, .05, 1)
(7, 11, 9, .1, 0)
(7, 11, 9, .15, 0)
(7, 11, 9, .2, 0)
(7, 11, 9, .25, 0)
(7, 11, 9, .3, 0)
(7, 11, 9, .35, 0)
(7, 11, 9, .4, 0)
(7, 11, 9, .45, 0)
(7, 11, 9, .5, 0)
(7, 11, 9, .55, 0)
(7, 11, 9, .6, 0)
(7, 11, 9, .65, 0)
(7, 11, 9, .7, 0)
(7, 11, 9, .75, 0)
(7, 11, 9, .8, 0)
(7, 11, 9, .85, 0)
(7, 11, 9, .9, 0)
(7, 11, 9, .95, 0)
(7, 11, 9, 1, 0)
(7, 11, 10, 0, 1)
(7, 11, 10, .05, 1)
(7, 11, 10, .1, 0)
(7, 11, 10, .15, 0)
(7, 11, 10, .2, 0)
(7, 11, 10, .25, 0)
(7, 11, 10, .3, 0)
(7, 11, 10, .35, 0)
(7, 11, 10, .4, 0)
(7, 11, 10, .45, 0)
(7, 11, 10, .5, 0)
(7, 11, 10, .55, 0)
(7, 11, 10, .6, 0)
(7, 11, 10, .65, 0)
(7, 11, 10, .7, 0)
(7, 11, 10, .75, 0)
(7, 11, 10, .8, 0)
(7, 11, 10, .85, 0)
(7, 11, 10, .9, 0)
(7, 11, 10, .95, 0)
(7, 11, 10, 1, 0)
(7, 11, 11, 0, 1)
(7, 11, 11, .05, 1)
(7, 11, 11, .1, 0)
(7, 11, 11, .15, 0)
(7, 11, 11, .2, 0)
(7, 11, 11, .25, 0)
(7, 11, 11, .3, 0)
(7, 11, 11, .35, 0)
(7, 11, 11, .4, 0)
(7, 11, 11, .45, 0)
(7, 11, 11, .5, 0)
(7, 11, 11, .55, 0)
(7, 11, 11, .6, 0)
(7, 11, 11, .65, 0)
(7, 11, 11, .7, 0)
(7, 11, 11, .75, 0)
(7, 11, 11, .8, 0)
(7, 11, 11, .85, 0)
(7, 11, 11, .9, 0)
(7, 11, 11, .95, 0)
(7, 11, 11, 1, 0)
(8, 1, 1, 0, 1)
(8, 1, 1, .05, 1)
(8, 1, 1, .1, .826446)
(8, 1, 1, .15, .826446)
(8, 1, 1, .2, .669421)
(8, 1, 1, .25, .669421)
(8, 1, 1, .3, .528926)
(8, 1, 1, .35, .528926)
(8, 1, 1, .4, .404959)
(8, 1, 1, .45, .404959)
(8, 1, 1, .5, .297521)
(8, 1, 1, .55, .206612)
(8, 1, 1, .6, .206612)
(8, 1, 1, .65, .132231)
(8, 1, 1, .7, .132231)
(8, 1, 1, .75, .0743802)
(8, 1, 1, .8, .0743802)
(8, 1, 1, .85, .0330579)
(8, 1, 1, .9, .0330579)
(8, 1, 1, .95, .00826446)
(8, 1, 1, 1, 0)
(8, 1, 2, 0, 1)
(8, 1, 2, .05, 1)
(8, 1, 2, .1, .751315)
(8, 1, 2, .15, .751315)
(8, 1, 2, .2, .547708)
(8, 1, 2, .25, .547708)
(8, 1, 2, .3, .384673)
(8, 1, 2, .35, .384673)
(8, 1, 2, .4, .257701)
(8, 1, 2, .45, .257701)
(8, 1, 2, .5, .162284)
(8, 1, 2, .55, .0939144)
(8, 1, 2, .6, .0939144)
(8, 1, 2, .65, .0480841)
(8, 1, 2, .7, .0480841)
(8, 1, 2, .75, .0202855)
(8, 1, 2, .8, .0202855)
(8, 1, 2, .85, .00601052)
(8, 1, 2, .9, .00601052)
(8, 1, 2, .95, .000751315)
(8, 1, 2, 1, 0)
(8, 1, 3, 0, 1)
(8, 1, 3, .05, 1)
(8, 1, 3, .1, .676183)
(8, 1, 3, .15, .676183)
(8, 1, 3, .2, .432757)
(8, 1, 3, .25, .432757)
(8, 1, 3, .3, .252442)
(8, 1, 3, .35, .252442)
(8, 1, 3, .4, .13148)
(8, 1, 3, .45, .13148)
(8, 1, 3, .5, .0540947)
(8, 1, 3, .55, .0150263)
(8, 1, 3, .6, .0150263)
(8, 1, 3, .65, 0)
(8, 1, 3, .7, 0)
(8, 1, 3, .75, 0)
(8, 1, 3, .8, 0)
(8, 1, 3, .85, 0)
(8, 1, 3, .9, 0)
(8, 1, 3, .95, 0)
(8, 1, 3, 1, 0)
(8, 1, 4, 0, 1)
(8, 1, 4, .05, 1)
(8, 1, 4, .1, .601052)
(8, 1, 4, .15, .601052)
(8, 1, 4, .2, .33133)
(8, 1, 4, .25, .33133)
(8, 1, 4, .3, .150263)
(8, 1, 4, .35, .150263)
(8, 1, 4, .4, .0473328)
(8, 1, 4, .45, .0473328)
(8, 1, 4, .5, .00450789)
(8, 1, 4, .55, 0)
(8, 1, 4, .6, 0)
(8, 1, 4, .65, 0)
(8, 1, 4, .7, 0)
(8, 1, 4, .75, 0)
(8, 1, 4, .8, 0)
(8, 1, 4, .85, 0)
(8, 1, 4, .9, 0)
(8, 1, 4, .95, 0)
(8, 1, 4, 1, 0)
(8, 1, 5, 0, 1)
(8, 1, 5, .05, 1)
(8, 1, 5, .1, .540947)
(8, 1, 5, .15, .540947)
(8, 1, 5, .2, .243426)
(8, 1, 5, .25, .243426)
(8, 1, 5, .3, .0721262)
(8, 1, 5, .35, .0721262)
(8, 1, 5, .4, .0052592)
(8, 1, 5, .45, .0052592)
(8, 1, 5, .5, 0)
(8, 1, 5, .55, 0)
(8, 1, 5, .6, 0)
(8, 1, 5, .65, 0)
(8, 1, 5, .7, 0)
(8, 1, 5, .75, 0)
(8, 1, 5, .8, 0)
(8, 1, 5, .85, 0)
(8, 1, 5, .9, 0)
(8, 1, 5, .95, 0)
(8, 1, 5, 1, 0)
(8, 1, 6, 0, 1)
(8, 1, 6, .05, 1)
(8, 1, 6, .1, .480841)
(8, 1, 6, .15, .480841)
(8, 1, 6, .2, .169046)
(8, 1, 6, .25, .169046)
(8, 1, 6, .3, .0240421)
(8, 1, 6, .35, .0240421)
(8, 1, 6, .4, 0)
(8, 1, 6, .45, 0)
(8, 1, 6, .5, 0)
(8, 1, 6, .55, 0)
(8, 1, 6, .6, 0)
(8, 1, 6, .65, 0)
(8, 1, 6, .7, 0)
(8, 1, 6, .75, 0)
(8, 1, 6, .8, 0)
(8, 1, 6, .85, 0)
(8, 1, 6, .9, 0)
(8, 1, 6, .95, 0)
(8, 1, 6, 1, 0)
(8, 1, 7, 0, 1)
(8, 1, 7, .05, 1)
(8, 1, 7, .1, .420736)
(8, 1, 7, .15, .420736)
(8, 1, 7, .2, .108189)
(8, 1, 7, .25, .108189)
(8, 1, 7, .3, 0)
(8, 1, 7, .35, 0)
(8, 1, 7, .4, 0)
(8, 1, 7, .45, 0)
(8, 1, 7, .5, 0)
(8, 1, 7, .55, 0)
(8, 1, 7, .6, 0)
(8, 1, 7, .65, 0)
(8, 1, 7, .7, 0)
(8, 1, 7, .75, 0)
(8, 1, 7, .8, 0)
(8, 1, 7, .85, 0)
(8, 1, 7, .9, 0)
(8, 1, 7, .95, 0)
(8, 1, 7, 1, 0)
(8, 1, 8, 0, 1)
(8, 1, 8, .05, 1)
(8, 1, 8, .1, .360631)
(8, 1, 8, .15, .360631)
(8, 1, 8, .2, .0608565)
(8, 1, 8, .25, .0608565)
(8, 1, 8, .3, 0)
(8, 1, 8, .35, 0)
(8, 1, 8, .4, 0)
(8, 1, 8, .45, 0)
(8, 1, 8, .5, 0)
(8, 1, 8, .55, 0)
(8, 1, 8, .6, 0)
(8, 1, 8, .65, 0)
(8, 1, 8, .7, 0)
(8, 1, 8, .75, 0)
(8, 1, 8, .8, 0)
(8, 1, 8, .85, 0)
(8, 1, 8, .9, 0)
(8, 1, 8, .95, 0)
(8, 1, 8, 1, 0)
(8, 1, 9, 0, 1)
(8, 1, 9, .05, 1)
(8, 1, 9, .1, .315552)
(8, 1, 9, .15, .315552)
(8, 1, 9, .2, .0270473)
(8, 1, 9, .25, .0270473)
(8, 1, 9, .3, 0)
(8, 1, 9, .35, 0)
(8, 1, 9, .4, 0)
(8, 1, 9, .45, 0)
(8, 1, 9, .5, 0)
(8, 1, 9, .55, 0)
(8, 1, 9, .6, 0)
(8, 1, 9, .65, 0)
(8, 1, 9, .7, 0)
(8, 1, 9, .75, 0)
(8, 1, 9, .8, 0)
(8, 1, 9, .85, 0)
(8, 1, 9, .9, 0)
(8, 1, 9, .95, 0)
(8, 1, 9, 1, 0)
(8, 1, 10, 0, 1)
(8, 1, 10, .05, 1)
(8, 1, 10, .1, .270473)
(8, 1, 10, .15, .270473)
(8, 1, 10, .2, .00676183)
(8, 1, 10, .25, .00676183)
(8, 1, 10, .3, 0)
(8, 1, 10, .35, 0)
(8, 1, 10, .4, 0)
(8, 1, 10, .45, 0)
(8, 1, 10, .5, 0)
(8, 1, 10, .55, 0)
(8, 1, 10, .6, 0)
(8, 1, 10, .65, 0)
(8, 1, 10, .7, 0)
(8, 1, 10, .75, 0)
(8, 1, 10, .8, 0)
(8, 1, 10, .85, 0)
(8, 1, 10, .9, 0)
(8, 1, 10, .95, 0)
(8, 1, 10, 1, 0)
(8, 1, 11, 0, 1)
(8, 1, 11, .05, 1)
(8, 1, 11, .1, 0)
(8, 1, 11, .15, 0)
(8, 1, 11, .2, 0)
(8, 1, 11, .25, 0)
(8, 1, 11, .3, 0)
(8, 1, 11, .35, 0)
(8, 1, 11, .4, 0)
(8, 1, 11, .45, 0)
(8, 1, 11, .5, 0)
(8, 1, 11, .55, 0)
(8, 1, 11, .6, 0)
(8, 1, 11, .65, 0)
(8, 1, 11, .7, 0)
(8, 1, 11, .75, 0)
(8, 1, 11, .8, 0)
(8, 1, 11, .85, 0)
(8, 1, 11, .9, 0)
(8, 1, 11, .95, 0)
(8, 1, 11, 1, 0)
(8, 2, 1, 0, 1)
(8, 2, 1, .05, 1)
(8, 2, 1, .1, .751315)
(8, 2, 1, .15, .751315)
(8, 2, 1, .2, .547708)
(8, 2, 1, .25, .547708)
(8, 2, 1, .3, .384673)
(8, 2, 1, .35, .384673)
(8, 2, 1, .4, .257701)
(8, 2, 1, .45, .257701)
(8, 2, 1, .5, .162284)
(8, 2, 1, .55, .0939144)
(8, 2, 1, .6, .0939144)
(8, 2, 1, .65, .0480841)
(8, 2, 1, .7, .0480841)
(8, 2, 1, .75, .0202855)
(8, 2, 1, .8, .0202855)
(8, 2, 1, .85, .00601052)
(8, 2, 1, .9, .00601052)
(8, 2, 1, .95, .000751315)
(8, 2, 1, 1, 0)
(8, 2, 2, 0, 1)
(8, 2, 2, .05, 1)
(8, 2, 2, .1, .682945)
(8, 2, 2, .15, .682945)
(8, 2, 2, .2, .447032)
(8, 2, 2, .25, .447032)
(8, 2, 2, .3, .27423)
(8, 2, 2, .35, .27423)
(8, 2, 2, .4, .150263)
(8, 2, 2, .45, .150263)
(8, 2, 2, .5, .0683696)
(8, 2, 2, .55, .0225394)
(8, 2, 2, .6, .0225394)
(8, 2, 2, .65, .00375657)
(8, 2, 2, .7, .00375657)
(8, 2, 2, .75, 0)
(8, 2, 2, .8, 0)
(8, 2, 2, .85, 0)
(8, 2, 2, .9, 0)
(8, 2, 2, .95, 0)
(8, 2, 2, 1, 0)
(8, 2, 3, 0, 1)
(8, 2, 3, .05, 1)
(8, 2, 3, .1, .614576)
(8, 2, 3, .15, .614576)
(8, 2, 3, .2, .351615)
(8, 2, 3, .25, .351615)
(8, 2, 3, .3, .172802)
(8, 2, 3, .35, .172802)
(8, 2, 3, .4, .066867)
(8, 2, 3, .45, .066867)
(8, 2, 3, .5, .0150263)
(8, 2, 3, .55, .000751315)
(8, 2, 3, .6, .000751315)
(8, 2, 3, .65, 0)
(8, 2, 3, .7, 0)
(8, 2, 3, .75, 0)
(8, 2, 3, .8, 0)
(8, 2, 3, .85, 0)
(8, 2, 3, .9, 0)
(8, 2, 3, .95, 0)
(8, 2, 3, 1, 0)
(8, 2, 4, 0, 1)
(8, 2, 4, .05, 1)
(8, 2, 4, .1, .546206)
(8, 2, 4, .15, .546206)
(8, 2, 4, .2, .266717)
(8, 2, 4, .25, .266717)
(8, 2, 4, .3, .0976709)
(8, 2, 4, .35, .0976709)
(8, 2, 4, .4, .0210368)
(8, 2, 4, .45, .0210368)
(8, 2, 4, .5, .000751315)
(8, 2, 4, .55, 0)
(8, 2, 4, .6, 0)
(8, 2, 4, .65, 0)
(8, 2, 4, .7, 0)
(8, 2, 4, .75, 0)
(8, 2, 4, .8, 0)
(8, 2, 4, .85, 0)
(8, 2, 4, .9, 0)
(8, 2, 4, .95, 0)
(8, 2, 4, 1, 0)
(8, 2, 5, 0, 1)
(8, 2, 5, .05, 1)
(8, 2, 5, .1, .49136)
(8, 2, 5, .15, .49136)
(8, 2, 5, .2, .193088)
(8, 2, 5, .25, .193088)
(8, 2, 5, .3, .0450789)
(8, 2, 5, .35, .0450789)
(8, 2, 5, .4, .00225394)
(8, 2, 5, .45, .00225394)
(8, 2, 5, .5, 0)
(8, 2, 5, .55, 0)
(8, 2, 5, .6, 0)
(8, 2, 5, .65, 0)
(8, 2, 5, .7, 0)
(8, 2, 5, .75, 0)
(8, 2, 5, .8, 0)
(8, 2, 5, .85, 0)
(8, 2, 5, .9, 0)
(8, 2, 5, .95, 0)
(8, 2, 5, 1, 0)
(8, 2, 6, 0, 1)
(8, 2, 6, .05, 1)
(8, 2, 6, .1, .436514)
(8, 2, 6, .15, .436514)
(8, 2, 6, .2, .132231)
(8, 2, 6, .25, .132231)
(8, 2, 6, .3, .0150263)
(8, 2, 6, .35, .0150263)
(8, 2, 6, .4, 0)
(8, 2, 6, .45, 0)
(8, 2, 6, .5, 0)
(8, 2, 6, .55, 0)
(8, 2, 6, .6, 0)
(8, 2, 6, .65, 0)
(8, 2, 6, .7, 0)
(8, 2, 6, .75, 0)
(8, 2, 6, .8, 0)
(8, 2, 6, .85, 0)
(8, 2, 6, .9, 0)
(8, 2, 6, .95, 0)
(8, 2, 6, 1, 0)
(8, 2, 7, 0, 1)
(8, 2, 7, .05, 1)
(8, 2, 7, .1, .381668)
(8, 2, 7, .15, .381668)
(8, 2, 7, .2, .0841473)
(8, 2, 7, .25, .0841473)
(8, 2, 7, .3, 0)
(8, 2, 7, .35, 0)
(8, 2, 7, .4, 0)
(8, 2, 7, .45, 0)
(8, 2, 7, .5, 0)
(8, 2, 7, .55, 0)
(8, 2, 7, .6, 0)
(8, 2, 7, .65, 0)
(8, 2, 7, .7, 0)
(8, 2, 7, .75, 0)
(8, 2, 7, .8, 0)
(8, 2, 7, .85, 0)
(8, 2, 7, .9, 0)
(8, 2, 7, .95, 0)
(8, 2, 7, 1, 0)
(8, 2, 8, 0, 1)
(8, 2, 8, .05, 1)
(8, 2, 8, .1, .326822)
(8, 2, 8, .15, .326822)
(8, 2, 8, .2, .0473328)
(8, 2, 8, .25, .0473328)
(8, 2, 8, .3, 0)
(8, 2, 8, .35, 0)
(8, 2, 8, .4, 0)
(8, 2, 8, .45, 0)
(8, 2, 8, .5, 0)
(8, 2, 8, .55, 0)
(8, 2, 8, .6, 0)
(8, 2, 8, .65, 0)
(8, 2, 8, .7, 0)
(8, 2, 8, .75, 0)
(8, 2, 8, .8, 0)
(8, 2, 8, .85, 0)
(8, 2, 8, .9, 0)
(8, 2, 8, .95, 0)
(8, 2, 8, 1, 0)
(8, 2, 9, 0, 1)
(8, 2, 9, .05, 1)
(8, 2, 9, .1, .2855)
(8, 2, 9, .15, .2855)
(8, 2, 9, .2, .0210368)
(8, 2, 9, .25, .0210368)
(8, 2, 9, .3, 0)
(8, 2, 9, .35, 0)
(8, 2, 9, .4, 0)
(8, 2, 9, .45, 0)
(8, 2, 9, .5, 0)
(8, 2, 9, .55, 0)
(8, 2, 9, .6, 0)
(8, 2, 9, .65, 0)
(8, 2, 9, .7, 0)
(8, 2, 9, .75, 0)
(8, 2, 9, .8, 0)
(8, 2, 9, .85, 0)
(8, 2, 9, .9, 0)
(8, 2, 9, .95, 0)
(8, 2, 9, 1, 0)
(8, 2, 10, 0, 1)
(8, 2, 10, .05, 1)
(8, 2, 10, .1, .244177)
(8, 2, 10, .15, .244177)
(8, 2, 10, .2, .0052592)
(8, 2, 10, .25, .0052592)
(8, 2, 10, .3, 0)
(8, 2, 10, .35, 0)
(8, 2, 10, .4, 0)
(8, 2, 10, .45, 0)
(8, 2, 10, .5, 0)
(8, 2, 10, .55, 0)
(8, 2, 10, .6, 0)
(8, 2, 10, .65, 0)
(8, 2, 10, .7, 0)
(8, 2, 10, .75, 0)
(8, 2, 10, .8, 0)
(8, 2, 10, .85, 0)
(8, 2, 10, .9, 0)
(8, 2, 10, .95, 0)
(8, 2, 10, 1, 0)
(8, 2, 11, 0, 1)
(8, 2, 11, .05, 1)
(8, 2, 11, .1, 0)
(8, 2, 11, .15, 0)
(8, 2, 11, .2, 0)
(8, 2, 11, .25, 0)
(8, 2, 11, .3, 0)
(8, 2, 11, .35, 0)
(8, 2, 11, .4, 0)
(8, 2, 11, .45, 0)
(8, 2, 11, .5, 0)
(8, 2, 11, .55, 0)
(8, 2, 11, .6, 0)
(8, 2, 11, .65, 0)
(8, 2, 11, .7, 0)
(8, 2, 11, .75, 0)
(8, 2, 11, .8, 0)
(8, 2, 11, .85, 0)
(8, 2, 11, .9, 0)
(8, 2, 11, .95, 0)
(8, 2, 11, 1, 0)
(8, 3, 1, 0, 1)
(8, 3, 1, .05, 1)
(8, 3, 1, .1, .676183)
(8, 3, 1, .15, .676183)
(8, 3, 1, .2, .432757)
(8, 3, 1, .25, .432757)
(8, 3, 1, .3, .252442)
(8, 3, 1, .35, .252442)
(8, 3, 1, .4, .13148)
(8, 3, 1, .45, .13148)
(8, 3, 1, .5, .0540947)
(8, 3, 1, .55, .0150263)
(8, 3, 1, .6, .0150263)
(8, 3, 1, .65, 0)
(8, 3, 1, .7, 0)
(8, 3, 1, .75, 0)
(8, 3, 1, .8, 0)
(8, 3, 1, .85, 0)
(8, 3, 1, .9, 0)
(8, 3, 1, .95, 0)
(8, 3, 1, 1, 0)
(8, 3, 2, 0, 1)
(8, 3, 2, .05, 1)
(8, 3, 2, .1, .614576)
(8, 3, 2, .15, .614576)
(8, 3, 2, .2, .351615)
(8, 3, 2, .25, .351615)
(8, 3, 2, .3, .172802)
(8, 3, 2, .35, .172802)
(8, 3, 2, .4, .066867)
(8, 3, 2, .45, .066867)
(8, 3, 2, .5, .0150263)
(8, 3, 2, .55, .000751315)
(8, 3, 2, .6, .000751315)
(8, 3, 2, .65, 0)
(8, 3, 2, .7, 0)
(8, 3, 2, .75, 0)
(8, 3, 2, .8, 0)
(8, 3, 2, .85, 0)
(8, 3, 2, .9, 0)
(8, 3, 2, .95, 0)
(8, 3, 2, 1, 0)
(8, 3, 3, 0, 1)
(8, 3, 3, .05, 1)
(8, 3, 3, .1, .552968)
(8, 3, 3, .15, .552968)
(8, 3, 3, .2, .27423)
(8, 3, 3, .25, .27423)
(8, 3, 3, .3, .102179)
(8, 3, 3, .35, .102179)
(8, 3, 3, .4, .0225394)
(8, 3, 3, .45, .0225394)
(8, 3, 3, .5, 0)
(8, 3, 3, .55, 0)
(8, 3, 3, .6, 0)
(8, 3, 3, .65, 0)
(8, 3, 3, .7, 0)
(8, 3, 3, .75, 0)
(8, 3, 3, .8, 0)
(8, 3, 3, .85, 0)
(8, 3, 3, .9, 0)
(8, 3, 3, .95, 0)
(8, 3, 3, 1, 0)
(8, 3, 4, 0, 1)
(8, 3, 4, .05, 1)
(8, 3, 4, .1, .49136)
(8, 3, 4, .15, .49136)
(8, 3, 4, .2, .205109)
(8, 3, 4, .25, .205109)
(8, 3, 4, .3, .052592)
(8, 3, 4, .35, .052592)
(8, 3, 4, .4, .00375657)
(8, 3, 4, .45, .00375657)
(8, 3, 4, .5, 0)
(8, 3, 4, .55, 0)
(8, 3, 4, .6, 0)
(8, 3, 4, .65, 0)
(8, 3, 4, .7, 0)
(8, 3, 4, .75, 0)
(8, 3, 4, .8, 0)
(8, 3, 4, .85, 0)
(8, 3, 4, .9, 0)
(8, 3, 4, .95, 0)
(8, 3, 4, 1, 0)
(8, 3, 5, 0, 1)
(8, 3, 5, .05, 1)
(8, 3, 5, .1, .441773)
(8, 3, 5, .15, .441773)
(8, 3, 5, .2, .145755)
(8, 3, 5, .25, .145755)
(8, 3, 5, .3, .0210368)
(8, 3, 5, .35, .0210368)
(8, 3, 5, .4, 0)
(8, 3, 5, .45, 0)
(8, 3, 5, .5, 0)
(8, 3, 5, .55, 0)
(8, 3, 5, .6, 0)
(8, 3, 5, .65, 0)
(8, 3, 5, .7, 0)
(8, 3, 5, .75, 0)
(8, 3, 5, .8, 0)
(8, 3, 5, .85, 0)
(8, 3, 5, .9, 0)
(8, 3, 5, .95, 0)
(8, 3, 5, 1, 0)
(8, 3, 6, 0, 1)
(8, 3, 6, .05, 1)
(8, 3, 6, .1, .392186)
(8, 3, 6, .15, .392186)
(8, 3, 6, .2, .0976709)
(8, 3, 6, .25, .0976709)
(8, 3, 6, .3, .00601052)
(8, 3, 6, .35, .00601052)
(8, 3, 6, .4, 0)
(8, 3, 6, .45, 0)
(8, 3, 6, .5, 0)
(8, 3, 6, .55, 0)
(8, 3, 6, .6, 0)
(8, 3, 6, .65, 0)
(8, 3, 6, .7, 0)
(8, 3, 6, .75, 0)
(8, 3, 6, .8, 0)
(8, 3, 6, .85, 0)
(8, 3, 6, .9, 0)
(8, 3, 6, .95, 0)
(8, 3, 6, 1, 0)
(8, 3, 7, 0, 1)
(8, 3, 7, .05, 1)
(8, 3, 7, .1, .3426)
(8, 3, 7, .15, .3426)
(8, 3, 7, .2, .0608565)
(8, 3, 7, .25, .0608565)
(8, 3, 7, .3, 0)
(8, 3, 7, .35, 0)
(8, 3, 7, .4, 0)
(8, 3, 7, .45, 0)
(8, 3, 7, .5, 0)
(8, 3, 7, .55, 0)
(8, 3, 7, .6, 0)
(8, 3, 7, .65, 0)
(8, 3, 7, .7, 0)
(8, 3, 7, .75, 0)
(8, 3, 7, .8, 0)
(8, 3, 7, .85, 0)
(8, 3, 7, .9, 0)
(8, 3, 7, .95, 0)
(8, 3, 7, 1, 0)
(8, 3, 8, 0, 1)
(8, 3, 8, .05, 1)
(8, 3, 8, .1, .293013)
(8, 3, 8, .15, .293013)
(8, 3, 8, .2, .0338092)
(8, 3, 8, .25, .0338092)
(8, 3, 8, .3, 0)
(8, 3, 8, .35, 0)
(8, 3, 8, .4, 0)
(8, 3, 8, .45, 0)
(8, 3, 8, .5, 0)
(8, 3, 8, .55, 0)
(8, 3, 8, .6, 0)
(8, 3, 8, .65, 0)
(8, 3, 8, .7, 0)
(8, 3, 8, .75, 0)
(8, 3, 8, .8, 0)
(8, 3, 8, .85, 0)
(8, 3, 8, .9, 0)
(8, 3, 8, .95, 0)
(8, 3, 8, 1, 0)
(8, 3, 9, 0, 1)
(8, 3, 9, .05, 1)
(8, 3, 9, .1, .255447)
(8, 3, 9, .15, .255447)
(8, 3, 9, .2, .0150263)
(8, 3, 9, .25, .0150263)
(8, 3, 9, .3, 0)
(8, 3, 9, .35, 0)
(8, 3, 9, .4, 0)
(8, 3, 9, .45, 0)
(8, 3, 9, .5, 0)
(8, 3, 9, .55, 0)
(8, 3, 9, .6, 0)
(8, 3, 9, .65, 0)
(8, 3, 9, .7, 0)
(8, 3, 9, .75, 0)
(8, 3, 9, .8, 0)
(8, 3, 9, .85, 0)
(8, 3, 9, .9, 0)
(8, 3, 9, .95, 0)
(8, 3, 9, 1, 0)
(8, 3, 10, 0, 1)
(8, 3, 10, .05, 1)
(8, 3, 10, .1, .217881)
(8, 3, 10, .15, .217881)
(8, 3, 10, .2, .00375657)
(8, 3, 10, .25, .00375657)
(8, 3, 10, .3, 0)
(8, 3, 10, .35, 0)
(8, 3, 10, .4, 0)
(8, 3, 10, .45, 0)
(8, 3, 10, .5, 0)
(8, 3, 10, .55, 0)
(8, 3, 10, .6, 0)
(8, 3, 10, .65, 0)
(8, 3, 10, .7, 0)
(8, 3, 10, .75, 0)
(8, 3, 10, .8, 0)
(8, 3, 10, .85, 0)
(8, 3, 10, .9, 0)
(8, 3, 10, .95, 0)
(8, 3, 10, 1, 0)
(8, 3, 11, 0, 1)
(8, 3, 11, .05, 1)
(8, 3, 11, .1, 0)
(8, 3, 11, .15, 0)
(8, 3, 11, .2, 0)
(8, 3, 11, .25, 0)
(8, 3, 11, .3, 0)
(8, 3, 11, .35, 0)
(8, 3, 11, .4, 0)
(8, 3, 11, .45, 0)
(8, 3, 11, .5, 0)
(8, 3, 11, .55, 0)
(8, 3, 11, .6, 0)
(8, 3, 11, .65, 0)
(8, 3, 11, .7, 0)
(8, 3, 11, .75, 0)
(8, 3, 11, .8, 0)
(8, 3, 11, .85, 0)
(8, 3, 11, .9, 0)
(8, 3, 11, .95, 0)
(8, 3, 11, 1, 0)
(8, 4, 1, 0, 1)
(8, 4, 1, .05, 1)
(8, 4, 1, .1, .601052)
(8, 4, 1, .15, .601052)
(8, 4, 1, .2, .33133)
(8, 4, 1, .25, .33133)
(8, 4, 1, .3, .150263)
(8, 4, 1, .35, .150263)
(8, 4, 1, .4, .0473328)
(8, 4, 1, .45, .0473328)
(8, 4, 1, .5, .00450789)
(8, 4, 1, .55, 0)
(8, 4, 1, .6, 0)
(8, 4, 1, .65, 0)
(8, 4, 1, .7, 0)
(8, 4, 1, .75, 0)
(8, 4, 1, .8, 0)
(8, 4, 1, .85, 0)
(8, 4, 1, .9, 0)
(8, 4, 1, .95, 0)
(8, 4, 1, 1, 0)
(8, 4, 2, 0, 1)
(8, 4, 2, .05, 1)
(8, 4, 2, .1, .546206)
(8, 4, 2, .15, .546206)
(8, 4, 2, .2, .266717)
(8, 4, 2, .25, .266717)
(8, 4, 2, .3, .0976709)
(8, 4, 2, .35, .0976709)
(8, 4, 2, .4, .0210368)
(8, 4, 2, .45, .0210368)
(8, 4, 2, .5, .000751315)
(8, 4, 2, .55, 0)
(8, 4, 2, .6, 0)
(8, 4, 2, .65, 0)
(8, 4, 2, .7, 0)
(8, 4, 2, .75, 0)
(8, 4, 2, .8, 0)
(8, 4, 2, .85, 0)
(8, 4, 2, .9, 0)
(8, 4, 2, .95, 0)
(8, 4, 2, 1, 0)
(8, 4, 3, 0, 1)
(8, 4, 3, .05, 1)
(8, 4, 3, .1, .49136)
(8, 4, 3, .15, .49136)
(8, 4, 3, .2, .205109)
(8, 4, 3, .25, .205109)
(8, 4, 3, .3, .052592)
(8, 4, 3, .35, .052592)
(8, 4, 3, .4, .00375657)
(8, 4, 3, .45, .00375657)
(8, 4, 3, .5, 0)
(8, 4, 3, .55, 0)
(8, 4, 3, .6, 0)
(8, 4, 3, .65, 0)
(8, 4, 3, .7, 0)
(8, 4, 3, .75, 0)
(8, 4, 3, .8, 0)
(8, 4, 3, .85, 0)
(8, 4, 3, .9, 0)
(8, 4, 3, .95, 0)
(8, 4, 3, 1, 0)
(8, 4, 4, 0, 1)
(8, 4, 4, .05, 1)
(8, 4, 4, .1, .436514)
(8, 4, 4, .15, .436514)
(8, 4, 4, .2, .150263)
(8, 4, 4, .25, .150263)
(8, 4, 4, .3, .0225394)
(8, 4, 4, .35, .0225394)
(8, 4, 4, .4, 0)
(8, 4, 4, .45, 0)
(8, 4, 4, .5, 0)
(8, 4, 4, .55, 0)
(8, 4, 4, .6, 0)
(8, 4, 4, .65, 0)
(8, 4, 4, .7, 0)
(8, 4, 4, .75, 0)
(8, 4, 4, .8, 0)
(8, 4, 4, .85, 0)
(8, 4, 4, .9, 0)
(8, 4, 4, .95, 0)
(8, 4, 4, 1, 0)
(8, 4, 5, 0, 1)
(8, 4, 5, .05, 1)
(8, 4, 5, .1, .392186)
(8, 4, 5, .15, .392186)
(8, 4, 5, .2, .103681)
(8, 4, 5, .25, .103681)
(8, 4, 5, .3, .00601052)
(8, 4, 5, .35, .00601052)
(8, 4, 5, .4, 0)
(8, 4, 5, .45, 0)
(8, 4, 5, .5, 0)
(8, 4, 5, .55, 0)
(8, 4, 5, .6, 0)
(8, 4, 5, .65, 0)
(8, 4, 5, .7, 0)
(8, 4, 5, .75, 0)
(8, 4, 5, .8, 0)
(8, 4, 5, .85, 0)
(8, 4, 5, .9, 0)
(8, 4, 5, .95, 0)
(8, 4, 5, 1, 0)
(8, 4, 6, 0, 1)
(8, 4, 6, .05, 1)
(8, 4, 6, .1, .347859)
(8, 4, 6, .15, .347859)
(8, 4, 6, .2, .066867)
(8, 4, 6, .25, .066867)
(8, 4, 6, .3, .000751315)
(8, 4, 6, .35, .000751315)
(8, 4, 6, .4, 0)
(8, 4, 6, .45, 0)
(8, 4, 6, .5, 0)
(8, 4, 6, .55, 0)
(8, 4, 6, .6, 0)
(8, 4, 6, .65, 0)
(8, 4, 6, .7, 0)
(8, 4, 6, .75, 0)
(8, 4, 6, .8, 0)
(8, 4, 6, .85, 0)
(8, 4, 6, .9, 0)
(8, 4, 6, .95, 0)
(8, 4, 6, 1, 0)
(8, 4, 7, 0, 1)
(8, 4, 7, .05, 1)
(8, 4, 7, .1, .303531)
(8, 4, 7, .15, .303531)
(8, 4, 7, .2, .0390684)
(8, 4, 7, .25, .0390684)
(8, 4, 7, .3, 0)
(8, 4, 7, .35, 0)
(8, 4, 7, .4, 0)
(8, 4, 7, .45, 0)
(8, 4, 7, .5, 0)
(8, 4, 7, .55, 0)
(8, 4, 7, .6, 0)
(8, 4, 7, .65, 0)
(8, 4, 7, .7, 0)
(8, 4, 7, .75, 0)
(8, 4, 7, .8, 0)
(8, 4, 7, .85, 0)
(8, 4, 7, .9, 0)
(8, 4, 7, .95, 0)
(8, 4, 7, 1, 0)
(8, 4, 8, 0, 1)
(8, 4, 8, .05, 1)
(8, 4, 8, .1, .259204)
(8, 4, 8, .15, .259204)
(8, 4, 8, .2, .0210368)
(8, 4, 8, .25, .0210368)
(8, 4, 8, .3, 0)
(8, 4, 8, .35, 0)
(8, 4, 8, .4, 0)
(8, 4, 8, .45, 0)
(8, 4, 8, .5, 0)
(8, 4, 8, .55, 0)
(8, 4, 8, .6, 0)
(8, 4, 8, .65, 0)
(8, 4, 8, .7, 0)
(8, 4, 8, .75, 0)
(8, 4, 8, .8, 0)
(8, 4, 8, .85, 0)
(8, 4, 8, .9, 0)
(8, 4, 8, .95, 0)
(8, 4, 8, 1, 0)
(8, 4, 9, 0, 1)
(8, 4, 9, .05, 1)
(8, 4, 9, .1, .225394)
(8, 4, 9, .15, .225394)
(8, 4, 9, .2, .00901578)
(8, 4, 9, .25, .00901578)
(8, 4, 9, .3, 0)
(8, 4, 9, .35, 0)
(8, 4, 9, .4, 0)
(8, 4, 9, .45, 0)
(8, 4, 9, .5, 0)
(8, 4, 9, .55, 0)
(8, 4, 9, .6, 0)
(8, 4, 9, .65, 0)
(8, 4, 9, .7, 0)
(8, 4, 9, .75, 0)
(8, 4, 9, .8, 0)
(8, 4, 9, .85, 0)
(8, 4, 9, .9, 0)
(8, 4, 9, .95, 0)
(8, 4, 9, 1, 0)
(8, 4, 10, 0, 1)
(8, 4, 10, .05, 1)
(8, 4, 10, .1, .192337)
(8, 4, 10, .15, .192337)
(8, 4, 10, .2, .00225394)
(8, 4, 10, .25, .00225394)
(8, 4, 10, .3, 0)
(8, 4, 10, .35, 0)
(8, 4, 10, .4, 0)
(8, 4, 10, .45, 0)
(8, 4, 10, .5, 0)
(8, 4, 10, .55, 0)
(8, 4, 10, .6, 0)
(8, 4, 10, .65, 0)
(8, 4, 10, .7, 0)
(8, 4, 10, .75, 0)
(8, 4, 10, .8, 0)
(8, 4, 10, .85, 0)
(8, 4, 10, .9, 0)
(8, 4, 10, .95, 0)
(8, 4, 10, 1, 0)
(8, 4, 11, 0, 1)
(8, 4, 11, .05, 1)
(8, 4, 11, .1, 0)
(8, 4, 11, .15, 0)
(8, 4, 11, .2, 0)
(8, 4, 11, .25, 0)
(8, 4, 11, .3, 0)
(8, 4, 11, .35, 0)
(8, 4, 11, .4, 0)
(8, 4, 11, .45, 0)
(8, 4, 11, .5, 0)
(8, 4, 11, .55, 0)
(8, 4, 11, .6, 0)
(8, 4, 11, .65, 0)
(8, 4, 11, .7, 0)
(8, 4, 11, .75, 0)
(8, 4, 11, .8, 0)
(8, 4, 11, .85, 0)
(8, 4, 11, .9, 0)
(8, 4, 11, .95, 0)
(8, 4, 11, 1, 0)
(8, 5, 1, 0, 1)
(8, 5, 1, .05, 1)
(8, 5, 1, .1, .540947)
(8, 5, 1, .15, .540947)
(8, 5, 1, .2, .243426)
(8, 5, 1, .25, .243426)
(8, 5, 1, .3, .0721262)
(8, 5, 1, .35, .0721262)
(8, 5, 1, .4, .0052592)
(8, 5, 1, .45, .0052592)
(8, 5, 1, .5, 0)
(8, 5, 1, .55, 0)
(8, 5, 1, .6, 0)
(8, 5, 1, .65, 0)
(8, 5, 1, .7, 0)
(8, 5, 1, .75, 0)
(8, 5, 1, .8, 0)
(8, 5, 1, .85, 0)
(8, 5, 1, .9, 0)
(8, 5, 1, .95, 0)
(8, 5, 1, 1, 0)
(8, 5, 2, 0, 1)
(8, 5, 2, .05, 1)
(8, 5, 2, .1, .49136)
(8, 5, 2, .15, .49136)
(8, 5, 2, .2, .193088)
(8, 5, 2, .25, .193088)
(8, 5, 2, .3, .0450789)
(8, 5, 2, .35, .0450789)
(8, 5, 2, .4, .00225394)
(8, 5, 2, .45, .00225394)
(8, 5, 2, .5, 0)
(8, 5, 2, .55, 0)
(8, 5, 2, .6, 0)
(8, 5, 2, .65, 0)
(8, 5, 2, .7, 0)
(8, 5, 2, .75, 0)
(8, 5, 2, .8, 0)
(8, 5, 2, .85, 0)
(8, 5, 2, .9, 0)
(8, 5, 2, .95, 0)
(8, 5, 2, 1, 0)
(8, 5, 3, 0, 1)
(8, 5, 3, .05, 1)
(8, 5, 3, .1, .441773)
(8, 5, 3, .15, .441773)
(8, 5, 3, .2, .145755)
(8, 5, 3, .25, .145755)
(8, 5, 3, .3, .0210368)
(8, 5, 3, .35, .0210368)
(8, 5, 3, .4, 0)
(8, 5, 3, .45, 0)
(8, 5, 3, .5, 0)
(8, 5, 3, .55, 0)
(8, 5, 3, .6, 0)
(8, 5, 3, .65, 0)
(8, 5, 3, .7, 0)
(8, 5, 3, .75, 0)
(8, 5, 3, .8, 0)
(8, 5, 3, .85, 0)
(8, 5, 3, .9, 0)
(8, 5, 3, .95, 0)
(8, 5, 3, 1, 0)
(8, 5, 4, 0, 1)
(8, 5, 4, .05, 1)
(8, 5, 4, .1, .392186)
(8, 5, 4, .15, .392186)
(8, 5, 4, .2, .103681)
(8, 5, 4, .25, .103681)
(8, 5, 4, .3, .00601052)
(8, 5, 4, .35, .00601052)
(8, 5, 4, .4, 0)
(8, 5, 4, .45, 0)
(8, 5, 4, .5, 0)
(8, 5, 4, .55, 0)
(8, 5, 4, .6, 0)
(8, 5, 4, .65, 0)
(8, 5, 4, .7, 0)
(8, 5, 4, .75, 0)
(8, 5, 4, .8, 0)
(8, 5, 4, .85, 0)
(8, 5, 4, .9, 0)
(8, 5, 4, .95, 0)
(8, 5, 4, 1, 0)
(8, 5, 5, 0, 1)
(8, 5, 5, .05, 1)
(8, 5, 5, .1, .351615)
(8, 5, 5, .15, .351615)
(8, 5, 5, .2, .0683696)
(8, 5, 5, .25, .0683696)
(8, 5, 5, .3, 0)
(8, 5, 5, .35, 0)
(8, 5, 5, .4, 0)
(8, 5, 5, .45, 0)
(8, 5, 5, .5, 0)
(8, 5, 5, .55, 0)
(8, 5, 5, .6, 0)
(8, 5, 5, .65, 0)
(8, 5, 5, .7, 0)
(8, 5, 5, .75, 0)
(8, 5, 5, .8, 0)
(8, 5, 5, .85, 0)
(8, 5, 5, .9, 0)
(8, 5, 5, .95, 0)
(8, 5, 5, 1, 0)
(8, 5, 6, 0, 1)
(8, 5, 6, .05, 1)
(8, 5, 6, .1, .311044)
(8, 5, 6, .15, .311044)
(8, 5, 6, .2, .0413223)
(8, 5, 6, .25, .0413223)
(8, 5, 6, .3, 0)
(8, 5, 6, .35, 0)
(8, 5, 6, .4, 0)
(8, 5, 6, .45, 0)
(8, 5, 6, .5, 0)
(8, 5, 6, .55, 0)
(8, 5, 6, .6, 0)
(8, 5, 6, .65, 0)
(8, 5, 6, .7, 0)
(8, 5, 6, .75, 0)
(8, 5, 6, .8, 0)
(8, 5, 6, .85, 0)
(8, 5, 6, .9, 0)
(8, 5, 6, .95, 0)
(8, 5, 6, 1, 0)
(8, 5, 7, 0, 1)
(8, 5, 7, .05, 1)
(8, 5, 7, .1, .270473)
(8, 5, 7, .15, .270473)
(8, 5, 7, .2, .0210368)
(8, 5, 7, .25, .0210368)
(8, 5, 7, .3, 0)
(8, 5, 7, .35, 0)
(8, 5, 7, .4, 0)
(8, 5, 7, .45, 0)
(8, 5, 7, .5, 0)
(8, 5, 7, .55, 0)
(8, 5, 7, .6, 0)
(8, 5, 7, .65, 0)
(8, 5, 7, .7, 0)
(8, 5, 7, .75, 0)
(8, 5, 7, .8, 0)
(8, 5, 7, .85, 0)
(8, 5, 7, .9, 0)
(8, 5, 7, .95, 0)
(8, 5, 7, 1, 0)
(8, 5, 8, 0, 1)
(8, 5, 8, .05, 1)
(8, 5, 8, .1, .229902)
(8, 5, 8, .15, .229902)
(8, 5, 8, .2, .0105184)
(8, 5, 8, .25, .0105184)
(8, 5, 8, .3, 0)
(8, 5, 8, .35, 0)
(8, 5, 8, .4, 0)
(8, 5, 8, .45, 0)
(8, 5, 8, .5, 0)
(8, 5, 8, .55, 0)
(8, 5, 8, .6, 0)
(8, 5, 8, .65, 0)
(8, 5, 8, .7, 0)
(8, 5, 8, .75, 0)
(8, 5, 8, .8, 0)
(8, 5, 8, .85, 0)
(8, 5, 8, .9, 0)
(8, 5, 8, .95, 0)
(8, 5, 8, 1, 0)
(8, 5, 9, 0, 1)
(8, 5, 9, .05, 1)
(8, 5, 9, .1, .198347)
(8, 5, 9, .15, .198347)
(8, 5, 9, .2, .00375657)
(8, 5, 9, .25, .00375657)
(8, 5, 9, .3, 0)
(8, 5, 9, .35, 0)
(8, 5, 9, .4, 0)
(8, 5, 9, .45, 0)
(8, 5, 9, .5, 0)
(8, 5, 9, .55, 0)
(8, 5, 9, .6, 0)
(8, 5, 9, .65, 0)
(8, 5, 9, .7, 0)
(8, 5, 9, .75, 0)
(8, 5, 9, .8, 0)
(8, 5, 9, .85, 0)
(8, 5, 9, .9, 0)
(8, 5, 9, .95, 0)
(8, 5, 9, 1, 0)
(8, 5, 10, 0, 1)
(8, 5, 10, .05, 1)
(8, 5, 10, .1, .168295)
(8, 5, 10, .15, .168295)
(8, 5, 10, .2, .000751315)
(8, 5, 10, .25, .000751315)
(8, 5, 10, .3, 0)
(8, 5, 10, .35, 0)
(8, 5, 10, .4, 0)
(8, 5, 10, .45, 0)
(8, 5, 10, .5, 0)
(8, 5, 10, .55, 0)
(8, 5, 10, .6, 0)
(8, 5, 10, .65, 0)
(8, 5, 10, .7, 0)
(8, 5, 10, .75, 0)
(8, 5, 10, .8, 0)
(8, 5, 10, .85, 0)
(8, 5, 10, .9, 0)
(8, 5, 10, .95, 0)
(8, 5, 10, 1, 0)
(8, 5, 11, 0, 1)
(8, 5, 11, .05, 1)
(8, 5, 11, .1, 0)
(8, 5, 11, .15, 0)
(8, 5, 11, .2, 0)
(8, 5, 11, .25, 0)
(8, 5, 11, .3, 0)
(8, 5, 11, .35, 0)
(8, 5, 11, .4, 0)
(8, 5, 11, .45, 0)
(8, 5, 11, .5, 0)
(8, 5, 11, .55, 0)
(8, 5, 11, .6, 0)
(8, 5, 11, .65, 0)
(8, 5, 11, .7, 0)
(8, 5, 11, .75, 0)
(8, 5, 11, .8, 0)
(8, 5, 11, .85, 0)
(8, 5, 11, .9, 0)
(8, 5, 11, .95, 0)
(8, 5, 11, 1, 0)
(8, 6, 1, 0, 1)
(8, 6, 1, .05, 1)
(8, 6, 1, .1, .480841)
(8, 6, 1, .15, .480841)
(8, 6, 1, .2, .169046)
(8, 6, 1, .25, .169046)
(8, 6, 1, .3, .0240421)
(8, 6, 1, .35, .0240421)
(8, 6, 1, .4, 0)
(8, 6, 1, .45, 0)
(8, 6, 1, .5, 0)
(8, 6, 1, .55, 0)
(8, 6, 1, .6, 0)
(8, 6, 1, .65, 0)
(8, 6, 1, .7, 0)
(8, 6, 1, .75, 0)
(8, 6, 1, .8, 0)
(8, 6, 1, .85, 0)
(8, 6, 1, .9, 0)
(8, 6, 1, .95, 0)
(8, 6, 1, 1, 0)
(8, 6, 2, 0, 1)
(8, 6, 2, .05, 1)
(8, 6, 2, .1, .436514)
(8, 6, 2, .15, .436514)
(8, 6, 2, .2, .132231)
(8, 6, 2, .25, .132231)
(8, 6, 2, .3, .0150263)
(8, 6, 2, .35, .0150263)
(8, 6, 2, .4, 0)
(8, 6, 2, .45, 0)
(8, 6, 2, .5, 0)
(8, 6, 2, .55, 0)
(8, 6, 2, .6, 0)
(8, 6, 2, .65, 0)
(8, 6, 2, .7, 0)
(8, 6, 2, .75, 0)
(8, 6, 2, .8, 0)
(8, 6, 2, .85, 0)
(8, 6, 2, .9, 0)
(8, 6, 2, .95, 0)
(8, 6, 2, 1, 0)
(8, 6, 3, 0, 1)
(8, 6, 3, .05, 1)
(8, 6, 3, .1, .392186)
(8, 6, 3, .15, .392186)
(8, 6, 3, .2, .0976709)
(8, 6, 3, .25, .0976709)
(8, 6, 3, .3, .00601052)
(8, 6, 3, .35, .00601052)
(8, 6, 3, .4, 0)
(8, 6, 3, .45, 0)
(8, 6, 3, .5, 0)
(8, 6, 3, .55, 0)
(8, 6, 3, .6, 0)
(8, 6, 3, .65, 0)
(8, 6, 3, .7, 0)
(8, 6, 3, .75, 0)
(8, 6, 3, .8, 0)
(8, 6, 3, .85, 0)
(8, 6, 3, .9, 0)
(8, 6, 3, .95, 0)
(8, 6, 3, 1, 0)
(8, 6, 4, 0, 1)
(8, 6, 4, .05, 1)
(8, 6, 4, .1, .347859)
(8, 6, 4, .15, .347859)
(8, 6, 4, .2, .066867)
(8, 6, 4, .25, .066867)
(8, 6, 4, .3, .000751315)
(8, 6, 4, .35, .000751315)
(8, 6, 4, .4, 0)
(8, 6, 4, .45, 0)
(8, 6, 4, .5, 0)
(8, 6, 4, .55, 0)
(8, 6, 4, .6, 0)
(8, 6, 4, .65, 0)
(8, 6, 4, .7, 0)
(8, 6, 4, .75, 0)
(8, 6, 4, .8, 0)
(8, 6, 4, .85, 0)
(8, 6, 4, .9, 0)
(8, 6, 4, .95, 0)
(8, 6, 4, 1, 0)
(8, 6, 5, 0, 1)
(8, 6, 5, .05, 1)
(8, 6, 5, .1, .311044)
(8, 6, 5, .15, .311044)
(8, 6, 5, .2, .0413223)
(8, 6, 5, .25, .0413223)
(8, 6, 5, .3, 0)
(8, 6, 5, .35, 0)
(8, 6, 5, .4, 0)
(8, 6, 5, .45, 0)
(8, 6, 5, .5, 0)
(8, 6, 5, .55, 0)
(8, 6, 5, .6, 0)
(8, 6, 5, .65, 0)
(8, 6, 5, .7, 0)
(8, 6, 5, .75, 0)
(8, 6, 5, .8, 0)
(8, 6, 5, .85, 0)
(8, 6, 5, .9, 0)
(8, 6, 5, .95, 0)
(8, 6, 5, 1, 0)
(8, 6, 6, 0, 1)
(8, 6, 6, .05, 1)
(8, 6, 6, .1, .27423)
(8, 6, 6, .15, .27423)
(8, 6, 6, .2, .0225394)
(8, 6, 6, .25, .0225394)
(8, 6, 6, .3, 0)
(8, 6, 6, .35, 0)
(8, 6, 6, .4, 0)
(8, 6, 6, .45, 0)
(8, 6, 6, .5, 0)
(8, 6, 6, .55, 0)
(8, 6, 6, .6, 0)
(8, 6, 6, .65, 0)
(8, 6, 6, .7, 0)
(8, 6, 6, .75, 0)
(8, 6, 6, .8, 0)
(8, 6, 6, .85, 0)
(8, 6, 6, .9, 0)
(8, 6, 6, .95, 0)
(8, 6, 6, 1, 0)
(8, 6, 7, 0, 1)
(8, 6, 7, .05, 1)
(8, 6, 7, .1, .237415)
(8, 6, 7, .15, .237415)
(8, 6, 7, .2, .00901578)
(8, 6, 7, .25, .00901578)
(8, 6, 7, .3, 0)
(8, 6, 7, .35, 0)
(8, 6, 7, .4, 0)
(8, 6, 7, .45, 0)
(8, 6, 7, .5, 0)
(8, 6, 7, .55, 0)
(8, 6, 7, .6, 0)
(8, 6, 7, .65, 0)
(8, 6, 7, .7, 0)
(8, 6, 7, .75, 0)
(8, 6, 7, .8, 0)
(8, 6, 7, .85, 0)
(8, 6, 7, .9, 0)
(8, 6, 7, .95, 0)
(8, 6, 7, 1, 0)
(8, 6, 8, 0, 1)
(8, 6, 8, .05, 1)
(8, 6, 8, .1, .201352)
(8, 6, 8, .15, .201352)
(8, 6, 8, .2, .00375657)
(8, 6, 8, .25, .00375657)
(8, 6, 8, .3, 0)
(8, 6, 8, .35, 0)
(8, 6, 8, .4, 0)
(8, 6, 8, .45, 0)
(8, 6, 8, .5, 0)
(8, 6, 8, .55, 0)
(8, 6, 8, .6, 0)
(8, 6, 8, .65, 0)
(8, 6, 8, .7, 0)
(8, 6, 8, .75, 0)
(8, 6, 8, .8, 0)
(8, 6, 8, .85, 0)
(8, 6, 8, .9, 0)
(8, 6, 8, .95, 0)
(8, 6, 8, 1, 0)
(8, 6, 9, 0, 1)
(8, 6, 9, .05, 1)
(8, 6, 9, .1, .172802)
(8, 6, 9, .15, .172802)
(8, 6, 9, .2, .000751315)
(8, 6, 9, .25, .000751315)
(8, 6, 9, .3, 0)
(8, 6, 9, .35, 0)
(8, 6, 9, .4, 0)
(8, 6, 9, .45, 0)
(8, 6, 9, .5, 0)
(8, 6, 9, .55, 0)
(8, 6, 9, .6, 0)
(8, 6, 9, .65, 0)
(8, 6, 9, .7, 0)
(8, 6, 9, .75, 0)
(8, 6, 9, .8, 0)
(8, 6, 9, .85, 0)
(8, 6, 9, .9, 0)
(8, 6, 9, .95, 0)
(8, 6, 9, 1, 0)
(8, 6, 10, 0, 1)
(8, 6, 10, .05, 1)
(8, 6, 10, .1, .145755)
(8, 6, 10, .15, .145755)
(8, 6, 10, .2, 0)
(8, 6, 10, .25, 0)
(8, 6, 10, .3, 0)
(8, 6, 10, .35, 0)
(8, 6, 10, .4, 0)
(8, 6, 10, .45, 0)
(8, 6, 10, .5, 0)
(8, 6, 10, .55, 0)
(8, 6, 10, .6, 0)
(8, 6, 10, .65, 0)
(8, 6, 10, .7, 0)
(8, 6, 10, .75, 0)
(8, 6, 10, .8, 0)
(8, 6, 10, .85, 0)
(8, 6, 10, .9, 0)
(8, 6, 10, .95, 0)
(8, 6, 10, 1, 0)
(8, 6, 11, 0, 1)
(8, 6, 11, .05, 1)
(8, 6, 11, .1, 0)
(8, 6, 11, .15, 0)
(8, 6, 11, .2, 0)
(8, 6, 11, .25, 0)
(8, 6, 11, .3, 0)
(8, 6, 11, .35, 0)
(8, 6, 11, .4, 0)
(8, 6, 11, .45, 0)
(8, 6, 11, .5, 0)
(8, 6, 11, .55, 0)
(8, 6, 11, .6, 0)
(8, 6, 11, .65, 0)
(8, 6, 11, .7, 0)
(8, 6, 11, .75, 0)
(8, 6, 11, .8, 0)
(8, 6, 11, .85, 0)
(8, 6, 11, .9, 0)
(8, 6, 11, .95, 0)
(8, 6, 11, 1, 0)
(8, 7, 1, 0, 1)
(8, 7, 1, .05, 1)
(8, 7, 1, .1, .420736)
(8, 7, 1, .15, .420736)
(8, 7, 1, .2, .108189)
(8, 7, 1, .25, .108189)
(8, 7, 1, .3, 0)
(8, 7, 1, .35, 0)
(8, 7, 1, .4, 0)
(8, 7, 1, .45, 0)
(8, 7, 1, .5, 0)
(8, 7, 1, .55, 0)
(8, 7, 1, .6, 0)
(8, 7, 1, .65, 0)
(8, 7, 1, .7, 0)
(8, 7, 1, .75, 0)
(8, 7, 1, .8, 0)
(8, 7, 1, .85, 0)
(8, 7, 1, .9, 0)
(8, 7, 1, .95, 0)
(8, 7, 1, 1, 0)
(8, 7, 2, 0, 1)
(8, 7, 2, .05, 1)
(8, 7, 2, .1, .381668)
(8, 7, 2, .15, .381668)
(8, 7, 2, .2, .0841473)
(8, 7, 2, .25, .0841473)
(8, 7, 2, .3, 0)
(8, 7, 2, .35, 0)
(8, 7, 2, .4, 0)
(8, 7, 2, .45, 0)
(8, 7, 2, .5, 0)
(8, 7, 2, .55, 0)
(8, 7, 2, .6, 0)
(8, 7, 2, .65, 0)
(8, 7, 2, .7, 0)
(8, 7, 2, .75, 0)
(8, 7, 2, .8, 0)
(8, 7, 2, .85, 0)
(8, 7, 2, .9, 0)
(8, 7, 2, .95, 0)
(8, 7, 2, 1, 0)
(8, 7, 3, 0, 1)
(8, 7, 3, .05, 1)
(8, 7, 3, .1, .3426)
(8, 7, 3, .15, .3426)
(8, 7, 3, .2, .0608565)
(8, 7, 3, .25, .0608565)
(8, 7, 3, .3, 0)
(8, 7, 3, .35, 0)
(8, 7, 3, .4, 0)
(8, 7, 3, .45, 0)
(8, 7, 3, .5, 0)
(8, 7, 3, .55, 0)
(8, 7, 3, .6, 0)
(8, 7, 3, .65, 0)
(8, 7, 3, .7, 0)
(8, 7, 3, .75, 0)
(8, 7, 3, .8, 0)
(8, 7, 3, .85, 0)
(8, 7, 3, .9, 0)
(8, 7, 3, .95, 0)
(8, 7, 3, 1, 0)
(8, 7, 4, 0, 1)
(8, 7, 4, .05, 1)
(8, 7, 4, .1, .303531)
(8, 7, 4, .15, .303531)
(8, 7, 4, .2, .0390684)
(8, 7, 4, .25, .0390684)
(8, 7, 4, .3, 0)
(8, 7, 4, .35, 0)
(8, 7, 4, .4, 0)
(8, 7, 4, .45, 0)
(8, 7, 4, .5, 0)
(8, 7, 4, .55, 0)
(8, 7, 4, .6, 0)
(8, 7, 4, .65, 0)
(8, 7, 4, .7, 0)
(8, 7, 4, .75, 0)
(8, 7, 4, .8, 0)
(8, 7, 4, .85, 0)
(8, 7, 4, .9, 0)
(8, 7, 4, .95, 0)
(8, 7, 4, 1, 0)
(8, 7, 5, 0, 1)
(8, 7, 5, .05, 1)
(8, 7, 5, .1, .270473)
(8, 7, 5, .15, .270473)
(8, 7, 5, .2, .0210368)
(8, 7, 5, .25, .0210368)
(8, 7, 5, .3, 0)
(8, 7, 5, .35, 0)
(8, 7, 5, .4, 0)
(8, 7, 5, .45, 0)
(8, 7, 5, .5, 0)
(8, 7, 5, .55, 0)
(8, 7, 5, .6, 0)
(8, 7, 5, .65, 0)
(8, 7, 5, .7, 0)
(8, 7, 5, .75, 0)
(8, 7, 5, .8, 0)
(8, 7, 5, .85, 0)
(8, 7, 5, .9, 0)
(8, 7, 5, .95, 0)
(8, 7, 5, 1, 0)
(8, 7, 6, 0, 1)
(8, 7, 6, .05, 1)
(8, 7, 6, .1, .237415)
(8, 7, 6, .15, .237415)
(8, 7, 6, .2, .00901578)
(8, 7, 6, .25, .00901578)
(8, 7, 6, .3, 0)
(8, 7, 6, .35, 0)
(8, 7, 6, .4, 0)
(8, 7, 6, .45, 0)
(8, 7, 6, .5, 0)
(8, 7, 6, .55, 0)
(8, 7, 6, .6, 0)
(8, 7, 6, .65, 0)
(8, 7, 6, .7, 0)
(8, 7, 6, .75, 0)
(8, 7, 6, .8, 0)
(8, 7, 6, .85, 0)
(8, 7, 6, .9, 0)
(8, 7, 6, .95, 0)
(8, 7, 6, 1, 0)
(8, 7, 7, 0, 1)
(8, 7, 7, .05, 1)
(8, 7, 7, .1, .204358)
(8, 7, 7, .15, .204358)
(8, 7, 7, .2, .00225394)
(8, 7, 7, .25, .00225394)
(8, 7, 7, .3, 0)
(8, 7, 7, .35, 0)
(8, 7, 7, .4, 0)
(8, 7, 7, .45, 0)
(8, 7, 7, .5, 0)
(8, 7, 7, .55, 0)
(8, 7, 7, .6, 0)
(8, 7, 7, .65, 0)
(8, 7, 7, .7, 0)
(8, 7, 7, .75, 0)
(8, 7, 7, .8, 0)
(8, 7, 7, .85, 0)
(8, 7, 7, .9, 0)
(8, 7, 7, .95, 0)
(8, 7, 7, 1, 0)
(8, 7, 8, 0, 1)
(8, 7, 8, .05, 1)
(8, 7, 8, .1, .172802)
(8, 7, 8, .15, .172802)
(8, 7, 8, .2, .000751315)
(8, 7, 8, .25, .000751315)
(8, 7, 8, .3, 0)
(8, 7, 8, .35, 0)
(8, 7, 8, .4, 0)
(8, 7, 8, .45, 0)
(8, 7, 8, .5, 0)
(8, 7, 8, .55, 0)
(8, 7, 8, .6, 0)
(8, 7, 8, .65, 0)
(8, 7, 8, .7, 0)
(8, 7, 8, .75, 0)
(8, 7, 8, .8, 0)
(8, 7, 8, .85, 0)
(8, 7, 8, .9, 0)
(8, 7, 8, .95, 0)
(8, 7, 8, 1, 0)
(8, 7, 9, 0, 1)
(8, 7, 9, .05, 1)
(8, 7, 9, .1, .147258)
(8, 7, 9, .15, .147258)
(8, 7, 9, .2, 0)
(8, 7, 9, .25, 0)
(8, 7, 9, .3, 0)
(8, 7, 9, .35, 0)
(8, 7, 9, .4, 0)
(8, 7, 9, .45, 0)
(8, 7, 9, .5, 0)
(8, 7, 9, .55, 0)
(8, 7, 9, .6, 0)
(8, 7, 9, .65, 0)
(8, 7, 9, .7, 0)
(8, 7, 9, .75, 0)
(8, 7, 9, .8, 0)
(8, 7, 9, .85, 0)
(8, 7, 9, .9, 0)
(8, 7, 9, .95, 0)
(8, 7, 9, 1, 0)
(8, 7, 10, 0, 1)
(8, 7, 10, .05, 1)
(8, 7, 10, .1, .123216)
(8, 7, 10, .15, .123216)
(8, 7, 10, .2, 0)
(8, 7, 10, .25, 0)
(8, 7, 10, .3, 0)
(8, 7, 10, .35, 0)
(8, 7, 10, .4, 0)
(8, 7, 10, .45, 0)
(8, 7, 10, .5, 0)
(8, 7, 10, .55, 0)
(8, 7, 10, .6, 0)
(8, 7, 10, .65, 0)
(8, 7, 10, .7, 0)
(8, 7, 10, .75, 0)
(8, 7, 10, .8, 0)
(8, 7, 10, .85, 0)
(8, 7, 10, .9, 0)
(8, 7, 10, .95, 0)
(8, 7, 10, 1, 0)
(8, 7, 11, 0, 1)
(8, 7, 11, .05, 1)
(8, 7, 11, .1, 0)
(8, 7, 11, .15, 0)
(8, 7, 11, .2, 0)
(8, 7, 11, .25, 0)
(8, 7, 11, .3, 0)
(8, 7, 11, .35, 0)
(8, 7, 11, .4, 0)
(8, 7, 11, .45, 0)
(8, 7, 11, .5, 0)
(8, 7, 11, .55, 0)
(8, 7, 11, .6, 0)
(8, 7, 11, .65, 0)
(8, 7, 11, .7, 0)
(8, 7, 11, .75, 0)
(8, 7, 11, .8, 0)
(8, 7, 11, .85, 0)
(8, 7, 11, .9, 0)
(8, 7, 11, .95, 0)
(8, 7, 11, 1, 0)
(8, 8, 1, 0, 1)
(8, 8, 1, .05, 1)
(8, 8, 1, .1, .360631)
(8, 8, 1, .15, .360631)
(8, 8, 1, .2, .0608565)
(8, 8, 1, .25, .0608565)
(8, 8, 1, .3, 0)
(8, 8, 1, .35, 0)
(8, 8, 1, .4, 0)
(8, 8, 1, .45, 0)
(8, 8, 1, .5, 0)
(8, 8, 1, .55, 0)
(8, 8, 1, .6, 0)
(8, 8, 1, .65, 0)
(8, 8, 1, .7, 0)
(8, 8, 1, .75, 0)
(8, 8, 1, .8, 0)
(8, 8, 1, .85, 0)
(8, 8, 1, .9, 0)
(8, 8, 1, .95, 0)
(8, 8, 1, 1, 0)
(8, 8, 2, 0, 1)
(8, 8, 2, .05, 1)
(8, 8, 2, .1, .326822)
(8, 8, 2, .15, .326822)
(8, 8, 2, .2, .0473328)
(8, 8, 2, .25, .0473328)
(8, 8, 2, .3, 0)
(8, 8, 2, .35, 0)
(8, 8, 2, .4, 0)
(8, 8, 2, .45, 0)
(8, 8, 2, .5, 0)
(8, 8, 2, .55, 0)
(8, 8, 2, .6, 0)
(8, 8, 2, .65, 0)
(8, 8, 2, .7, 0)
(8, 8, 2, .75, 0)
(8, 8, 2, .8, 0)
(8, 8, 2, .85, 0)
(8, 8, 2, .9, 0)
(8, 8, 2, .95, 0)
(8, 8, 2, 1, 0)
(8, 8, 3, 0, 1)
(8, 8, 3, .05, 1)
(8, 8, 3, .1, .293013)
(8, 8, 3, .15, .293013)
(8, 8, 3, .2, .0338092)
(8, 8, 3, .25, .0338092)
(8, 8, 3, .3, 0)
(8, 8, 3, .35, 0)
(8, 8, 3, .4, 0)
(8, 8, 3, .45, 0)
(8, 8, 3, .5, 0)
(8, 8, 3, .55, 0)
(8, 8, 3, .6, 0)
(8, 8, 3, .65, 0)
(8, 8, 3, .7, 0)
(8, 8, 3, .75, 0)
(8, 8, 3, .8, 0)
(8, 8, 3, .85, 0)
(8, 8, 3, .9, 0)
(8, 8, 3, .95, 0)
(8, 8, 3, 1, 0)
(8, 8, 4, 0, 1)
(8, 8, 4, .05, 1)
(8, 8, 4, .1, .259204)
(8, 8, 4, .15, .259204)
(8, 8, 4, .2, .0210368)
(8, 8, 4, .25, .0210368)
(8, 8, 4, .3, 0)
(8, 8, 4, .35, 0)
(8, 8, 4, .4, 0)
(8, 8, 4, .45, 0)
(8, 8, 4, .5, 0)
(8, 8, 4, .55, 0)
(8, 8, 4, .6, 0)
(8, 8, 4, .65, 0)
(8, 8, 4, .7, 0)
(8, 8, 4, .75, 0)
(8, 8, 4, .8, 0)
(8, 8, 4, .85, 0)
(8, 8, 4, .9, 0)
(8, 8, 4, .95, 0)
(8, 8, 4, 1, 0)
(8, 8, 5, 0, 1)
(8, 8, 5, .05, 1)
(8, 8, 5, .1, .229902)
(8, 8, 5, .15, .229902)
(8, 8, 5, .2, .0105184)
(8, 8, 5, .25, .0105184)
(8, 8, 5, .3, 0)
(8, 8, 5, .35, 0)
(8, 8, 5, .4, 0)
(8, 8, 5, .45, 0)
(8, 8, 5, .5, 0)
(8, 8, 5, .55, 0)
(8, 8, 5, .6, 0)
(8, 8, 5, .65, 0)
(8, 8, 5, .7, 0)
(8, 8, 5, .75, 0)
(8, 8, 5, .8, 0)
(8, 8, 5, .85, 0)
(8, 8, 5, .9, 0)
(8, 8, 5, .95, 0)
(8, 8, 5, 1, 0)
(8, 8, 6, 0, 1)
(8, 8, 6, .05, 1)
(8, 8, 6, .1, .201352)
(8, 8, 6, .15, .201352)
(8, 8, 6, .2, .00375657)
(8, 8, 6, .25, .00375657)
(8, 8, 6, .3, 0)
(8, 8, 6, .35, 0)
(8, 8, 6, .4, 0)
(8, 8, 6, .45, 0)
(8, 8, 6, .5, 0)
(8, 8, 6, .55, 0)
(8, 8, 6, .6, 0)
(8, 8, 6, .65, 0)
(8, 8, 6, .7, 0)
(8, 8, 6, .75, 0)
(8, 8, 6, .8, 0)
(8, 8, 6, .85, 0)
(8, 8, 6, .9, 0)
(8, 8, 6, .95, 0)
(8, 8, 6, 1, 0)
(8, 8, 7, 0, 1)
(8, 8, 7, .05, 1)
(8, 8, 7, .1, .172802)
(8, 8, 7, .15, .172802)
(8, 8, 7, .2, .000751315)
(8, 8, 7, .25, .000751315)
(8, 8, 7, .3, 0)
(8, 8, 7, .35, 0)
(8, 8, 7, .4, 0)
(8, 8, 7, .45, 0)
(8, 8, 7, .5, 0)
(8, 8, 7, .55, 0)
(8, 8, 7, .6, 0)
(8, 8, 7, .65, 0)
(8, 8, 7, .7, 0)
(8, 8, 7, .75, 0)
(8, 8, 7, .8, 0)
(8, 8, 7, .85, 0)
(8, 8, 7, .9, 0)
(8, 8, 7, .95, 0)
(8, 8, 7, 1, 0)
(8, 8, 8, 0, 1)
(8, 8, 8, .05, 1)
(8, 8, 8, .1, .145755)
(8, 8, 8, .15, .145755)
(8, 8, 8, .2, 0)
(8, 8, 8, .25, 0)
(8, 8, 8, .3, 0)
(8, 8, 8, .35, 0)
(8, 8, 8, .4, 0)
(8, 8, 8, .45, 0)
(8, 8, 8, .5, 0)
(8, 8, 8, .55, 0)
(8, 8, 8, .6, 0)
(8, 8, 8, .65, 0)
(8, 8, 8, .7, 0)
(8, 8, 8, .75, 0)
(8, 8, 8, .8, 0)
(8, 8, 8, .85, 0)
(8, 8, 8, .9, 0)
(8, 8, 8, .95, 0)
(8, 8, 8, 1, 0)
(8, 8, 9, 0, 1)
(8, 8, 9, .05, 1)
(8, 8, 9, .1, .123216)
(8, 8, 9, .15, .123216)
(8, 8, 9, .2, 0)
(8, 8, 9, .25, 0)
(8, 8, 9, .3, 0)
(8, 8, 9, .35, 0)
(8, 8, 9, .4, 0)
(8, 8, 9, .45, 0)
(8, 8, 9, .5, 0)
(8, 8, 9, .55, 0)
(8, 8, 9, .6, 0)
(8, 8, 9, .65, 0)
(8, 8, 9, .7, 0)
(8, 8, 9, .75, 0)
(8, 8, 9, .8, 0)
(8, 8, 9, .85, 0)
(8, 8, 9, .9, 0)
(8, 8, 9, .95, 0)
(8, 8, 9, 1, 0)
(8, 8, 10, 0, 1)
(8, 8, 10, .05, 1)
(8, 8, 10, .1, .10293)
(8, 8, 10, .15, .10293)
(8, 8, 10, .2, 0)
(8, 8, 10, .25, 0)
(8, 8, 10, .3, 0)
(8, 8, 10, .35, 0)
(8, 8, 10, .4, 0)
(8, 8, 10, .45, 0)
(8, 8, 10, .5, 0)
(8, 8, 10, .55, 0)
(8, 8, 10, .6, 0)
(8, 8, 10, .65, 0)
(8, 8, 10, .7, 0)
(8, 8, 10, .75, 0)
(8, 8, 10, .8, 0)
(8, 8, 10, .85, 0)
(8, 8, 10, .9, 0)
(8, 8, 10, .95, 0)
(8, 8, 10, 1, 0)
(8, 8, 11, 0, 1)
(8, 8, 11, .05, 1)
(8, 8, 11, .1, 0)
(8, 8, 11, .15, 0)
(8, 8, 11, .2, 0)
(8, 8, 11, .25, 0)
(8, 8, 11, .3, 0)
(8, 8, 11, .35, 0)
(8, 8, 11, .4, 0)
(8, 8, 11, .45, 0)
(8, 8, 11, .5, 0)
(8, 8, 11, .55, 0)
(8, 8, 11, .6, 0)
(8, 8, 11, .65, 0)
(8, 8, 11, .7, 0)
(8, 8, 11, .75, 0)
(8, 8, 11, .8, 0)
(8, 8, 11, .85, 0)
(8, 8, 11, .9, 0)
(8, 8, 11, .95, 0)
(8, 8, 11, 1, 0)
(8, 9, 1, 0, 1)
(8, 9, 1, .05, 1)
(8, 9, 1, .1, .315552)
(8, 9, 1, .15, .315552)
(8, 9, 1, .2, .0270473)
(8, 9, 1, .25, .0270473)
(8, 9, 1, .3, 0)
(8, 9, 1, .35, 0)
(8, 9, 1, .4, 0)
(8, 9, 1, .45, 0)
(8, 9, 1, .5, 0)
(8, 9, 1, .55, 0)
(8, 9, 1, .6, 0)
(8, 9, 1, .65, 0)
(8, 9, 1, .7, 0)
(8, 9, 1, .75, 0)
(8, 9, 1, .8, 0)
(8, 9, 1, .85, 0)
(8, 9, 1, .9, 0)
(8, 9, 1, .95, 0)
(8, 9, 1, 1, 0)
(8, 9, 2, 0, 1)
(8, 9, 2, .05, 1)
(8, 9, 2, .1, .2855)
(8, 9, 2, .15, .2855)
(8, 9, 2, .2, .0210368)
(8, 9, 2, .25, .0210368)
(8, 9, 2, .3, 0)
(8, 9, 2, .35, 0)
(8, 9, 2, .4, 0)
(8, 9, 2, .45, 0)
(8, 9, 2, .5, 0)
(8, 9, 2, .55, 0)
(8, 9, 2, .6, 0)
(8, 9, 2, .65, 0)
(8, 9, 2, .7, 0)
(8, 9, 2, .75, 0)
(8, 9, 2, .8, 0)
(8, 9, 2, .85, 0)
(8, 9, 2, .9, 0)
(8, 9, 2, .95, 0)
(8, 9, 2, 1, 0)
(8, 9, 3, 0, 1)
(8, 9, 3, .05, 1)
(8, 9, 3, .1, .255447)
(8, 9, 3, .15, .255447)
(8, 9, 3, .2, .0150263)
(8, 9, 3, .25, .0150263)
(8, 9, 3, .3, 0)
(8, 9, 3, .35, 0)
(8, 9, 3, .4, 0)
(8, 9, 3, .45, 0)
(8, 9, 3, .5, 0)
(8, 9, 3, .55, 0)
(8, 9, 3, .6, 0)
(8, 9, 3, .65, 0)
(8, 9, 3, .7, 0)
(8, 9, 3, .75, 0)
(8, 9, 3, .8, 0)
(8, 9, 3, .85, 0)
(8, 9, 3, .9, 0)
(8, 9, 3, .95, 0)
(8, 9, 3, 1, 0)
(8, 9, 4, 0, 1)
(8, 9, 4, .05, 1)
(8, 9, 4, .1, .225394)
(8, 9, 4, .15, .225394)
(8, 9, 4, .2, .00901578)
(8, 9, 4, .25, .00901578)
(8, 9, 4, .3, 0)
(8, 9, 4, .35, 0)
(8, 9, 4, .4, 0)
(8, 9, 4, .45, 0)
(8, 9, 4, .5, 0)
(8, 9, 4, .55, 0)
(8, 9, 4, .6, 0)
(8, 9, 4, .65, 0)
(8, 9, 4, .7, 0)
(8, 9, 4, .75, 0)
(8, 9, 4, .8, 0)
(8, 9, 4, .85, 0)
(8, 9, 4, .9, 0)
(8, 9, 4, .95, 0)
(8, 9, 4, 1, 0)
(8, 9, 5, 0, 1)
(8, 9, 5, .05, 1)
(8, 9, 5, .1, .198347)
(8, 9, 5, .15, .198347)
(8, 9, 5, .2, .00375657)
(8, 9, 5, .25, .00375657)
(8, 9, 5, .3, 0)
(8, 9, 5, .35, 0)
(8, 9, 5, .4, 0)
(8, 9, 5, .45, 0)
(8, 9, 5, .5, 0)
(8, 9, 5, .55, 0)
(8, 9, 5, .6, 0)
(8, 9, 5, .65, 0)
(8, 9, 5, .7, 0)
(8, 9, 5, .75, 0)
(8, 9, 5, .8, 0)
(8, 9, 5, .85, 0)
(8, 9, 5, .9, 0)
(8, 9, 5, .95, 0)
(8, 9, 5, 1, 0)
(8, 9, 6, 0, 1)
(8, 9, 6, .05, 1)
(8, 9, 6, .1, .172802)
(8, 9, 6, .15, .172802)
(8, 9, 6, .2, .000751315)
(8, 9, 6, .25, .000751315)
(8, 9, 6, .3, 0)
(8, 9, 6, .35, 0)
(8, 9, 6, .4, 0)
(8, 9, 6, .45, 0)
(8, 9, 6, .5, 0)
(8, 9, 6, .55, 0)
(8, 9, 6, .6, 0)
(8, 9, 6, .65, 0)
(8, 9, 6, .7, 0)
(8, 9, 6, .75, 0)
(8, 9, 6, .8, 0)
(8, 9, 6, .85, 0)
(8, 9, 6, .9, 0)
(8, 9, 6, .95, 0)
(8, 9, 6, 1, 0)
(8, 9, 7, 0, 1)
(8, 9, 7, .05, 1)
(8, 9, 7, .1, .147258)
(8, 9, 7, .15, .147258)
(8, 9, 7, .2, 0)
(8, 9, 7, .25, 0)
(8, 9, 7, .3, 0)
(8, 9, 7, .35, 0)
(8, 9, 7, .4, 0)
(8, 9, 7, .45, 0)
(8, 9, 7, .5, 0)
(8, 9, 7, .55, 0)
(8, 9, 7, .6, 0)
(8, 9, 7, .65, 0)
(8, 9, 7, .7, 0)
(8, 9, 7, .75, 0)
(8, 9, 7, .8, 0)
(8, 9, 7, .85, 0)
(8, 9, 7, .9, 0)
(8, 9, 7, .95, 0)
(8, 9, 7, 1, 0)
(8, 9, 8, 0, 1)
(8, 9, 8, .05, 1)
(8, 9, 8, .1, .123216)
(8, 9, 8, .15, .123216)
(8, 9, 8, .2, 0)
(8, 9, 8, .25, 0)
(8, 9, 8, .3, 0)
(8, 9, 8, .35, 0)
(8, 9, 8, .4, 0)
(8, 9, 8, .45, 0)
(8, 9, 8, .5, 0)
(8, 9, 8, .55, 0)
(8, 9, 8, .6, 0)
(8, 9, 8, .65, 0)
(8, 9, 8, .7, 0)
(8, 9, 8, .75, 0)
(8, 9, 8, .8, 0)
(8, 9, 8, .85, 0)
(8, 9, 8, .9, 0)
(8, 9, 8, .95, 0)
(8, 9, 8, 1, 0)
(8, 9, 9, 0, 1)
(8, 9, 9, .05, 1)
(8, 9, 9, .1, .102179)
(8, 9, 9, .15, .102179)
(8, 9, 9, .2, 0)
(8, 9, 9, .25, 0)
(8, 9, 9, .3, 0)
(8, 9, 9, .35, 0)
(8, 9, 9, .4, 0)
(8, 9, 9, .45, 0)
(8, 9, 9, .5, 0)
(8, 9, 9, .55, 0)
(8, 9, 9, .6, 0)
(8, 9, 9, .65, 0)
(8, 9, 9, .7, 0)
(8, 9, 9, .75, 0)
(8, 9, 9, .8, 0)
(8, 9, 9, .85, 0)
(8, 9, 9, .9, 0)
(8, 9, 9, .95, 0)
(8, 9, 9, 1, 0)
(8, 9, 10, 0, 1)
(8, 9, 10, .05, 1)
(8, 9, 10, .1, .0841473)
(8, 9, 10, .15, .0841473)
(8, 9, 10, .2, 0)
(8, 9, 10, .25, 0)
(8, 9, 10, .3, 0)
(8, 9, 10, .35, 0)
(8, 9, 10, .4, 0)
(8, 9, 10, .45, 0)
(8, 9, 10, .5, 0)
(8, 9, 10, .55, 0)
(8, 9, 10, .6, 0)
(8, 9, 10, .65, 0)
(8, 9, 10, .7, 0)
(8, 9, 10, .75, 0)
(8, 9, 10, .8, 0)
(8, 9, 10, .85, 0)
(8, 9, 10, .9, 0)
(8, 9, 10, .95, 0)
(8, 9, 10, 1, 0)
(8, 9, 11, 0, 1)
(8, 9, 11, .05, 1)
(8, 9, 11, .1, 0)
(8, 9, 11, .15, 0)
(8, 9, 11, .2, 0)
(8, 9, 11, .25, 0)
(8, 9, 11, .3, 0)
(8, 9, 11, .35, 0)
(8, 9, 11, .4, 0)
(8, 9, 11, .45, 0)
(8, 9, 11, .5, 0)
(8, 9, 11, .55, 0)
(8, 9, 11, .6, 0)
(8, 9, 11, .65, 0)
(8, 9, 11, .7, 0)
(8, 9, 11, .75, 0)
(8, 9, 11, .8, 0)
(8, 9, 11, .85, 0)
(8, 9, 11, .9, 0)
(8, 9, 11, .95, 0)
(8, 9, 11, 1, 0)
(8, 10, 1, 0, 1)
(8, 10, 1, .05, 1)
(8, 10, 1, .1, .270473)
(8, 10, 1, .15, .270473)
(8, 10, 1, .2, .00676183)
(8, 10, 1, .25, .00676183)
(8, 10, 1, .3, 0)
(8, 10, 1, .35, 0)
(8, 10, 1, .4, 0)
(8, 10, 1, .45, 0)
(8, 10, 1, .5, 0)
(8, 10, 1, .55, 0)
(8, 10, 1, .6, 0)
(8, 10, 1, .65, 0)
(8, 10, 1, .7, 0)
(8, 10, 1, .75, 0)
(8, 10, 1, .8, 0)
(8, 10, 1, .85, 0)
(8, 10, 1, .9, 0)
(8, 10, 1, .95, 0)
(8, 10, 1, 1, 0)
(8, 10, 2, 0, 1)
(8, 10, 2, .05, 1)
(8, 10, 2, .1, .244177)
(8, 10, 2, .15, .244177)
(8, 10, 2, .2, .0052592)
(8, 10, 2, .25, .0052592)
(8, 10, 2, .3, 0)
(8, 10, 2, .35, 0)
(8, 10, 2, .4, 0)
(8, 10, 2, .45, 0)
(8, 10, 2, .5, 0)
(8, 10, 2, .55, 0)
(8, 10, 2, .6, 0)
(8, 10, 2, .65, 0)
(8, 10, 2, .7, 0)
(8, 10, 2, .75, 0)
(8, 10, 2, .8, 0)
(8, 10, 2, .85, 0)
(8, 10, 2, .9, 0)
(8, 10, 2, .95, 0)
(8, 10, 2, 1, 0)
(8, 10, 3, 0, 1)
(8, 10, 3, .05, 1)
(8, 10, 3, .1, .217881)
(8, 10, 3, .15, .217881)
(8, 10, 3, .2, .00375657)
(8, 10, 3, .25, .00375657)
(8, 10, 3, .3, 0)
(8, 10, 3, .35, 0)
(8, 10, 3, .4, 0)
(8, 10, 3, .45, 0)
(8, 10, 3, .5, 0)
(8, 10, 3, .55, 0)
(8, 10, 3, .6, 0)
(8, 10, 3, .65, 0)
(8, 10, 3, .7, 0)
(8, 10, 3, .75, 0)
(8, 10, 3, .8, 0)
(8, 10, 3, .85, 0)
(8, 10, 3, .9, 0)
(8, 10, 3, .95, 0)
(8, 10, 3, 1, 0)
(8, 10, 4, 0, 1)
(8, 10, 4, .05, 1)
(8, 10, 4, .1, .192337)
(8, 10, 4, .15, .192337)
(8, 10, 4, .2, .00225394)
(8, 10, 4, .25, .00225394)
(8, 10, 4, .3, 0)
(8, 10, 4, .35, 0)
(8, 10, 4, .4, 0)
(8, 10, 4, .45, 0)
(8, 10, 4, .5, 0)
(8, 10, 4, .55, 0)
(8, 10, 4, .6, 0)
(8, 10, 4, .65, 0)
(8, 10, 4, .7, 0)
(8, 10, 4, .75, 0)
(8, 10, 4, .8, 0)
(8, 10, 4, .85, 0)
(8, 10, 4, .9, 0)
(8, 10, 4, .95, 0)
(8, 10, 4, 1, 0)
(8, 10, 5, 0, 1)
(8, 10, 5, .05, 1)
(8, 10, 5, .1, .168295)
(8, 10, 5, .15, .168295)
(8, 10, 5, .2, .000751315)
(8, 10, 5, .25, .000751315)
(8, 10, 5, .3, 0)
(8, 10, 5, .35, 0)
(8, 10, 5, .4, 0)
(8, 10, 5, .45, 0)
(8, 10, 5, .5, 0)
(8, 10, 5, .55, 0)
(8, 10, 5, .6, 0)
(8, 10, 5, .65, 0)
(8, 10, 5, .7, 0)
(8, 10, 5, .75, 0)
(8, 10, 5, .8, 0)
(8, 10, 5, .85, 0)
(8, 10, 5, .9, 0)
(8, 10, 5, .95, 0)
(8, 10, 5, 1, 0)
(8, 10, 6, 0, 1)
(8, 10, 6, .05, 1)
(8, 10, 6, .1, .145755)
(8, 10, 6, .15, .145755)
(8, 10, 6, .2, 0)
(8, 10, 6, .25, 0)
(8, 10, 6, .3, 0)
(8, 10, 6, .35, 0)
(8, 10, 6, .4, 0)
(8, 10, 6, .45, 0)
(8, 10, 6, .5, 0)
(8, 10, 6, .55, 0)
(8, 10, 6, .6, 0)
(8, 10, 6, .65, 0)
(8, 10, 6, .7, 0)
(8, 10, 6, .75, 0)
(8, 10, 6, .8, 0)
(8, 10, 6, .85, 0)
(8, 10, 6, .9, 0)
(8, 10, 6, .95, 0)
(8, 10, 6, 1, 0)
(8, 10, 7, 0, 1)
(8, 10, 7, .05, 1)
(8, 10, 7, .1, .123216)
(8, 10, 7, .15, .123216)
(8, 10, 7, .2, 0)
(8, 10, 7, .25, 0)
(8, 10, 7, .3, 0)
(8, 10, 7, .35, 0)
(8, 10, 7, .4, 0)
(8, 10, 7, .45, 0)
(8, 10, 7, .5, 0)
(8, 10, 7, .55, 0)
(8, 10, 7, .6, 0)
(8, 10, 7, .65, 0)
(8, 10, 7, .7, 0)
(8, 10, 7, .75, 0)
(8, 10, 7, .8, 0)
(8, 10, 7, .85, 0)
(8, 10, 7, .9, 0)
(8, 10, 7, .95, 0)
(8, 10, 7, 1, 0)
(8, 10, 8, 0, 1)
(8, 10, 8, .05, 1)
(8, 10, 8, .1, .10293)
(8, 10, 8, .15, .10293)
(8, 10, 8, .2, 0)
(8, 10, 8, .25, 0)
(8, 10, 8, .3, 0)
(8, 10, 8, .35, 0)
(8, 10, 8, .4, 0)
(8, 10, 8, .45, 0)
(8, 10, 8, .5, 0)
(8, 10, 8, .55, 0)
(8, 10, 8, .6, 0)
(8, 10, 8, .65, 0)
(8, 10, 8, .7, 0)
(8, 10, 8, .75, 0)
(8, 10, 8, .8, 0)
(8, 10, 8, .85, 0)
(8, 10, 8, .9, 0)
(8, 10, 8, .95, 0)
(8, 10, 8, 1, 0)
(8, 10, 9, 0, 1)
(8, 10, 9, .05, 1)
(8, 10, 9, .1, .0841473)
(8, 10, 9, .15, .0841473)
(8, 10, 9, .2, 0)
(8, 10, 9, .25, 0)
(8, 10, 9, .3, 0)
(8, 10, 9, .35, 0)
(8, 10, 9, .4, 0)
(8, 10, 9, .45, 0)
(8, 10, 9, .5, 0)
(8, 10, 9, .55, 0)
(8, 10, 9, .6, 0)
(8, 10, 9, .65, 0)
(8, 10, 9, .7, 0)
(8, 10, 9, .75, 0)
(8, 10, 9, .8, 0)
(8, 10, 9, .85, 0)
(8, 10, 9, .9, 0)
(8, 10, 9, .95, 0)
(8, 10, 9, 1, 0)
(8, 10, 10, 0, 1)
(8, 10, 10, .05, 1)
(8, 10, 10, .1, .0683696)
(8, 10, 10, .15, .0683696)
(8, 10, 10, .2, 0)
(8, 10, 10, .25, 0)
(8, 10, 10, .3, 0)
(8, 10, 10, .35, 0)
(8, 10, 10, .4, 0)
(8, 10, 10, .45, 0)
(8, 10, 10, .5, 0)
(8, 10, 10, .55, 0)
(8, 10, 10, .6, 0)
(8, 10, 10, .65, 0)
(8, 10, 10, .7, 0)
(8, 10, 10, .75, 0)
(8, 10, 10, .8, 0)
(8, 10, 10, .85, 0)
(8, 10, 10, .9, 0)
(8, 10, 10, .95, 0)
(8, 10, 10, 1, 0)
(8, 10, 11, 0, 1)
(8, 10, 11, .05, 1)
(8, 10, 11, .1, 0)
(8, 10, 11, .15, 0)
(8, 10, 11, .2, 0)
(8, 10, 11, .25, 0)
(8, 10, 11, .3, 0)
(8, 10, 11, .35, 0)
(8, 10, 11, .4, 0)
(8, 10, 11, .45, 0)
(8, 10, 11, .5, 0)
(8, 10, 11, .55, 0)
(8, 10, 11, .6, 0)
(8, 10, 11, .65, 0)
(8, 10, 11, .7, 0)
(8, 10, 11, .75, 0)
(8, 10, 11, .8, 0)
(8, 10, 11, .85, 0)
(8, 10, 11, .9, 0)
(8, 10, 11, .95, 0)
(8, 10, 11, 1, 0)
(8, 11, 1, 0, 1)
(8, 11, 1, .05, 1)
(8, 11, 1, .1, 0)
(8, 11, 1, .15, 0)
(8, 11, 1, .2, 0)
(8, 11, 1, .25, 0)
(8, 11, 1, .3, 0)
(8, 11, 1, .35, 0)
(8, 11, 1, .4, 0)
(8, 11, 1, .45, 0)
(8, 11, 1, .5, 0)
(8, 11, 1, .55, 0)
(8, 11, 1, .6, 0)
(8, 11, 1, .65, 0)
(8, 11, 1, .7, 0)
(8, 11, 1, .75, 0)
(8, 11, 1, .8, 0)
(8, 11, 1, .85, 0)
(8, 11, 1, .9, 0)
(8, 11, 1, .95, 0)
(8, 11, 1, 1, 0)
(8, 11, 2, 0, 1)
(8, 11, 2, .05, 1)
(8, 11, 2, .1, 0)
(8, 11, 2, .15, 0)
(8, 11, 2, .2, 0)
(8, 11, 2, .25, 0)
(8, 11, 2, .3, 0)
(8, 11, 2, .35, 0)
(8, 11, 2, .4, 0)
(8, 11, 2, .45, 0)
(8, 11, 2, .5, 0)
(8, 11, 2, .55, 0)
(8, 11, 2, .6, 0)
(8, 11, 2, .65, 0)
(8, 11, 2, .7, 0)
(8, 11, 2, .75, 0)
(8, 11, 2, .8, 0)
(8, 11, 2, .85, 0)
(8, 11, 2, .9, 0)
(8, 11, 2, .95, 0)
(8, 11, 2, 1, 0)
(8, 11, 3, 0, 1)
(8, 11, 3, .05, 1)
(8, 11, 3, .1, 0)
(8, 11, 3, .15, 0)
(8, 11, 3, .2, 0)
(8, 11, 3, .25, 0)
(8, 11, 3, .3, 0)
(8, 11, 3, .35, 0)
(8, 11, 3, .4, 0)
(8, 11, 3, .45, 0)
(8, 11, 3, .5, 0)
(8, 11, 3, .55, 0)
(8, 11, 3, .6, 0)
(8, 11, 3, .65, 0)
(8, 11, 3, .7, 0)
(8, 11, 3, .75, 0)
(8, 11, 3, .8, 0)
(8, 11, 3, .85, 0)
(8, 11, 3, .9, 0)
(8, 11, 3, .95, 0)
(8, 11, 3, 1, 0)
(8, 11, 4, 0, 1)
(8, 11, 4, .05, 1)
(8, 11, 4, .1, 0)
(8, 11, 4, .15, 0)
(8, 11, 4, .2, 0)
(8, 11, 4, .25, 0)
(8, 11, 4, .3, 0)
(8, 11, 4, .35, 0)
(8, 11, 4, .4, 0)
(8, 11, 4, .45, 0)
(8, 11, 4, .5, 0)
(8, 11, 4, .55, 0)
(8, 11, 4, .6, 0)
(8, 11, 4, .65, 0)
(8, 11, 4, .7, 0)
(8, 11, 4, .75, 0)
(8, 11, 4, .8, 0)
(8, 11, 4, .85, 0)
(8, 11, 4, .9, 0)
(8, 11, 4, .95, 0)
(8, 11, 4, 1, 0)
(8, 11, 5, 0, 1)
(8, 11, 5, .05, 1)
(8, 11, 5, .1, 0)
(8, 11, 5, .15, 0)
(8, 11, 5, .2, 0)
(8, 11, 5, .25, 0)
(8, 11, 5, .3, 0)
(8, 11, 5, .35, 0)
(8, 11, 5, .4, 0)
(8, 11, 5, .45, 0)
(8, 11, 5, .5, 0)
(8, 11, 5, .55, 0)
(8, 11, 5, .6, 0)
(8, 11, 5, .65, 0)
(8, 11, 5, .7, 0)
(8, 11, 5, .75, 0)
(8, 11, 5, .8, 0)
(8, 11, 5, .85, 0)
(8, 11, 5, .9, 0)
(8, 11, 5, .95, 0)
(8, 11, 5, 1, 0)
(8, 11, 6, 0, 1)
(8, 11, 6, .05, 1)
(8, 11, 6, .1, 0)
(8, 11, 6, .15, 0)
(8, 11, 6, .2, 0)
(8, 11, 6, .25, 0)
(8, 11, 6, .3, 0)
(8, 11, 6, .35, 0)
(8, 11, 6, .4, 0)
(8, 11, 6, .45, 0)
(8, 11, 6, .5, 0)
(8, 11, 6, .55, 0)
(8, 11, 6, .6, 0)
(8, 11, 6, .65, 0)
(8, 11, 6, .7, 0)
(8, 11, 6, .75, 0)
(8, 11, 6, .8, 0)
(8, 11, 6, .85, 0)
(8, 11, 6, .9, 0)
(8, 11, 6, .95, 0)
(8, 11, 6, 1, 0)
(8, 11, 7, 0, 1)
(8, 11, 7, .05, 1)
(8, 11, 7, .1, 0)
(8, 11, 7, .15, 0)
(8, 11, 7, .2, 0)
(8, 11, 7, .25, 0)
(8, 11, 7, .3, 0)
(8, 11, 7, .35, 0)
(8, 11, 7, .4, 0)
(8, 11, 7, .45, 0)
(8, 11, 7, .5, 0)
(8, 11, 7, .55, 0)
(8, 11, 7, .6, 0)
(8, 11, 7, .65, 0)
(8, 11, 7, .7, 0)
(8, 11, 7, .75, 0)
(8, 11, 7, .8, 0)
(8, 11, 7, .85, 0)
(8, 11, 7, .9, 0)
(8, 11, 7, .95, 0)
(8, 11, 7, 1, 0)
(8, 11, 8, 0, 1)
(8, 11, 8, .05, 1)
(8, 11, 8, .1, 0)
(8, 11, 8, .15, 0)
(8, 11, 8, .2, 0)
(8, 11, 8, .25, 0)
(8, 11, 8, .3, 0)
(8, 11, 8, .35, 0)
(8, 11, 8, .4, 0)
(8, 11, 8, .45, 0)
(8, 11, 8, .5, 0)
(8, 11, 8, .55, 0)
(8, 11, 8, .6, 0)
(8, 11, 8, .65, 0)
(8, 11, 8, .7, 0)
(8, 11, 8, .75, 0)
(8, 11, 8, .8, 0)
(8, 11, 8, .85, 0)
(8, 11, 8, .9, 0)
(8, 11, 8, .95, 0)
(8, 11, 8, 1, 0)
(8, 11, 9, 0, 1)
(8, 11, 9, .05, 1)
(8, 11, 9, .1, 0)
(8, 11, 9, .15, 0)
(8, 11, 9, .2, 0)
(8, 11, 9, .25, 0)
(8, 11, 9, .3, 0)
(8, 11, 9, .35, 0)
(8, 11, 9, .4, 0)
(8, 11, 9, .45, 0)
(8, 11, 9, .5, 0)
(8, 11, 9, .55, 0)
(8, 11, 9, .6, 0)
(8, 11, 9, .65, 0)
(8, 11, 9, .7, 0)
(8, 11, 9, .75, 0)
(8, 11, 9, .8, 0)
(8, 11, 9, .85, 0)
(8, 11, 9, .9, 0)
(8, 11, 9, .95, 0)
(8, 11, 9, 1, 0)
(8, 11, 10, 0, 1)
(8, 11, 10, .05, 1)
(8, 11, 10, .1, 0)
(8, 11, 10, .15, 0)
(8, 11, 10, .2, 0)
(8, 11, 10, .25, 0)
(8, 11, 10, .3, 0)
(8, 11, 10, .35, 0)
(8, 11, 10, .4, 0)
(8, 11, 10, .45, 0)
(8, 11, 10, .5, 0)
(8, 11, 10, .55, 0)
(8, 11, 10, .6, 0)
(8, 11, 10, .65, 0)
(8, 11, 10, .7, 0)
(8, 11, 10, .75, 0)
(8, 11, 10, .8, 0)
(8, 11, 10, .85, 0)
(8, 11, 10, .9, 0)
(8, 11, 10, .95, 0)
(8, 11, 10, 1, 0)
(8, 11, 11, 0, 1)
(8, 11, 11, .05, 1)
(8, 11, 11, .1, 0)
(8, 11, 11, .15, 0)
(8, 11, 11, .2, 0)
(8, 11, 11, .25, 0)
(8, 11, 11, .3, 0)
(8, 11, 11, .35, 0)
(8, 11, 11, .4, 0)
(8, 11, 11, .45, 0)
(8, 11, 11, .5, 0)
(8, 11, 11, .55, 0)
(8, 11, 11, .6, 0)
(8, 11, 11, .65, 0)
(8, 11, 11, .7, 0)
(8, 11, 11, .75, 0)
(8, 11, 11, .8, 0)
(8, 11, 11, .85, 0)
(8, 11, 11, .9, 0)
(8, 11, 11, .95, 0)
(8, 11, 11, 1, 0)
(9, 1, 1, 0, 1)
(9, 1, 1, .05, 1)
(9, 1, 1, .1, .751315)
(9, 1, 1, .15, .751315)
(9, 1, 1, .2, .547708)
(9, 1, 1, .25, .547708)
(9, 1, 1, .3, .384673)
(9, 1, 1, .35, .384673)
(9, 1, 1, .4, .257701)
(9, 1, 1, .45, .257701)
(9, 1, 1, .5, .162284)
(9, 1, 1, .55, .0939144)
(9, 1, 1, .6, .0939144)
(9, 1, 1, .65, .0480841)
(9, 1, 1, .7, .0480841)
(9, 1, 1, .75, .0202855)
(9, 1, 1, .8, .0202855)
(9, 1, 1, .85, .00601052)
(9, 1, 1, .9, .00601052)
(9, 1, 1, .95, .000751315)
(9, 1, 1, 1, 0)
(9, 1, 2, 0, 1)
(9, 1, 2, .05, 1)
(9, 1, 2, .1, .676183)
(9, 1, 2, .15, .676183)
(9, 1, 2, .2, .432757)
(9, 1, 2, .25, .432757)
(9, 1, 2, .3, .252442)
(9, 1, 2, .35, .252442)
(9, 1, 2, .4, .13148)
(9, 1, 2, .45, .13148)
(9, 1, 2, .5, .0540947)
(9, 1, 2, .55, .0150263)
(9, 1, 2, .6, .0150263)
(9, 1, 2, .65, 0)
(9, 1, 2, .7, 0)
(9, 1, 2, .75, 0)
(9, 1, 2, .8, 0)
(9, 1, 2, .85, 0)
(9, 1, 2, .9, 0)
(9, 1, 2, .95, 0)
(9, 1, 2, 1, 0)
(9, 1, 3, 0, 1)
(9, 1, 3, .05, 1)
(9, 1, 3, .1, .601052)
(9, 1, 3, .15, .601052)
(9, 1, 3, .2, .33133)
(9, 1, 3, .25, .33133)
(9, 1, 3, .3, .144252)
(9, 1, 3, .35, .144252)
(9, 1, 3, .4, .0473328)
(9, 1, 3, .45, .0473328)
(9, 1, 3, .5, 0)
(9, 1, 3, .55, 0)
(9, 1, 3, .6, 0)
(9, 1, 3, .65, 0)
(9, 1, 3, .7, 0)
(9, 1, 3, .75, 0)
(9, 1, 3, .8, 0)
(9, 1, 3, .85, 0)
(9, 1, 3, .9, 0)
(9, 1, 3, .95, 0)
(9, 1, 3, 1, 0)
(9, 1, 4, 0, 1)
(9, 1, 4, .05, 1)
(9, 1, 4, .1, .540947)
(9, 1, 4, .15, .540947)
(9, 1, 4, .2, .243426)
(9, 1, 4, .25, .243426)
(9, 1, 4, .3, .0721262)
(9, 1, 4, .35, .0721262)
(9, 1, 4, .4, .0052592)
(9, 1, 4, .45, .0052592)
(9, 1, 4, .5, 0)
(9, 1, 4, .55, 0)
(9, 1, 4, .6, 0)
(9, 1, 4, .65, 0)
(9, 1, 4, .7, 0)
(9, 1, 4, .75, 0)
(9, 1, 4, .8, 0)
(9, 1, 4, .85, 0)
(9, 1, 4, .9, 0)
(9, 1, 4, .95, 0)
(9, 1, 4, 1, 0)
(9, 1, 5, 0, 1)
(9, 1, 5, .05, 1)
(9, 1, 5, .1, .480841)
(9, 1, 5, .15, .480841)
(9, 1, 5, .2, .169046)
(9, 1, 5, .25, .169046)
(9, 1, 5, .3, .0240421)
(9, 1, 5, .35, .0240421)
(9, 1, 5, .4, 0)
(9, 1, 5, .45, 0)
(9, 1, 5, .5, 0)
(9, 1, 5, .55, 0)
(9, 1, 5, .6, 0)
(9, 1, 5, .65, 0)
(9, 1, 5, .7, 0)
(9, 1, 5, .75, 0)
(9, 1, 5, .8, 0)
(9, 1, 5, .85, 0)
(9, 1, 5, .9, 0)
(9, 1, 5, .95, 0)
(9, 1, 5, 1, 0)
(9, 1, 6, 0, 1)
(9, 1, 6, .05, 1)
(9, 1, 6, .1, .420736)
(9, 1, 6, .15, .420736)
(9, 1, 6, .2, .108189)
(9, 1, 6, .25, .108189)
(9, 1, 6, .3, 0)
(9, 1, 6, .35, 0)
(9, 1, 6, .4, 0)
(9, 1, 6, .45, 0)
(9, 1, 6, .5, 0)
(9, 1, 6, .55, 0)
(9, 1, 6, .6, 0)
(9, 1, 6, .65, 0)
(9, 1, 6, .7, 0)
(9, 1, 6, .75, 0)
(9, 1, 6, .8, 0)
(9, 1, 6, .85, 0)
(9, 1, 6, .9, 0)
(9, 1, 6, .95, 0)
(9, 1, 6, 1, 0)
(9, 1, 7, 0, 1)
(9, 1, 7, .05, 1)
(9, 1, 7, .1, .360631)
(9, 1, 7, .15, .360631)
(9, 1, 7, .2, .0540947)
(9, 1, 7, .25, .0540947)
(9, 1, 7, .3, 0)
(9, 1, 7, .35, 0)
(9, 1, 7, .4, 0)
(9, 1, 7, .45, 0)
(9, 1, 7, .5, 0)
(9, 1, 7, .55, 0)
(9, 1, 7, .6, 0)
(9, 1, 7, .65, 0)
(9, 1, 7, .7, 0)
(9, 1, 7, .75, 0)
(9, 1, 7, .8, 0)
(9, 1, 7, .85, 0)
(9, 1, 7, .9, 0)
(9, 1, 7, .95, 0)
(9, 1, 7, 1, 0)
(9, 1, 8, 0, 1)
(9, 1, 8, .05, 1)
(9, 1, 8, .1, .315552)
(9, 1, 8, .15, .315552)
(9, 1, 8, .2, .0270473)
(9, 1, 8, .25, .0270473)
(9, 1, 8, .3, 0)
(9, 1, 8, .35, 0)
(9, 1, 8, .4, 0)
(9, 1, 8, .45, 0)
(9, 1, 8, .5, 0)
(9, 1, 8, .55, 0)
(9, 1, 8, .6, 0)
(9, 1, 8, .65, 0)
(9, 1, 8, .7, 0)
(9, 1, 8, .75, 0)
(9, 1, 8, .8, 0)
(9, 1, 8, .85, 0)
(9, 1, 8, .9, 0)
(9, 1, 8, .95, 0)
(9, 1, 8, 1, 0)
(9, 1, 9, 0, 1)
(9, 1, 9, .05, 1)
(9, 1, 9, .1, .270473)
(9, 1, 9, .15, .270473)
(9, 1, 9, .2, .00676183)
(9, 1, 9, .25, .00676183)
(9, 1, 9, .3, 0)
(9, 1, 9, .35, 0)
(9, 1, 9, .4, 0)
(9, 1, 9, .45, 0)
(9, 1, 9, .5, 0)
(9, 1, 9, .55, 0)
(9, 1, 9, .6, 0)
(9, 1, 9, .65, 0)
(9, 1, 9, .7, 0)
(9, 1, 9, .75, 0)
(9, 1, 9, .8, 0)
(9, 1, 9, .85, 0)
(9, 1, 9, .9, 0)
(9, 1, 9, .95, 0)
(9, 1, 9, 1, 0)
(9, 1, 10, 0, 1)
(9, 1, 10, .05, 1)
(9, 1, 10, .1, .225394)
(9, 1, 10, .15, .225394)
(9, 1, 10, .2, 0)
(9, 1, 10, .25, 0)
(9, 1, 10, .3, 0)
(9, 1, 10, .35, 0)
(9, 1, 10, .4, 0)
(9, 1, 10, .45, 0)
(9, 1, 10, .5, 0)
(9, 1, 10, .55, 0)
(9, 1, 10, .6, 0)
(9, 1, 10, .65, 0)
(9, 1, 10, .7, 0)
(9, 1, 10, .75, 0)
(9, 1, 10, .8, 0)
(9, 1, 10, .85, 0)
(9, 1, 10, .9, 0)
(9, 1, 10, .95, 0)
(9, 1, 10, 1, 0)
(9, 1, 11, 0, 1)
(9, 1, 11, .05, 1)
(9, 1, 11, .1, 0)
(9, 1, 11, .15, 0)
(9, 1, 11, .2, 0)
(9, 1, 11, .25, 0)
(9, 1, 11, .3, 0)
(9, 1, 11, .35, 0)
(9, 1, 11, .4, 0)
(9, 1, 11, .45, 0)
(9, 1, 11, .5, 0)
(9, 1, 11, .55, 0)
(9, 1, 11, .6, 0)
(9, 1, 11, .65, 0)
(9, 1, 11, .7, 0)
(9, 1, 11, .75, 0)
(9, 1, 11, .8, 0)
(9, 1, 11, .85, 0)
(9, 1, 11, .9, 0)
(9, 1, 11, .95, 0)
(9, 1, 11, 1, 0)
(9, 2, 1, 0, 1)
(9, 2, 1, .05, 1)
(9, 2, 1, .1, .676183)
(9, 2, 1, .15, .676183)
(9, 2, 1, .2, .432757)
(9, 2, 1, .25, .432757)
(9, 2, 1, .3, .252442)
(9, 2, 1, .35, .252442)
(9, 2, 1, .4, .13148)
(9, 2, 1, .45, .13148)
(9, 2, 1, .5, .0540947)
(9, 2, 1, .55, .0150263)
(9, 2, 1, .6, .0150263)
(9, 2, 1, .65, 0)
(9, 2, 1, .7, 0)
(9, 2, 1, .75, 0)
(9, 2, 1, .8, 0)
(9, 2, 1, .85, 0)
(9, 2, 1, .9, 0)
(9, 2, 1, .95, 0)
(9, 2, 1, 1, 0)
(9, 2, 2, 0, 1)
(9, 2, 2, .05, 1)
(9, 2, 2, .1, .608565)
(9, 2, 2, .15, .608565)
(9, 2, 2, .2, .341848)
(9, 2, 2, .25, .341848)
(9, 2, 2, .3, .165289)
(9, 2, 2, .35, .165289)
(9, 2, 2, .4, .0653644)
(9, 2, 2, .45, .0653644)
(9, 2, 2, .5, .0150263)
(9, 2, 2, .55, .000751315)
(9, 2, 2, .6, .000751315)
(9, 2, 2, .65, 0)
(9, 2, 2, .7, 0)
(9, 2, 2, .75, 0)
(9, 2, 2, .8, 0)
(9, 2, 2, .85, 0)
(9, 2, 2, .9, 0)
(9, 2, 2, .95, 0)
(9, 2, 2, 1, 0)
(9, 2, 3, 0, 1)
(9, 2, 3, .05, 1)
(9, 2, 3, .1, .540947)
(9, 2, 3, .15, .540947)
(9, 2, 3, .2, .261458)
(9, 2, 3, .25, .261458)
(9, 2, 3, .3, .093163)
(9, 2, 3, .35, .093163)
(9, 2, 3, .4, .0210368)
(9, 2, 3, .45, .0210368)
(9, 2, 3, .5, 0)
(9, 2, 3, .55, 0)
(9, 2, 3, .6, 0)
(9, 2, 3, .65, 0)
(9, 2, 3, .7, 0)
(9, 2, 3, .75, 0)
(9, 2, 3, .8, 0)
(9, 2, 3, .85, 0)
(9, 2, 3, .9, 0)
(9, 2, 3, .95, 0)
(9, 2, 3, 1, 0)
(9, 2, 4, 0, 1)
(9, 2, 4, .05, 1)
(9, 2, 4, .1, .486852)
(9, 2, 4, .15, .486852)
(9, 2, 4, .2, .191585)
(9, 2, 4, .25, .191585)
(9, 2, 4, .3, .0450789)
(9, 2, 4, .35, .0450789)
(9, 2, 4, .4, .00225394)
(9, 2, 4, .45, .00225394)
(9, 2, 4, .5, 0)
(9, 2, 4, .55, 0)
(9, 2, 4, .6, 0)
(9, 2, 4, .65, 0)
(9, 2, 4, .7, 0)
(9, 2, 4, .75, 0)
(9, 2, 4, .8, 0)
(9, 2, 4, .85, 0)
(9, 2, 4, .9, 0)
(9, 2, 4, .95, 0)
(9, 2, 4, 1, 0)
(9, 2, 5, 0, 1)
(9, 2, 5, .05, 1)
(9, 2, 5, .1, .432757)
(9, 2, 5, .15, .432757)
(9, 2, 5, .2, .132231)
(9, 2, 5, .25, .132231)
(9, 2, 5, .3, .0150263)
(9, 2, 5, .35, .0150263)
(9, 2, 5, .4, 0)
(9, 2, 5, .45, 0)
(9, 2, 5, .5, 0)
(9, 2, 5, .55, 0)
(9, 2, 5, .6, 0)
(9, 2, 5, .65, 0)
(9, 2, 5, .7, 0)
(9, 2, 5, .75, 0)
(9, 2, 5, .8, 0)
(9, 2, 5, .85, 0)
(9, 2, 5, .9, 0)
(9, 2, 5, .95, 0)
(9, 2, 5, 1, 0)
(9, 2, 6, 0, 1)
(9, 2, 6, .05, 1)
(9, 2, 6, .1, .378663)
(9, 2, 6, .15, .378663)
(9, 2, 6, .2, .0841473)
(9, 2, 6, .25, .0841473)
(9, 2, 6, .3, 0)
(9, 2, 6, .35, 0)
(9, 2, 6, .4, 0)
(9, 2, 6, .45, 0)
(9, 2, 6, .5, 0)
(9, 2, 6, .55, 0)
(9, 2, 6, .6, 0)
(9, 2, 6, .65, 0)
(9, 2, 6, .7, 0)
(9, 2, 6, .75, 0)
(9, 2, 6, .8, 0)
(9, 2, 6, .85, 0)
(9, 2, 6, .9, 0)
(9, 2, 6, .95, 0)
(9, 2, 6, 1, 0)
(9, 2, 7, 0, 1)
(9, 2, 7, .05, 1)
(9, 2, 7, .1, .324568)
(9, 2, 7, .15, .324568)
(9, 2, 7, .2, .0420736)
(9, 2, 7, .25, .0420736)
(9, 2, 7, .3, 0)
(9, 2, 7, .35, 0)
(9, 2, 7, .4, 0)
(9, 2, 7, .45, 0)
(9, 2, 7, .5, 0)
(9, 2, 7, .55, 0)
(9, 2, 7, .6, 0)
(9, 2, 7, .65, 0)
(9, 2, 7, .7, 0)
(9, 2, 7, .75, 0)
(9, 2, 7, .8, 0)
(9, 2, 7, .85, 0)
(9, 2, 7, .9, 0)
(9, 2, 7, .95, 0)
(9, 2, 7, 1, 0)
(9, 2, 8, 0, 1)
(9, 2, 8, .05, 1)
(9, 2, 8, .1, .283997)
(9, 2, 8, .15, .283997)
(9, 2, 8, .2, .0210368)
(9, 2, 8, .25, .0210368)
(9, 2, 8, .3, 0)
(9, 2, 8, .35, 0)
(9, 2, 8, .4, 0)
(9, 2, 8, .45, 0)
(9, 2, 8, .5, 0)
(9, 2, 8, .55, 0)
(9, 2, 8, .6, 0)
(9, 2, 8, .65, 0)
(9, 2, 8, .7, 0)
(9, 2, 8, .75, 0)
(9, 2, 8, .8, 0)
(9, 2, 8, .85, 0)
(9, 2, 8, .9, 0)
(9, 2, 8, .95, 0)
(9, 2, 8, 1, 0)
(9, 2, 9, 0, 1)
(9, 2, 9, .05, 1)
(9, 2, 9, .1, .243426)
(9, 2, 9, .15, .243426)
(9, 2, 9, .2, .0052592)
(9, 2, 9, .25, .0052592)
(9, 2, 9, .3, 0)
(9, 2, 9, .35, 0)
(9, 2, 9, .4, 0)
(9, 2, 9, .45, 0)
(9, 2, 9, .5, 0)
(9, 2, 9, .55, 0)
(9, 2, 9, .6, 0)
(9, 2, 9, .65, 0)
(9, 2, 9, .7, 0)
(9, 2, 9, .75, 0)
(9, 2, 9, .8, 0)
(9, 2, 9, .85, 0)
(9, 2, 9, .9, 0)
(9, 2, 9, .95, 0)
(9, 2, 9, 1, 0)
(9, 2, 10, 0, 1)
(9, 2, 10, .05, 1)
(9, 2, 10, .1, .202855)
(9, 2, 10, .15, .202855)
(9, 2, 10, .2, 0)
(9, 2, 10, .25, 0)
(9, 2, 10, .3, 0)
(9, 2, 10, .35, 0)
(9, 2, 10, .4, 0)
(9, 2, 10, .45, 0)
(9, 2, 10, .5, 0)
(9, 2, 10, .55, 0)
(9, 2, 10, .6, 0)
(9, 2, 10, .65, 0)
(9, 2, 10, .7, 0)
(9, 2, 10, .75, 0)
(9, 2, 10, .8, 0)
(9, 2, 10, .85, 0)
(9, 2, 10, .9, 0)
(9, 2, 10, .95, 0)
(9, 2, 10, 1, 0)
(9, 2, 11, 0, 1)
(9, 2, 11, .05, 1)
(9, 2, 11, .1, 0)
(9, 2, 11, .15, 0)
(9, 2, 11, .2, 0)
(9, 2, 11, .25, 0)
(9, 2, 11, .3, 0)
(9, 2, 11, .35, 0)
(9, 2, 11, .4, 0)
(9, 2, 11, .45, 0)
(9, 2, 11, .5, 0)
(9, 2, 11, .55, 0)
(9, 2, 11, .6, 0)
(9, 2, 11, .65, 0)
(9, 2, 11, .7, 0)
(9, 2, 11, .75, 0)
(9, 2, 11, .8, 0)
(9, 2, 11, .85, 0)
(9, 2, 11, .9, 0)
(9, 2, 11, .95, 0)
(9, 2, 11, 1, 0)
(9, 3, 1, 0, 1)
(9, 3, 1, .05, 1)
(9, 3, 1, .1, .601052)
(9, 3, 1, .15, .601052)
(9, 3, 1, .2, .33133)
(9, 3, 1, .25, .33133)
(9, 3, 1, .3, .144252)
(9, 3, 1, .35, .144252)
(9, 3, 1, .4, .0473328)
(9, 3, 1, .45, .0473328)
(9, 3, 1, .5, 0)
(9, 3, 1, .55, 0)
(9, 3, 1, .6, 0)
(9, 3, 1, .65, 0)
(9, 3, 1, .7, 0)
(9, 3, 1, .75, 0)
(9, 3, 1, .8, 0)
(9, 3, 1, .85, 0)
(9, 3, 1, .9, 0)
(9, 3, 1, .95, 0)
(9, 3, 1, 1, 0)
(9, 3, 2, 0, 1)
(9, 3, 2, .05, 1)
(9, 3, 2, .1, .540947)
(9, 3, 2, .15, .540947)
(9, 3, 2, .2, .261458)
(9, 3, 2, .25, .261458)
(9, 3, 2, .3, .093163)
(9, 3, 2, .35, .093163)
(9, 3, 2, .4, .0210368)
(9, 3, 2, .45, .0210368)
(9, 3, 2, .5, 0)
(9, 3, 2, .55, 0)
(9, 3, 2, .6, 0)
(9, 3, 2, .65, 0)
(9, 3, 2, .7, 0)
(9, 3, 2, .75, 0)
(9, 3, 2, .8, 0)
(9, 3, 2, .85, 0)
(9, 3, 2, .9, 0)
(9, 3, 2, .95, 0)
(9, 3, 2, 1, 0)
(9, 3, 3, 0, 1)
(9, 3, 3, .05, 1)
(9, 3, 3, .1, .480841)
(9, 3, 3, .15, .480841)
(9, 3, 3, .2, .199098)
(9, 3, 3, .25, .199098)
(9, 3, 3, .3, .0480841)
(9, 3, 3, .35, .0480841)
(9, 3, 3, .4, .00375657)
(9, 3, 3, .45, .00375657)
(9, 3, 3, .5, 0)
(9, 3, 3, .55, 0)
(9, 3, 3, .6, 0)
(9, 3, 3, .65, 0)
(9, 3, 3, .7, 0)
(9, 3, 3, .75, 0)
(9, 3, 3, .8, 0)
(9, 3, 3, .85, 0)
(9, 3, 3, .9, 0)
(9, 3, 3, .95, 0)
(9, 3, 3, 1, 0)
(9, 3, 4, 0, 1)
(9, 3, 4, .05, 1)
(9, 3, 4, .1, .432757)
(9, 3, 4, .15, .432757)
(9, 3, 4, .2, .144252)
(9, 3, 4, .25, .144252)
(9, 3, 4, .3, .0210368)
(9, 3, 4, .35, .0210368)
(9, 3, 4, .4, 0)
(9, 3, 4, .45, 0)
(9, 3, 4, .5, 0)
(9, 3, 4, .55, 0)
(9, 3, 4, .6, 0)
(9, 3, 4, .65, 0)
(9, 3, 4, .7, 0)
(9, 3, 4, .75, 0)
(9, 3, 4, .8, 0)
(9, 3, 4, .85, 0)
(9, 3, 4, .9, 0)
(9, 3, 4, .95, 0)
(9, 3, 4, 1, 0)
(9, 3, 5, 0, 1)
(9, 3, 5, .05, 1)
(9, 3, 5, .1, .384673)
(9, 3, 5, .15, .384673)
(9, 3, 5, .2, .0976709)
(9, 3, 5, .25, .0976709)
(9, 3, 5, .3, .00601052)
(9, 3, 5, .35, .00601052)
(9, 3, 5, .4, 0)
(9, 3, 5, .45, 0)
(9, 3, 5, .5, 0)
(9, 3, 5, .55, 0)
(9, 3, 5, .6, 0)
(9, 3, 5, .65, 0)
(9, 3, 5, .7, 0)
(9, 3, 5, .75, 0)
(9, 3, 5, .8, 0)
(9, 3, 5, .85, 0)
(9, 3, 5, .9, 0)
(9, 3, 5, .95, 0)
(9, 3, 5, 1, 0)
(9, 3, 6, 0, 1)
(9, 3, 6, .05, 1)
(9, 3, 6, .1, .336589)
(9, 3, 6, .15, .336589)
(9, 3, 6, .2, .0608565)
(9, 3, 6, .25, .0608565)
(9, 3, 6, .3, 0)
(9, 3, 6, .35, 0)
(9, 3, 6, .4, 0)
(9, 3, 6, .45, 0)
(9, 3, 6, .5, 0)
(9, 3, 6, .55, 0)
(9, 3, 6, .6, 0)
(9, 3, 6, .65, 0)
(9, 3, 6, .7, 0)
(9, 3, 6, .75, 0)
(9, 3, 6, .8, 0)
(9, 3, 6, .85, 0)
(9, 3, 6, .9, 0)
(9, 3, 6, .95, 0)
(9, 3, 6, 1, 0)
(9, 3, 7, 0, 1)
(9, 3, 7, .05, 1)
(9, 3, 7, .1, .288505)
(9, 3, 7, .15, .288505)
(9, 3, 7, .2, .0300526)
(9, 3, 7, .25, .0300526)
(9, 3, 7, .3, 0)
(9, 3, 7, .35, 0)
(9, 3, 7, .4, 0)
(9, 3, 7, .45, 0)
(9, 3, 7, .5, 0)
(9, 3, 7, .55, 0)
(9, 3, 7, .6, 0)
(9, 3, 7, .65, 0)
(9, 3, 7, .7, 0)
(9, 3, 7, .75, 0)
(9, 3, 7, .8, 0)
(9, 3, 7, .85, 0)
(9, 3, 7, .9, 0)
(9, 3, 7, .95, 0)
(9, 3, 7, 1, 0)
(9, 3, 8, 0, 1)
(9, 3, 8, .05, 1)
(9, 3, 8, .1, .252442)
(9, 3, 8, .15, .252442)
(9, 3, 8, .2, .0150263)
(9, 3, 8, .25, .0150263)
(9, 3, 8, .3, 0)
(9, 3, 8, .35, 0)
(9, 3, 8, .4, 0)
(9, 3, 8, .45, 0)
(9, 3, 8, .5, 0)
(9, 3, 8, .55, 0)
(9, 3, 8, .6, 0)
(9, 3, 8, .65, 0)
(9, 3, 8, .7, 0)
(9, 3, 8, .75, 0)
(9, 3, 8, .8, 0)
(9, 3, 8, .85, 0)
(9, 3, 8, .9, 0)
(9, 3, 8, .95, 0)
(9, 3, 8, 1, 0)
(9, 3, 9, 0, 1)
(9, 3, 9, .05, 1)
(9, 3, 9, .1, .216379)
(9, 3, 9, .15, .216379)
(9, 3, 9, .2, .00375657)
(9, 3, 9, .25, .00375657)
(9, 3, 9, .3, 0)
(9, 3, 9, .35, 0)
(9, 3, 9, .4, 0)
(9, 3, 9, .45, 0)
(9, 3, 9, .5, 0)
(9, 3, 9, .55, 0)
(9, 3, 9, .6, 0)
(9, 3, 9, .65, 0)
(9, 3, 9, .7, 0)
(9, 3, 9, .75, 0)
(9, 3, 9, .8, 0)
(9, 3, 9, .85, 0)
(9, 3, 9, .9, 0)
(9, 3, 9, .95, 0)
(9, 3, 9, 1, 0)
(9, 3, 10, 0, 1)
(9, 3, 10, .05, 1)
(9, 3, 10, .1, .180316)
(9, 3, 10, .15, .180316)
(9, 3, 10, .2, 0)
(9, 3, 10, .25, 0)
(9, 3, 10, .3, 0)
(9, 3, 10, .35, 0)
(9, 3, 10, .4, 0)
(9, 3, 10, .45, 0)
(9, 3, 10, .5, 0)
(9, 3, 10, .55, 0)
(9, 3, 10, .6, 0)
(9, 3, 10, .65, 0)
(9, 3, 10, .7, 0)
(9, 3, 10, .75, 0)
(9, 3, 10, .8, 0)
(9, 3, 10, .85, 0)
(9, 3, 10, .9, 0)
(9, 3, 10, .95, 0)
(9, 3, 10, 1, 0)
(9, 3, 11, 0, 1)
(9, 3, 11, .05, 1)
(9, 3, 11, .1, 0)
(9, 3, 11, .15, 0)
(9, 3, 11, .2, 0)
(9, 3, 11, .25, 0)
(9, 3, 11, .3, 0)
(9, 3, 11, .35, 0)
(9, 3, 11, .4, 0)
(9, 3, 11, .45, 0)
(9, 3, 11, .5, 0)
(9, 3, 11, .55, 0)
(9, 3, 11, .6, 0)
(9, 3, 11, .65, 0)
(9, 3, 11, .7, 0)
(9, 3, 11, .75, 0)
(9, 3, 11, .8, 0)
(9, 3, 11, .85, 0)
(9, 3, 11, .9, 0)
(9, 3, 11, .95, 0)
(9, 3, 11, 1, 0)
(9, 4, 1, 0, 1)
(9, 4, 1, .05, 1)
(9, 4, 1, .1, .540947)
(9, 4, 1, .15, .540947)
(9, 4, 1, .2, .243426)
(9, 4, 1, .25, .243426)
(9, 4, 1, .3, .0721262)
(9, 4, 1, .35, .0721262)
(9, 4, 1, .4, .0052592)
(9, 4, 1, .45, .0052592)
(9, 4, 1, .5, 0)
(9, 4, 1, .55, 0)
(9, 4, 1, .6, 0)
(9, 4, 1, .65, 0)
(9, 4, 1, .7, 0)
(9, 4, 1, .75, 0)
(9, 4, 1, .8, 0)
(9, 4, 1, .85, 0)
(9, 4, 1, .9, 0)
(9, 4, 1, .95, 0)
(9, 4, 1, 1, 0)
(9, 4, 2, 0, 1)
(9, 4, 2, .05, 1)
(9, 4, 2, .1, .486852)
(9, 4, 2, .15, .486852)
(9, 4, 2, .2, .191585)
(9, 4, 2, .25, .191585)
(9, 4, 2, .3, .0450789)
(9, 4, 2, .35, .0450789)
(9, 4, 2, .4, .00225394)
(9, 4, 2, .45, .00225394)
(9, 4, 2, .5, 0)
(9, 4, 2, .55, 0)
(9, 4, 2, .6, 0)
(9, 4, 2, .65, 0)
(9, 4, 2, .7, 0)
(9, 4, 2, .75, 0)
(9, 4, 2, .8, 0)
(9, 4, 2, .85, 0)
(9, 4, 2, .9, 0)
(9, 4, 2, .95, 0)
(9, 4, 2, 1, 0)
(9, 4, 3, 0, 1)
(9, 4, 3, .05, 1)
(9, 4, 3, .1, .432757)
(9, 4, 3, .15, .432757)
(9, 4, 3, .2, .144252)
(9, 4, 3, .25, .144252)
(9, 4, 3, .3, .0210368)
(9, 4, 3, .35, .0210368)
(9, 4, 3, .4, 0)
(9, 4, 3, .45, 0)
(9, 4, 3, .5, 0)
(9, 4, 3, .55, 0)
(9, 4, 3, .6, 0)
(9, 4, 3, .65, 0)
(9, 4, 3, .7, 0)
(9, 4, 3, .75, 0)
(9, 4, 3, .8, 0)
(9, 4, 3, .85, 0)
(9, 4, 3, .9, 0)
(9, 4, 3, .95, 0)
(9, 4, 3, 1, 0)
(9, 4, 4, 0, 1)
(9, 4, 4, .05, 1)
(9, 4, 4, .1, .389181)
(9, 4, 4, .15, .389181)
(9, 4, 4, .2, .102179)
(9, 4, 4, .25, .102179)
(9, 4, 4, .3, .00601052)
(9, 4, 4, .35, .00601052)
(9, 4, 4, .4, 0)
(9, 4, 4, .45, 0)
(9, 4, 4, .5, 0)
(9, 4, 4, .55, 0)
(9, 4, 4, .6, 0)
(9, 4, 4, .65, 0)
(9, 4, 4, .7, 0)
(9, 4, 4, .75, 0)
(9, 4, 4, .8, 0)
(9, 4, 4, .85, 0)
(9, 4, 4, .9, 0)
(9, 4, 4, .95, 0)
(9, 4, 4, 1, 0)
(9, 4, 5, 0, 1)
(9, 4, 5, .05, 1)
(9, 4, 5, .1, .345605)
(9, 4, 5, .15, .345605)
(9, 4, 5, .2, .066867)
(9, 4, 5, .25, .066867)
(9, 4, 5, .3, 0)
(9, 4, 5, .35, 0)
(9, 4, 5, .4, 0)
(9, 4, 5, .45, 0)
(9, 4, 5, .5, 0)
(9, 4, 5, .55, 0)
(9, 4, 5, .6, 0)
(9, 4, 5, .65, 0)
(9, 4, 5, .7, 0)
(9, 4, 5, .75, 0)
(9, 4, 5, .8, 0)
(9, 4, 5, .85, 0)
(9, 4, 5, .9, 0)
(9, 4, 5, .95, 0)
(9, 4, 5, 1, 0)
(9, 4, 6, 0, 1)
(9, 4, 6, .05, 1)
(9, 4, 6, .1, .302029)
(9, 4, 6, .15, .302029)
(9, 4, 6, .2, .0398197)
(9, 4, 6, .25, .0398197)
(9, 4, 6, .3, 0)
(9, 4, 6, .35, 0)
(9, 4, 6, .4, 0)
(9, 4, 6, .45, 0)
(9, 4, 6, .5, 0)
(9, 4, 6, .55, 0)
(9, 4, 6, .6, 0)
(9, 4, 6, .65, 0)
(9, 4, 6, .7, 0)
(9, 4, 6, .75, 0)
(9, 4, 6, .8, 0)
(9, 4, 6, .85, 0)
(9, 4, 6, .9, 0)
(9, 4, 6, .95, 0)
(9, 4, 6, 1, 0)
(9, 4, 7, 0, 1)
(9, 4, 7, .05, 1)
(9, 4, 7, .1, .258452)
(9, 4, 7, .15, .258452)
(9, 4, 7, .2, .0187829)
(9, 4, 7, .25, .0187829)
(9, 4, 7, .3, 0)
(9, 4, 7, .35, 0)
(9, 4, 7, .4, 0)
(9, 4, 7, .45, 0)
(9, 4, 7, .5, 0)
(9, 4, 7, .55, 0)
(9, 4, 7, .6, 0)
(9, 4, 7, .65, 0)
(9, 4, 7, .7, 0)
(9, 4, 7, .75, 0)
(9, 4, 7, .8, 0)
(9, 4, 7, .85, 0)
(9, 4, 7, .9, 0)
(9, 4, 7, .95, 0)
(9, 4, 7, 1, 0)
(9, 4, 8, 0, 1)
(9, 4, 8, .05, 1)
(9, 4, 8, .1, .225394)
(9, 4, 8, .15, .225394)
(9, 4, 8, .2, .00901578)
(9, 4, 8, .25, .00901578)
(9, 4, 8, .3, 0)
(9, 4, 8, .35, 0)
(9, 4, 8, .4, 0)
(9, 4, 8, .45, 0)
(9, 4, 8, .5, 0)
(9, 4, 8, .55, 0)
(9, 4, 8, .6, 0)
(9, 4, 8, .65, 0)
(9, 4, 8, .7, 0)
(9, 4, 8, .75, 0)
(9, 4, 8, .8, 0)
(9, 4, 8, .85, 0)
(9, 4, 8, .9, 0)
(9, 4, 8, .95, 0)
(9, 4, 8, 1, 0)
(9, 4, 9, 0, 1)
(9, 4, 9, .05, 1)
(9, 4, 9, .1, .192337)
(9, 4, 9, .15, .192337)
(9, 4, 9, .2, .00225394)
(9, 4, 9, .25, .00225394)
(9, 4, 9, .3, 0)
(9, 4, 9, .35, 0)
(9, 4, 9, .4, 0)
(9, 4, 9, .45, 0)
(9, 4, 9, .5, 0)
(9, 4, 9, .55, 0)
(9, 4, 9, .6, 0)
(9, 4, 9, .65, 0)
(9, 4, 9, .7, 0)
(9, 4, 9, .75, 0)
(9, 4, 9, .8, 0)
(9, 4, 9, .85, 0)
(9, 4, 9, .9, 0)
(9, 4, 9, .95, 0)
(9, 4, 9, 1, 0)
(9, 4, 10, 0, 1)
(9, 4, 10, .05, 1)
(9, 4, 10, .1, .159279)
(9, 4, 10, .15, .159279)
(9, 4, 10, .2, 0)
(9, 4, 10, .25, 0)
(9, 4, 10, .3, 0)
(9, 4, 10, .35, 0)
(9, 4, 10, .4, 0)
(9, 4, 10, .45, 0)
(9, 4, 10, .5, 0)
(9, 4, 10, .55, 0)
(9, 4, 10, .6, 0)
(9, 4, 10, .65, 0)
(9, 4, 10, .7, 0)
(9, 4, 10, .75, 0)
(9, 4, 10, .8, 0)
(9, 4, 10, .85, 0)
(9, 4, 10, .9, 0)
(9, 4, 10, .95, 0)
(9, 4, 10, 1, 0)
(9, 4, 11, 0, 1)
(9, 4, 11, .05, 1)
(9, 4, 11, .1, 0)
(9, 4, 11, .15, 0)
(9, 4, 11, .2, 0)
(9, 4, 11, .25, 0)
(9, 4, 11, .3, 0)
(9, 4, 11, .35, 0)
(9, 4, 11, .4, 0)
(9, 4, 11, .45, 0)
(9, 4, 11, .5, 0)
(9, 4, 11, .55, 0)
(9, 4, 11, .6, 0)
(9, 4, 11, .65, 0)
(9, 4, 11, .7, 0)
(9, 4, 11, .75, 0)
(9, 4, 11, .8, 0)
(9, 4, 11, .85, 0)
(9, 4, 11, .9, 0)
(9, 4, 11, .95, 0)
(9, 4, 11, 1, 0)
(9, 5, 1, 0, 1)
(9, 5, 1, .05, 1)
(9, 5, 1, .1, .480841)
(9, 5, 1, .15, .480841)
(9, 5, 1, .2, .169046)
(9, 5, 1, .25, .169046)
(9, 5, 1, .3, .0240421)
(9, 5, 1, .35, .0240421)
(9, 5, 1, .4, 0)
(9, 5, 1, .45, 0)
(9, 5, 1, .5, 0)
(9, 5, 1, .55, 0)
(9, 5, 1, .6, 0)
(9, 5, 1, .65, 0)
(9, 5, 1, .7, 0)
(9, 5, 1, .75, 0)
(9, 5, 1, .8, 0)
(9, 5, 1, .85, 0)
(9, 5, 1, .9, 0)
(9, 5, 1, .95, 0)
(9, 5, 1, 1, 0)
(9, 5, 2, 0, 1)
(9, 5, 2, .05, 1)
(9, 5, 2, .1, .432757)
(9, 5, 2, .15, .432757)
(9, 5, 2, .2, .132231)
(9, 5, 2, .25, .132231)
(9, 5, 2, .3, .0150263)
(9, 5, 2, .35, .0150263)
(9, 5, 2, .4, 0)
(9, 5, 2, .45, 0)
(9, 5, 2, .5, 0)
(9, 5, 2, .55, 0)
(9, 5, 2, .6, 0)
(9, 5, 2, .65, 0)
(9, 5, 2, .7, 0)
(9, 5, 2, .75, 0)
(9, 5, 2, .8, 0)
(9, 5, 2, .85, 0)
(9, 5, 2, .9, 0)
(9, 5, 2, .95, 0)
(9, 5, 2, 1, 0)
(9, 5, 3, 0, 1)
(9, 5, 3, .05, 1)
(9, 5, 3, .1, .384673)
(9, 5, 3, .15, .384673)
(9, 5, 3, .2, .0976709)
(9, 5, 3, .25, .0976709)
(9, 5, 3, .3, .00601052)
(9, 5, 3, .35, .00601052)
(9, 5, 3, .4, 0)
(9, 5, 3, .45, 0)
(9, 5, 3, .5, 0)
(9, 5, 3, .55, 0)
(9, 5, 3, .6, 0)
(9, 5, 3, .65, 0)
(9, 5, 3, .7, 0)
(9, 5, 3, .75, 0)
(9, 5, 3, .8, 0)
(9, 5, 3, .85, 0)
(9, 5, 3, .9, 0)
(9, 5, 3, .95, 0)
(9, 5, 3, 1, 0)
(9, 5, 4, 0, 1)
(9, 5, 4, .05, 1)
(9, 5, 4, .1, .345605)
(9, 5, 4, .15, .345605)
(9, 5, 4, .2, .066867)
(9, 5, 4, .25, .066867)
(9, 5, 4, .3, 0)
(9, 5, 4, .35, 0)
(9, 5, 4, .4, 0)
(9, 5, 4, .45, 0)
(9, 5, 4, .5, 0)
(9, 5, 4, .55, 0)
(9, 5, 4, .6, 0)
(9, 5, 4, .65, 0)
(9, 5, 4, .7, 0)
(9, 5, 4, .75, 0)
(9, 5, 4, .8, 0)
(9, 5, 4, .85, 0)
(9, 5, 4, .9, 0)
(9, 5, 4, .95, 0)
(9, 5, 4, 1, 0)
(9, 5, 5, 0, 1)
(9, 5, 5, .05, 1)
(9, 5, 5, .1, .306536)
(9, 5, 5, .15, .306536)
(9, 5, 5, .2, .0413223)
(9, 5, 5, .25, .0413223)
(9, 5, 5, .3, 0)
(9, 5, 5, .35, 0)
(9, 5, 5, .4, 0)
(9, 5, 5, .45, 0)
(9, 5, 5, .5, 0)
(9, 5, 5, .55, 0)
(9, 5, 5, .6, 0)
(9, 5, 5, .65, 0)
(9, 5, 5, .7, 0)
(9, 5, 5, .75, 0)
(9, 5, 5, .8, 0)
(9, 5, 5, .85, 0)
(9, 5, 5, .9, 0)
(9, 5, 5, .95, 0)
(9, 5, 5, 1, 0)
(9, 5, 6, 0, 1)
(9, 5, 6, .05, 1)
(9, 5, 6, .1, .267468)
(9, 5, 6, .15, .267468)
(9, 5, 6, .2, .0225394)
(9, 5, 6, .25, .0225394)
(9, 5, 6, .3, 0)
(9, 5, 6, .35, 0)
(9, 5, 6, .4, 0)
(9, 5, 6, .45, 0)
(9, 5, 6, .5, 0)
(9, 5, 6, .55, 0)
(9, 5, 6, .6, 0)
(9, 5, 6, .65, 0)
(9, 5, 6, .7, 0)
(9, 5, 6, .75, 0)
(9, 5, 6, .8, 0)
(9, 5, 6, .85, 0)
(9, 5, 6, .9, 0)
(9, 5, 6, .95, 0)
(9, 5, 6, 1, 0)
(9, 5, 7, 0, 1)
(9, 5, 7, .05, 1)
(9, 5, 7, .1, .2284)
(9, 5, 7, .15, .2284)
(9, 5, 7, .2, .00901578)
(9, 5, 7, .25, .00901578)
(9, 5, 7, .3, 0)
(9, 5, 7, .35, 0)
(9, 5, 7, .4, 0)
(9, 5, 7, .45, 0)
(9, 5, 7, .5, 0)
(9, 5, 7, .55, 0)
(9, 5, 7, .6, 0)
(9, 5, 7, .65, 0)
(9, 5, 7, .7, 0)
(9, 5, 7, .75, 0)
(9, 5, 7, .8, 0)
(9, 5, 7, .85, 0)
(9, 5, 7, .9, 0)
(9, 5, 7, .95, 0)
(9, 5, 7, 1, 0)
(9, 5, 8, 0, 1)
(9, 5, 8, .05, 1)
(9, 5, 8, .1, .198347)
(9, 5, 8, .15, .198347)
(9, 5, 8, .2, .00375657)
(9, 5, 8, .25, .00375657)
(9, 5, 8, .3, 0)
(9, 5, 8, .35, 0)
(9, 5, 8, .4, 0)
(9, 5, 8, .45, 0)
(9, 5, 8, .5, 0)
(9, 5, 8, .55, 0)
(9, 5, 8, .6, 0)
(9, 5, 8, .65, 0)
(9, 5, 8, .7, 0)
(9, 5, 8, .75, 0)
(9, 5, 8, .8, 0)
(9, 5, 8, .85, 0)
(9, 5, 8, .9, 0)
(9, 5, 8, .95, 0)
(9, 5, 8, 1, 0)
(9, 5, 9, 0, 1)
(9, 5, 9, .05, 1)
(9, 5, 9, .1, .168295)
(9, 5, 9, .15, .168295)
(9, 5, 9, .2, .000751315)
(9, 5, 9, .25, .000751315)
(9, 5, 9, .3, 0)
(9, 5, 9, .35, 0)
(9, 5, 9, .4, 0)
(9, 5, 9, .45, 0)
(9, 5, 9, .5, 0)
(9, 5, 9, .55, 0)
(9, 5, 9, .6, 0)
(9, 5, 9, .65, 0)
(9, 5, 9, .7, 0)
(9, 5, 9, .75, 0)
(9, 5, 9, .8, 0)
(9, 5, 9, .85, 0)
(9, 5, 9, .9, 0)
(9, 5, 9, .95, 0)
(9, 5, 9, 1, 0)
(9, 5, 10, 0, 1)
(9, 5, 10, .05, 1)
(9, 5, 10, .1, .138242)
(9, 5, 10, .15, .138242)
(9, 5, 10, .2, 0)
(9, 5, 10, .25, 0)
(9, 5, 10, .3, 0)
(9, 5, 10, .35, 0)
(9, 5, 10, .4, 0)
(9, 5, 10, .45, 0)
(9, 5, 10, .5, 0)
(9, 5, 10, .55, 0)
(9, 5, 10, .6, 0)
(9, 5, 10, .65, 0)
(9, 5, 10, .7, 0)
(9, 5, 10, .75, 0)
(9, 5, 10, .8, 0)
(9, 5, 10, .85, 0)
(9, 5, 10, .9, 0)
(9, 5, 10, .95, 0)
(9, 5, 10, 1, 0)
(9, 5, 11, 0, 1)
(9, 5, 11, .05, 1)
(9, 5, 11, .1, 0)
(9, 5, 11, .15, 0)
(9, 5, 11, .2, 0)
(9, 5, 11, .25, 0)
(9, 5, 11, .3, 0)
(9, 5, 11, .35, 0)
(9, 5, 11, .4, 0)
(9, 5, 11, .45, 0)
(9, 5, 11, .5, 0)
(9, 5, 11, .55, 0)
(9, 5, 11, .6, 0)
(9, 5, 11, .65, 0)
(9, 5, 11, .7, 0)
(9, 5, 11, .75, 0)
(9, 5, 11, .8, 0)
(9, 5, 11, .85, 0)
(9, 5, 11, .9, 0)
(9, 5, 11, .95, 0)
(9, 5, 11, 1, 0)
(9, 6, 1, 0, 1)
(9, 6, 1, .05, 1)
(9, 6, 1, .1, .420736)
(9, 6, 1, .15, .420736)
(9, 6, 1, .2, .108189)
(9, 6, 1, .25, .108189)
(9, 6, 1, .3, 0)
(9, 6, 1, .35, 0)
(9, 6, 1, .4, 0)
(9, 6, 1, .45, 0)
(9, 6, 1, .5, 0)
(9, 6, 1, .55, 0)
(9, 6, 1, .6, 0)
(9, 6, 1, .65, 0)
(9, 6, 1, .7, 0)
(9, 6, 1, .75, 0)
(9, 6, 1, .8, 0)
(9, 6, 1, .85, 0)
(9, 6, 1, .9, 0)
(9, 6, 1, .95, 0)
(9, 6, 1, 1, 0)
(9, 6, 2, 0, 1)
(9, 6, 2, .05, 1)
(9, 6, 2, .1, .378663)
(9, 6, 2, .15, .378663)
(9, 6, 2, .2, .0841473)
(9, 6, 2, .25, .0841473)
(9, 6, 2, .3, 0)
(9, 6, 2, .35, 0)
(9, 6, 2, .4, 0)
(9, 6, 2, .45, 0)
(9, 6, 2, .5, 0)
(9, 6, 2, .55, 0)
(9, 6, 2, .6, 0)
(9, 6, 2, .65, 0)
(9, 6, 2, .7, 0)
(9, 6, 2, .75, 0)
(9, 6, 2, .8, 0)
(9, 6, 2, .85, 0)
(9, 6, 2, .9, 0)
(9, 6, 2, .95, 0)
(9, 6, 2, 1, 0)
(9, 6, 3, 0, 1)
(9, 6, 3, .05, 1)
(9, 6, 3, .1, .336589)
(9, 6, 3, .15, .336589)
(9, 6, 3, .2, .0608565)
(9, 6, 3, .25, .0608565)
(9, 6, 3, .3, 0)
(9, 6, 3, .35, 0)
(9, 6, 3, .4, 0)
(9, 6, 3, .45, 0)
(9, 6, 3, .5, 0)
(9, 6, 3, .55, 0)
(9, 6, 3, .6, 0)
(9, 6, 3, .65, 0)
(9, 6, 3, .7, 0)
(9, 6, 3, .75, 0)
(9, 6, 3, .8, 0)
(9, 6, 3, .85, 0)
(9, 6, 3, .9, 0)
(9, 6, 3, .95, 0)
(9, 6, 3, 1, 0)
(9, 6, 4, 0, 1)
(9, 6, 4, .05, 1)
(9, 6, 4, .1, .302029)
(9, 6, 4, .15, .302029)
(9, 6, 4, .2, .0398197)
(9, 6, 4, .25, .0398197)
(9, 6, 4, .3, 0)
(9, 6, 4, .35, 0)
(9, 6, 4, .4, 0)
(9, 6, 4, .45, 0)
(9, 6, 4, .5, 0)
(9, 6, 4, .55, 0)
(9, 6, 4, .6, 0)
(9, 6, 4, .65, 0)
(9, 6, 4, .7, 0)
(9, 6, 4, .75, 0)
(9, 6, 4, .8, 0)
(9, 6, 4, .85, 0)
(9, 6, 4, .9, 0)
(9, 6, 4, .95, 0)
(9, 6, 4, 1, 0)
(9, 6, 5, 0, 1)
(9, 6, 5, .05, 1)
(9, 6, 5, .1, .267468)
(9, 6, 5, .15, .267468)
(9, 6, 5, .2, .0225394)
(9, 6, 5, .25, .0225394)
(9, 6, 5, .3, 0)
(9, 6, 5, .35, 0)
(9, 6, 5, .4, 0)
(9, 6, 5, .45, 0)
(9, 6, 5, .5, 0)
(9, 6, 5, .55, 0)
(9, 6, 5, .6, 0)
(9, 6, 5, .65, 0)
(9, 6, 5, .7, 0)
(9, 6, 5, .75, 0)
(9, 6, 5, .8, 0)
(9, 6, 5, .85, 0)
(9, 6, 5, .9, 0)
(9, 6, 5, .95, 0)
(9, 6, 5, 1, 0)
(9, 6, 6, 0, 1)
(9, 6, 6, .05, 1)
(9, 6, 6, .1, .232908)
(9, 6, 6, .15, .232908)
(9, 6, 6, .2, .0105184)
(9, 6, 6, .25, .0105184)
(9, 6, 6, .3, 0)
(9, 6, 6, .35, 0)
(9, 6, 6, .4, 0)
(9, 6, 6, .45, 0)
(9, 6, 6, .5, 0)
(9, 6, 6, .55, 0)
(9, 6, 6, .6, 0)
(9, 6, 6, .65, 0)
(9, 6, 6, .7, 0)
(9, 6, 6, .75, 0)
(9, 6, 6, .8, 0)
(9, 6, 6, .85, 0)
(9, 6, 6, .9, 0)
(9, 6, 6, .95, 0)
(9, 6, 6, 1, 0)
(9, 6, 7, 0, 1)
(9, 6, 7, .05, 1)
(9, 6, 7, .1, .198347)
(9, 6, 7, .15, .198347)
(9, 6, 7, .2, .00300526)
(9, 6, 7, .25, .00300526)
(9, 6, 7, .3, 0)
(9, 6, 7, .35, 0)
(9, 6, 7, .4, 0)
(9, 6, 7, .45, 0)
(9, 6, 7, .5, 0)
(9, 6, 7, .55, 0)
(9, 6, 7, .6, 0)
(9, 6, 7, .65, 0)
(9, 6, 7, .7, 0)
(9, 6, 7, .75, 0)
(9, 6, 7, .8, 0)
(9, 6, 7, .85, 0)
(9, 6, 7, .9, 0)
(9, 6, 7, .95, 0)
(9, 6, 7, 1, 0)
(9, 6, 8, 0, 1)
(9, 6, 8, .05, 1)
(9, 6, 8, .1, .1713)
(9, 6, 8, .15, .1713)
(9, 6, 8, .2, .000751315)
(9, 6, 8, .25, .000751315)
(9, 6, 8, .3, 0)
(9, 6, 8, .35, 0)
(9, 6, 8, .4, 0)
(9, 6, 8, .45, 0)
(9, 6, 8, .5, 0)
(9, 6, 8, .55, 0)
(9, 6, 8, .6, 0)
(9, 6, 8, .65, 0)
(9, 6, 8, .7, 0)
(9, 6, 8, .75, 0)
(9, 6, 8, .8, 0)
(9, 6, 8, .85, 0)
(9, 6, 8, .9, 0)
(9, 6, 8, .95, 0)
(9, 6, 8, 1, 0)
(9, 6, 9, 0, 1)
(9, 6, 9, .05, 1)
(9, 6, 9, .1, .144252)
(9, 6, 9, .15, .144252)
(9, 6, 9, .2, 0)
(9, 6, 9, .25, 0)
(9, 6, 9, .3, 0)
(9, 6, 9, .35, 0)
(9, 6, 9, .4, 0)
(9, 6, 9, .45, 0)
(9, 6, 9, .5, 0)
(9, 6, 9, .55, 0)
(9, 6, 9, .6, 0)
(9, 6, 9, .65, 0)
(9, 6, 9, .7, 0)
(9, 6, 9, .75, 0)
(9, 6, 9, .8, 0)
(9, 6, 9, .85, 0)
(9, 6, 9, .9, 0)
(9, 6, 9, .95, 0)
(9, 6, 9, 1, 0)
(9, 6, 10, 0, 1)
(9, 6, 10, .05, 1)
(9, 6, 10, .1, .118708)
(9, 6, 10, .15, .118708)
(9, 6, 10, .2, 0)
(9, 6, 10, .25, 0)
(9, 6, 10, .3, 0)
(9, 6, 10, .35, 0)
(9, 6, 10, .4, 0)
(9, 6, 10, .45, 0)
(9, 6, 10, .5, 0)
(9, 6, 10, .55, 0)
(9, 6, 10, .6, 0)
(9, 6, 10, .65, 0)
(9, 6, 10, .7, 0)
(9, 6, 10, .75, 0)
(9, 6, 10, .8, 0)
(9, 6, 10, .85, 0)
(9, 6, 10, .9, 0)
(9, 6, 10, .95, 0)
(9, 6, 10, 1, 0)
(9, 6, 11, 0, 1)
(9, 6, 11, .05, 1)
(9, 6, 11, .1, 0)
(9, 6, 11, .15, 0)
(9, 6, 11, .2, 0)
(9, 6, 11, .25, 0)
(9, 6, 11, .3, 0)
(9, 6, 11, .35, 0)
(9, 6, 11, .4, 0)
(9, 6, 11, .45, 0)
(9, 6, 11, .5, 0)
(9, 6, 11, .55, 0)
(9, 6, 11, .6, 0)
(9, 6, 11, .65, 0)
(9, 6, 11, .7, 0)
(9, 6, 11, .75, 0)
(9, 6, 11, .8, 0)
(9, 6, 11, .85, 0)
(9, 6, 11, .9, 0)
(9, 6, 11, .95, 0)
(9, 6, 11, 1, 0)
(9, 7, 1, 0, 1)
(9, 7, 1, .05, 1)
(9, 7, 1, .1, .360631)
(9, 7, 1, .15, .360631)
(9, 7, 1, .2, .0540947)
(9, 7, 1, .25, .0540947)
(9, 7, 1, .3, 0)
(9, 7, 1, .35, 0)
(9, 7, 1, .4, 0)
(9, 7, 1, .45, 0)
(9, 7, 1, .5, 0)
(9, 7, 1, .55, 0)
(9, 7, 1, .6, 0)
(9, 7, 1, .65, 0)
(9, 7, 1, .7, 0)
(9, 7, 1, .75, 0)
(9, 7, 1, .8, 0)
(9, 7, 1, .85, 0)
(9, 7, 1, .9, 0)
(9, 7, 1, .95, 0)
(9, 7, 1, 1, 0)
(9, 7, 2, 0, 1)
(9, 7, 2, .05, 1)
(9, 7, 2, .1, .324568)
(9, 7, 2, .15, .324568)
(9, 7, 2, .2, .0420736)
(9, 7, 2, .25, .0420736)
(9, 7, 2, .3, 0)
(9, 7, 2, .35, 0)
(9, 7, 2, .4, 0)
(9, 7, 2, .45, 0)
(9, 7, 2, .5, 0)
(9, 7, 2, .55, 0)
(9, 7, 2, .6, 0)
(9, 7, 2, .65, 0)
(9, 7, 2, .7, 0)
(9, 7, 2, .75, 0)
(9, 7, 2, .8, 0)
(9, 7, 2, .85, 0)
(9, 7, 2, .9, 0)
(9, 7, 2, .95, 0)
(9, 7, 2, 1, 0)
(9, 7, 3, 0, 1)
(9, 7, 3, .05, 1)
(9, 7, 3, .1, .288505)
(9, 7, 3, .15, .288505)
(9, 7, 3, .2, .0300526)
(9, 7, 3, .25, .0300526)
(9, 7, 3, .3, 0)
(9, 7, 3, .35, 0)
(9, 7, 3, .4, 0)
(9, 7, 3, .45, 0)
(9, 7, 3, .5, 0)
(9, 7, 3, .55, 0)
(9, 7, 3, .6, 0)
(9, 7, 3, .65, 0)
(9, 7, 3, .7, 0)
(9, 7, 3, .75, 0)
(9, 7, 3, .8, 0)
(9, 7, 3, .85, 0)
(9, 7, 3, .9, 0)
(9, 7, 3, .95, 0)
(9, 7, 3, 1, 0)
(9, 7, 4, 0, 1)
(9, 7, 4, .05, 1)
(9, 7, 4, .1, .258452)
(9, 7, 4, .15, .258452)
(9, 7, 4, .2, .0187829)
(9, 7, 4, .25, .0187829)
(9, 7, 4, .3, 0)
(9, 7, 4, .35, 0)
(9, 7, 4, .4, 0)
(9, 7, 4, .45, 0)
(9, 7, 4, .5, 0)
(9, 7, 4, .55, 0)
(9, 7, 4, .6, 0)
(9, 7, 4, .65, 0)
(9, 7, 4, .7, 0)
(9, 7, 4, .75, 0)
(9, 7, 4, .8, 0)
(9, 7, 4, .85, 0)
(9, 7, 4, .9, 0)
(9, 7, 4, .95, 0)
(9, 7, 4, 1, 0)
(9, 7, 5, 0, 1)
(9, 7, 5, .05, 1)
(9, 7, 5, .1, .2284)
(9, 7, 5, .15, .2284)
(9, 7, 5, .2, .00901578)
(9, 7, 5, .25, .00901578)
(9, 7, 5, .3, 0)
(9, 7, 5, .35, 0)
(9, 7, 5, .4, 0)
(9, 7, 5, .45, 0)
(9, 7, 5, .5, 0)
(9, 7, 5, .55, 0)
(9, 7, 5, .6, 0)
(9, 7, 5, .65, 0)
(9, 7, 5, .7, 0)
(9, 7, 5, .75, 0)
(9, 7, 5, .8, 0)
(9, 7, 5, .85, 0)
(9, 7, 5, .9, 0)
(9, 7, 5, .95, 0)
(9, 7, 5, 1, 0)
(9, 7, 6, 0, 1)
(9, 7, 6, .05, 1)
(9, 7, 6, .1, .198347)
(9, 7, 6, .15, .198347)
(9, 7, 6, .2, .00300526)
(9, 7, 6, .25, .00300526)
(9, 7, 6, .3, 0)
(9, 7, 6, .35, 0)
(9, 7, 6, .4, 0)
(9, 7, 6, .45, 0)
(9, 7, 6, .5, 0)
(9, 7, 6, .55, 0)
(9, 7, 6, .6, 0)
(9, 7, 6, .65, 0)
(9, 7, 6, .7, 0)
(9, 7, 6, .75, 0)
(9, 7, 6, .8, 0)
(9, 7, 6, .85, 0)
(9, 7, 6, .9, 0)
(9, 7, 6, .95, 0)
(9, 7, 6, 1, 0)
(9, 7, 7, 0, 1)
(9, 7, 7, .05, 1)
(9, 7, 7, .1, .168295)
(9, 7, 7, .15, .168295)
(9, 7, 7, .2, .000751315)
(9, 7, 7, .25, .000751315)
(9, 7, 7, .3, 0)
(9, 7, 7, .35, 0)
(9, 7, 7, .4, 0)
(9, 7, 7, .45, 0)
(9, 7, 7, .5, 0)
(9, 7, 7, .55, 0)
(9, 7, 7, .6, 0)
(9, 7, 7, .65, 0)
(9, 7, 7, .7, 0)
(9, 7, 7, .75, 0)
(9, 7, 7, .8, 0)
(9, 7, 7, .85, 0)
(9, 7, 7, .9, 0)
(9, 7, 7, .95, 0)
(9, 7, 7, 1, 0)
(9, 7, 8, 0, 1)
(9, 7, 8, .05, 1)
(9, 7, 8, .1, .144252)
(9, 7, 8, .15, .144252)
(9, 7, 8, .2, 0)
(9, 7, 8, .25, 0)
(9, 7, 8, .3, 0)
(9, 7, 8, .35, 0)
(9, 7, 8, .4, 0)
(9, 7, 8, .45, 0)
(9, 7, 8, .5, 0)
(9, 7, 8, .55, 0)
(9, 7, 8, .6, 0)
(9, 7, 8, .65, 0)
(9, 7, 8, .7, 0)
(9, 7, 8, .75, 0)
(9, 7, 8, .8, 0)
(9, 7, 8, .85, 0)
(9, 7, 8, .9, 0)
(9, 7, 8, .95, 0)
(9, 7, 8, 1, 0)
(9, 7, 9, 0, 1)
(9, 7, 9, .05, 1)
(9, 7, 9, .1, .12021)
(9, 7, 9, .15, .12021)
(9, 7, 9, .2, 0)
(9, 7, 9, .25, 0)
(9, 7, 9, .3, 0)
(9, 7, 9, .35, 0)
(9, 7, 9, .4, 0)
(9, 7, 9, .45, 0)
(9, 7, 9, .5, 0)
(9, 7, 9, .55, 0)
(9, 7, 9, .6, 0)
(9, 7, 9, .65, 0)
(9, 7, 9, .7, 0)
(9, 7, 9, .75, 0)
(9, 7, 9, .8, 0)
(9, 7, 9, .85, 0)
(9, 7, 9, .9, 0)
(9, 7, 9, .95, 0)
(9, 7, 9, 1, 0)
(9, 7, 10, 0, 1)
(9, 7, 10, .05, 1)
(9, 7, 10, .1, .0991736)
(9, 7, 10, .15, .0991736)
(9, 7, 10, .2, 0)
(9, 7, 10, .25, 0)
(9, 7, 10, .3, 0)
(9, 7, 10, .35, 0)
(9, 7, 10, .4, 0)
(9, 7, 10, .45, 0)
(9, 7, 10, .5, 0)
(9, 7, 10, .55, 0)
(9, 7, 10, .6, 0)
(9, 7, 10, .65, 0)
(9, 7, 10, .7, 0)
(9, 7, 10, .75, 0)
(9, 7, 10, .8, 0)
(9, 7, 10, .85, 0)
(9, 7, 10, .9, 0)
(9, 7, 10, .95, 0)
(9, 7, 10, 1, 0)
(9, 7, 11, 0, 1)
(9, 7, 11, .05, 1)
(9, 7, 11, .1, 0)
(9, 7, 11, .15, 0)
(9, 7, 11, .2, 0)
(9, 7, 11, .25, 0)
(9, 7, 11, .3, 0)
(9, 7, 11, .35, 0)
(9, 7, 11, .4, 0)
(9, 7, 11, .45, 0)
(9, 7, 11, .5, 0)
(9, 7, 11, .55, 0)
(9, 7, 11, .6, 0)
(9, 7, 11, .65, 0)
(9, 7, 11, .7, 0)
(9, 7, 11, .75, 0)
(9, 7, 11, .8, 0)
(9, 7, 11, .85, 0)
(9, 7, 11, .9, 0)
(9, 7, 11, .95, 0)
(9, 7, 11, 1, 0)
(9, 8, 1, 0, 1)
(9, 8, 1, .05, 1)
(9, 8, 1, .1, .315552)
(9, 8, 1, .15, .315552)
(9, 8, 1, .2, .0270473)
(9, 8, 1, .25, .0270473)
(9, 8, 1, .3, 0)
(9, 8, 1, .35, 0)
(9, 8, 1, .4, 0)
(9, 8, 1, .45, 0)
(9, 8, 1, .5, 0)
(9, 8, 1, .55, 0)
(9, 8, 1, .6, 0)
(9, 8, 1, .65, 0)
(9, 8, 1, .7, 0)
(9, 8, 1, .75, 0)
(9, 8, 1, .8, 0)
(9, 8, 1, .85, 0)
(9, 8, 1, .9, 0)
(9, 8, 1, .95, 0)
(9, 8, 1, 1, 0)
(9, 8, 2, 0, 1)
(9, 8, 2, .05, 1)
(9, 8, 2, .1, .283997)
(9, 8, 2, .15, .283997)
(9, 8, 2, .2, .0210368)
(9, 8, 2, .25, .0210368)
(9, 8, 2, .3, 0)
(9, 8, 2, .35, 0)
(9, 8, 2, .4, 0)
(9, 8, 2, .45, 0)
(9, 8, 2, .5, 0)
(9, 8, 2, .55, 0)
(9, 8, 2, .6, 0)
(9, 8, 2, .65, 0)
(9, 8, 2, .7, 0)
(9, 8, 2, .75, 0)
(9, 8, 2, .8, 0)
(9, 8, 2, .85, 0)
(9, 8, 2, .9, 0)
(9, 8, 2, .95, 0)
(9, 8, 2, 1, 0)
(9, 8, 3, 0, 1)
(9, 8, 3, .05, 1)
(9, 8, 3, .1, .252442)
(9, 8, 3, .15, .252442)
(9, 8, 3, .2, .0150263)
(9, 8, 3, .25, .0150263)
(9, 8, 3, .3, 0)
(9, 8, 3, .35, 0)
(9, 8, 3, .4, 0)
(9, 8, 3, .45, 0)
(9, 8, 3, .5, 0)
(9, 8, 3, .55, 0)
(9, 8, 3, .6, 0)
(9, 8, 3, .65, 0)
(9, 8, 3, .7, 0)
(9, 8, 3, .75, 0)
(9, 8, 3, .8, 0)
(9, 8, 3, .85, 0)
(9, 8, 3, .9, 0)
(9, 8, 3, .95, 0)
(9, 8, 3, 1, 0)
(9, 8, 4, 0, 1)
(9, 8, 4, .05, 1)
(9, 8, 4, .1, .225394)
(9, 8, 4, .15, .225394)
(9, 8, 4, .2, .00901578)
(9, 8, 4, .25, .00901578)
(9, 8, 4, .3, 0)
(9, 8, 4, .35, 0)
(9, 8, 4, .4, 0)
(9, 8, 4, .45, 0)
(9, 8, 4, .5, 0)
(9, 8, 4, .55, 0)
(9, 8, 4, .6, 0)
(9, 8, 4, .65, 0)
(9, 8, 4, .7, 0)
(9, 8, 4, .75, 0)
(9, 8, 4, .8, 0)
(9, 8, 4, .85, 0)
(9, 8, 4, .9, 0)
(9, 8, 4, .95, 0)
(9, 8, 4, 1, 0)
(9, 8, 5, 0, 1)
(9, 8, 5, .05, 1)
(9, 8, 5, .1, .198347)
(9, 8, 5, .15, .198347)
(9, 8, 5, .2, .00375657)
(9, 8, 5, .25, .00375657)
(9, 8, 5, .3, 0)
(9, 8, 5, .35, 0)
(9, 8, 5, .4, 0)
(9, 8, 5, .45, 0)
(9, 8, 5, .5, 0)
(9, 8, 5, .55, 0)
(9, 8, 5, .6, 0)
(9, 8, 5, .65, 0)
(9, 8, 5, .7, 0)
(9, 8, 5, .75, 0)
(9, 8, 5, .8, 0)
(9, 8, 5, .85, 0)
(9, 8, 5, .9, 0)
(9, 8, 5, .95, 0)
(9, 8, 5, 1, 0)
(9, 8, 6, 0, 1)
(9, 8, 6, .05, 1)
(9, 8, 6, .1, .1713)
(9, 8, 6, .15, .1713)
(9, 8, 6, .2, .000751315)
(9, 8, 6, .25, .000751315)
(9, 8, 6, .3, 0)
(9, 8, 6, .35, 0)
(9, 8, 6, .4, 0)
(9, 8, 6, .45, 0)
(9, 8, 6, .5, 0)
(9, 8, 6, .55, 0)
(9, 8, 6, .6, 0)
(9, 8, 6, .65, 0)
(9, 8, 6, .7, 0)
(9, 8, 6, .75, 0)
(9, 8, 6, .8, 0)
(9, 8, 6, .85, 0)
(9, 8, 6, .9, 0)
(9, 8, 6, .95, 0)
(9, 8, 6, 1, 0)
(9, 8, 7, 0, 1)
(9, 8, 7, .05, 1)
(9, 8, 7, .1, .144252)
(9, 8, 7, .15, .144252)
(9, 8, 7, .2, 0)
(9, 8, 7, .25, 0)
(9, 8, 7, .3, 0)
(9, 8, 7, .35, 0)
(9, 8, 7, .4, 0)
(9, 8, 7, .45, 0)
(9, 8, 7, .5, 0)
(9, 8, 7, .55, 0)
(9, 8, 7, .6, 0)
(9, 8, 7, .65, 0)
(9, 8, 7, .7, 0)
(9, 8, 7, .75, 0)
(9, 8, 7, .8, 0)
(9, 8, 7, .85, 0)
(9, 8, 7, .9, 0)
(9, 8, 7, .95, 0)
(9, 8, 7, 1, 0)
(9, 8, 8, 0, 1)
(9, 8, 8, .05, 1)
(9, 8, 8, .1, .123216)
(9, 8, 8, .15, .123216)
(9, 8, 8, .2, 0)
(9, 8, 8, .25, 0)
(9, 8, 8, .3, 0)
(9, 8, 8, .35, 0)
(9, 8, 8, .4, 0)
(9, 8, 8, .45, 0)
(9, 8, 8, .5, 0)
(9, 8, 8, .55, 0)
(9, 8, 8, .6, 0)
(9, 8, 8, .65, 0)
(9, 8, 8, .7, 0)
(9, 8, 8, .75, 0)
(9, 8, 8, .8, 0)
(9, 8, 8, .85, 0)
(9, 8, 8, .9, 0)
(9, 8, 8, .95, 0)
(9, 8, 8, 1, 0)
(9, 8, 9, 0, 1)
(9, 8, 9, .05, 1)
(9, 8, 9, .1, .102179)
(9, 8, 9, .15, .102179)
(9, 8, 9, .2, 0)
(9, 8, 9, .25, 0)
(9, 8, 9, .3, 0)
(9, 8, 9, .35, 0)
(9, 8, 9, .4, 0)
(9, 8, 9, .45, 0)
(9, 8, 9, .5, 0)
(9, 8, 9, .55, 0)
(9, 8, 9, .6, 0)
(9, 8, 9, .65, 0)
(9, 8, 9, .7, 0)
(9, 8, 9, .75, 0)
(9, 8, 9, .8, 0)
(9, 8, 9, .85, 0)
(9, 8, 9, .9, 0)
(9, 8, 9, .95, 0)
(9, 8, 9, 1, 0)
(9, 8, 10, 0, 1)
(9, 8, 10, .05, 1)
(9, 8, 10, .1, .0826446)
(9, 8, 10, .15, .0826446)
(9, 8, 10, .2, 0)
(9, 8, 10, .25, 0)
(9, 8, 10, .3, 0)
(9, 8, 10, .35, 0)
(9, 8, 10, .4, 0)
(9, 8, 10, .45, 0)
(9, 8, 10, .5, 0)
(9, 8, 10, .55, 0)
(9, 8, 10, .6, 0)
(9, 8, 10, .65, 0)
(9, 8, 10, .7, 0)
(9, 8, 10, .75, 0)
(9, 8, 10, .8, 0)
(9, 8, 10, .85, 0)
(9, 8, 10, .9, 0)
(9, 8, 10, .95, 0)
(9, 8, 10, 1, 0)
(9, 8, 11, 0, 1)
(9, 8, 11, .05, 1)
(9, 8, 11, .1, 0)
(9, 8, 11, .15, 0)
(9, 8, 11, .2, 0)
(9, 8, 11, .25, 0)
(9, 8, 11, .3, 0)
(9, 8, 11, .35, 0)
(9, 8, 11, .4, 0)
(9, 8, 11, .45, 0)
(9, 8, 11, .5, 0)
(9, 8, 11, .55, 0)
(9, 8, 11, .6, 0)
(9, 8, 11, .65, 0)
(9, 8, 11, .7, 0)
(9, 8, 11, .75, 0)
(9, 8, 11, .8, 0)
(9, 8, 11, .85, 0)
(9, 8, 11, .9, 0)
(9, 8, 11, .95, 0)
(9, 8, 11, 1, 0)
(9, 9, 1, 0, 1)
(9, 9, 1, .05, 1)
(9, 9, 1, .1, .270473)
(9, 9, 1, .15, .270473)
(9, 9, 1, .2, .00676183)
(9, 9, 1, .25, .00676183)
(9, 9, 1, .3, 0)
(9, 9, 1, .35, 0)
(9, 9, 1, .4, 0)
(9, 9, 1, .45, 0)
(9, 9, 1, .5, 0)
(9, 9, 1, .55, 0)
(9, 9, 1, .6, 0)
(9, 9, 1, .65, 0)
(9, 9, 1, .7, 0)
(9, 9, 1, .75, 0)
(9, 9, 1, .8, 0)
(9, 9, 1, .85, 0)
(9, 9, 1, .9, 0)
(9, 9, 1, .95, 0)
(9, 9, 1, 1, 0)
(9, 9, 2, 0, 1)
(9, 9, 2, .05, 1)
(9, 9, 2, .1, .243426)
(9, 9, 2, .15, .243426)
(9, 9, 2, .2, .0052592)
(9, 9, 2, .25, .0052592)
(9, 9, 2, .3, 0)
(9, 9, 2, .35, 0)
(9, 9, 2, .4, 0)
(9, 9, 2, .45, 0)
(9, 9, 2, .5, 0)
(9, 9, 2, .55, 0)
(9, 9, 2, .6, 0)
(9, 9, 2, .65, 0)
(9, 9, 2, .7, 0)
(9, 9, 2, .75, 0)
(9, 9, 2, .8, 0)
(9, 9, 2, .85, 0)
(9, 9, 2, .9, 0)
(9, 9, 2, .95, 0)
(9, 9, 2, 1, 0)
(9, 9, 3, 0, 1)
(9, 9, 3, .05, 1)
(9, 9, 3, .1, .216379)
(9, 9, 3, .15, .216379)
(9, 9, 3, .2, .00375657)
(9, 9, 3, .25, .00375657)
(9, 9, 3, .3, 0)
(9, 9, 3, .35, 0)
(9, 9, 3, .4, 0)
(9, 9, 3, .45, 0)
(9, 9, 3, .5, 0)
(9, 9, 3, .55, 0)
(9, 9, 3, .6, 0)
(9, 9, 3, .65, 0)
(9, 9, 3, .7, 0)
(9, 9, 3, .75, 0)
(9, 9, 3, .8, 0)
(9, 9, 3, .85, 0)
(9, 9, 3, .9, 0)
(9, 9, 3, .95, 0)
(9, 9, 3, 1, 0)
(9, 9, 4, 0, 1)
(9, 9, 4, .05, 1)
(9, 9, 4, .1, .192337)
(9, 9, 4, .15, .192337)
(9, 9, 4, .2, .00225394)
(9, 9, 4, .25, .00225394)
(9, 9, 4, .3, 0)
(9, 9, 4, .35, 0)
(9, 9, 4, .4, 0)
(9, 9, 4, .45, 0)
(9, 9, 4, .5, 0)
(9, 9, 4, .55, 0)
(9, 9, 4, .6, 0)
(9, 9, 4, .65, 0)
(9, 9, 4, .7, 0)
(9, 9, 4, .75, 0)
(9, 9, 4, .8, 0)
(9, 9, 4, .85, 0)
(9, 9, 4, .9, 0)
(9, 9, 4, .95, 0)
(9, 9, 4, 1, 0)
(9, 9, 5, 0, 1)
(9, 9, 5, .05, 1)
(9, 9, 5, .1, .168295)
(9, 9, 5, .15, .168295)
(9, 9, 5, .2, .000751315)
(9, 9, 5, .25, .000751315)
(9, 9, 5, .3, 0)
(9, 9, 5, .35, 0)
(9, 9, 5, .4, 0)
(9, 9, 5, .45, 0)
(9, 9, 5, .5, 0)
(9, 9, 5, .55, 0)
(9, 9, 5, .6, 0)
(9, 9, 5, .65, 0)
(9, 9, 5, .7, 0)
(9, 9, 5, .75, 0)
(9, 9, 5, .8, 0)
(9, 9, 5, .85, 0)
(9, 9, 5, .9, 0)
(9, 9, 5, .95, 0)
(9, 9, 5, 1, 0)
(9, 9, 6, 0, 1)
(9, 9, 6, .05, 1)
(9, 9, 6, .1, .144252)
(9, 9, 6, .15, .144252)
(9, 9, 6, .2, 0)
(9, 9, 6, .25, 0)
(9, 9, 6, .3, 0)
(9, 9, 6, .35, 0)
(9, 9, 6, .4, 0)
(9, 9, 6, .45, 0)
(9, 9, 6, .5, 0)
(9, 9, 6, .55, 0)
(9, 9, 6, .6, 0)
(9, 9, 6, .65, 0)
(9, 9, 6, .7, 0)
(9, 9, 6, .75, 0)
(9, 9, 6, .8, 0)
(9, 9, 6, .85, 0)
(9, 9, 6, .9, 0)
(9, 9, 6, .95, 0)
(9, 9, 6, 1, 0)
(9, 9, 7, 0, 1)
(9, 9, 7, .05, 1)
(9, 9, 7, .1, .12021)
(9, 9, 7, .15, .12021)
(9, 9, 7, .2, 0)
(9, 9, 7, .25, 0)
(9, 9, 7, .3, 0)
(9, 9, 7, .35, 0)
(9, 9, 7, .4, 0)
(9, 9, 7, .45, 0)
(9, 9, 7, .5, 0)
(9, 9, 7, .55, 0)
(9, 9, 7, .6, 0)
(9, 9, 7, .65, 0)
(9, 9, 7, .7, 0)
(9, 9, 7, .75, 0)
(9, 9, 7, .8, 0)
(9, 9, 7, .85, 0)
(9, 9, 7, .9, 0)
(9, 9, 7, .95, 0)
(9, 9, 7, 1, 0)
(9, 9, 8, 0, 1)
(9, 9, 8, .05, 1)
(9, 9, 8, .1, .102179)
(9, 9, 8, .15, .102179)
(9, 9, 8, .2, 0)
(9, 9, 8, .25, 0)
(9, 9, 8, .3, 0)
(9, 9, 8, .35, 0)
(9, 9, 8, .4, 0)
(9, 9, 8, .45, 0)
(9, 9, 8, .5, 0)
(9, 9, 8, .55, 0)
(9, 9, 8, .6, 0)
(9, 9, 8, .65, 0)
(9, 9, 8, .7, 0)
(9, 9, 8, .75, 0)
(9, 9, 8, .8, 0)
(9, 9, 8, .85, 0)
(9, 9, 8, .9, 0)
(9, 9, 8, .95, 0)
(9, 9, 8, 1, 0)
(9, 9, 9, 0, 1)
(9, 9, 9, .05, 1)
(9, 9, 9, .1, .0841473)
(9, 9, 9, .15, .0841473)
(9, 9, 9, .2, 0)
(9, 9, 9, .25, 0)
(9, 9, 9, .3, 0)
(9, 9, 9, .35, 0)
(9, 9, 9, .4, 0)
(9, 9, 9, .45, 0)
(9, 9, 9, .5, 0)
(9, 9, 9, .55, 0)
(9, 9, 9, .6, 0)
(9, 9, 9, .65, 0)
(9, 9, 9, .7, 0)
(9, 9, 9, .75, 0)
(9, 9, 9, .8, 0)
(9, 9, 9, .85, 0)
(9, 9, 9, .9, 0)
(9, 9, 9, .95, 0)
(9, 9, 9, 1, 0)
(9, 9, 10, 0, 1)
(9, 9, 10, .05, 1)
(9, 9, 10, .1, .0661157)
(9, 9, 10, .15, .0661157)
(9, 9, 10, .2, 0)
(9, 9, 10, .25, 0)
(9, 9, 10, .3, 0)
(9, 9, 10, .35, 0)
(9, 9, 10, .4, 0)
(9, 9, 10, .45, 0)
(9, 9, 10, .5, 0)
(9, 9, 10, .55, 0)
(9, 9, 10, .6, 0)
(9, 9, 10, .65, 0)
(9, 9, 10, .7, 0)
(9, 9, 10, .75, 0)
(9, 9, 10, .8, 0)
(9, 9, 10, .85, 0)
(9, 9, 10, .9, 0)
(9, 9, 10, .95, 0)
(9, 9, 10, 1, 0)
(9, 9, 11, 0, 1)
(9, 9, 11, .05, 1)
(9, 9, 11, .1, 0)
(9, 9, 11, .15, 0)
(9, 9, 11, .2, 0)
(9, 9, 11, .25, 0)
(9, 9, 11, .3, 0)
(9, 9, 11, .35, 0)
(9, 9, 11, .4, 0)
(9, 9, 11, .45, 0)
(9, 9, 11, .5, 0)
(9, 9, 11, .55, 0)
(9, 9, 11, .6, 0)
(9, 9, 11, .65, 0)
(9, 9, 11, .7, 0)
(9, 9, 11, .75, 0)
(9, 9, 11, .8, 0)
(9, 9, 11, .85, 0)
(9, 9, 11, .9, 0)
(9, 9, 11, .95, 0)
(9, 9, 11, 1, 0)
(9, 10, 1, 0, 1)
(9, 10, 1, .05, 1)
(9, 10, 1, .1, .225394)
(9, 10, 1, .15, .225394)
(9, 10, 1, .2, 0)
(9, 10, 1, .25, 0)
(9, 10, 1, .3, 0)
(9, 10, 1, .35, 0)
(9, 10, 1, .4, 0)
(9, 10, 1, .45, 0)
(9, 10, 1, .5, 0)
(9, 10, 1, .55, 0)
(9, 10, 1, .6, 0)
(9, 10, 1, .65, 0)
(9, 10, 1, .7, 0)
(9, 10, 1, .75, 0)
(9, 10, 1, .8, 0)
(9, 10, 1, .85, 0)
(9, 10, 1, .9, 0)
(9, 10, 1, .95, 0)
(9, 10, 1, 1, 0)
(9, 10, 2, 0, 1)
(9, 10, 2, .05, 1)
(9, 10, 2, .1, .202855)
(9, 10, 2, .15, .202855)
(9, 10, 2, .2, 0)
(9, 10, 2, .25, 0)
(9, 10, 2, .3, 0)
(9, 10, 2, .35, 0)
(9, 10, 2, .4, 0)
(9, 10, 2, .45, 0)
(9, 10, 2, .5, 0)
(9, 10, 2, .55, 0)
(9, 10, 2, .6, 0)
(9, 10, 2, .65, 0)
(9, 10, 2, .7, 0)
(9, 10, 2, .75, 0)
(9, 10, 2, .8, 0)
(9, 10, 2, .85, 0)
(9, 10, 2, .9, 0)
(9, 10, 2, .95, 0)
(9, 10, 2, 1, 0)
(9, 10, 3, 0, 1)
(9, 10, 3, .05, 1)
(9, 10, 3, .1, .180316)
(9, 10, 3, .15, .180316)
(9, 10, 3, .2, 0)
(9, 10, 3, .25, 0)
(9, 10, 3, .3, 0)
(9, 10, 3, .35, 0)
(9, 10, 3, .4, 0)
(9, 10, 3, .45, 0)
(9, 10, 3, .5, 0)
(9, 10, 3, .55, 0)
(9, 10, 3, .6, 0)
(9, 10, 3, .65, 0)
(9, 10, 3, .7, 0)
(9, 10, 3, .75, 0)
(9, 10, 3, .8, 0)
(9, 10, 3, .85, 0)
(9, 10, 3, .9, 0)
(9, 10, 3, .95, 0)
(9, 10, 3, 1, 0)
(9, 10, 4, 0, 1)
(9, 10, 4, .05, 1)
(9, 10, 4, .1, .159279)
(9, 10, 4, .15, .159279)
(9, 10, 4, .2, 0)
(9, 10, 4, .25, 0)
(9, 10, 4, .3, 0)
(9, 10, 4, .35, 0)
(9, 10, 4, .4, 0)
(9, 10, 4, .45, 0)
(9, 10, 4, .5, 0)
(9, 10, 4, .55, 0)
(9, 10, 4, .6, 0)
(9, 10, 4, .65, 0)
(9, 10, 4, .7, 0)
(9, 10, 4, .75, 0)
(9, 10, 4, .8, 0)
(9, 10, 4, .85, 0)
(9, 10, 4, .9, 0)
(9, 10, 4, .95, 0)
(9, 10, 4, 1, 0)
(9, 10, 5, 0, 1)
(9, 10, 5, .05, 1)
(9, 10, 5, .1, .138242)
(9, 10, 5, .15, .138242)
(9, 10, 5, .2, 0)
(9, 10, 5, .25, 0)
(9, 10, 5, .3, 0)
(9, 10, 5, .35, 0)
(9, 10, 5, .4, 0)
(9, 10, 5, .45, 0)
(9, 10, 5, .5, 0)
(9, 10, 5, .55, 0)
(9, 10, 5, .6, 0)
(9, 10, 5, .65, 0)
(9, 10, 5, .7, 0)
(9, 10, 5, .75, 0)
(9, 10, 5, .8, 0)
(9, 10, 5, .85, 0)
(9, 10, 5, .9, 0)
(9, 10, 5, .95, 0)
(9, 10, 5, 1, 0)
(9, 10, 6, 0, 1)
(9, 10, 6, .05, 1)
(9, 10, 6, .1, .118708)
(9, 10, 6, .15, .118708)
(9, 10, 6, .2, 0)
(9, 10, 6, .25, 0)
(9, 10, 6, .3, 0)
(9, 10, 6, .35, 0)
(9, 10, 6, .4, 0)
(9, 10, 6, .45, 0)
(9, 10, 6, .5, 0)
(9, 10, 6, .55, 0)
(9, 10, 6, .6, 0)
(9, 10, 6, .65, 0)
(9, 10, 6, .7, 0)
(9, 10, 6, .75, 0)
(9, 10, 6, .8, 0)
(9, 10, 6, .85, 0)
(9, 10, 6, .9, 0)
(9, 10, 6, .95, 0)
(9, 10, 6, 1, 0)
(9, 10, 7, 0, 1)
(9, 10, 7, .05, 1)
(9, 10, 7, .1, .0991736)
(9, 10, 7, .15, .0991736)
(9, 10, 7, .2, 0)
(9, 10, 7, .25, 0)
(9, 10, 7, .3, 0)
(9, 10, 7, .35, 0)
(9, 10, 7, .4, 0)
(9, 10, 7, .45, 0)
(9, 10, 7, .5, 0)
(9, 10, 7, .55, 0)
(9, 10, 7, .6, 0)
(9, 10, 7, .65, 0)
(9, 10, 7, .7, 0)
(9, 10, 7, .75, 0)
(9, 10, 7, .8, 0)
(9, 10, 7, .85, 0)
(9, 10, 7, .9, 0)
(9, 10, 7, .95, 0)
(9, 10, 7, 1, 0)
(9, 10, 8, 0, 1)
(9, 10, 8, .05, 1)
(9, 10, 8, .1, .0826446)
(9, 10, 8, .15, .0826446)
(9, 10, 8, .2, 0)
(9, 10, 8, .25, 0)
(9, 10, 8, .3, 0)
(9, 10, 8, .35, 0)
(9, 10, 8, .4, 0)
(9, 10, 8, .45, 0)
(9, 10, 8, .5, 0)
(9, 10, 8, .55, 0)
(9, 10, 8, .6, 0)
(9, 10, 8, .65, 0)
(9, 10, 8, .7, 0)
(9, 10, 8, .75, 0)
(9, 10, 8, .8, 0)
(9, 10, 8, .85, 0)
(9, 10, 8, .9, 0)
(9, 10, 8, .95, 0)
(9, 10, 8, 1, 0)
(9, 10, 9, 0, 1)
(9, 10, 9, .05, 1)
(9, 10, 9, .1, .0661157)
(9, 10, 9, .15, .0661157)
(9, 10, 9, .2, 0)
(9, 10, 9, .25, 0)
(9, 10, 9, .3, 0)
(9, 10, 9, .35, 0)
(9, 10, 9, .4, 0)
(9, 10, 9, .45, 0)
(9, 10, 9, .5, 0)
(9, 10, 9, .55, 0)
(9, 10, 9, .6, 0)
(9, 10, 9, .65, 0)
(9, 10, 9, .7, 0)
(9, 10, 9, .75, 0)
(9, 10, 9, .8, 0)
(9, 10, 9, .85, 0)
(9, 10, 9, .9, 0)
(9, 10, 9, .95, 0)
(9, 10, 9, 1, 0)
(9, 10, 10, 0, 1)
(9, 10, 10, .05, 1)
(9, 10, 10, .1, .052592)
(9, 10, 10, .15, .052592)
(9, 10, 10, .2, 0)
(9, 10, 10, .25, 0)
(9, 10, 10, .3, 0)
(9, 10, 10, .35, 0)
(9, 10, 10, .4, 0)
(9, 10, 10, .45, 0)
(9, 10, 10, .5, 0)
(9, 10, 10, .55, 0)
(9, 10, 10, .6, 0)
(9, 10, 10, .65, 0)
(9, 10, 10, .7, 0)
(9, 10, 10, .75, 0)
(9, 10, 10, .8, 0)
(9, 10, 10, .85, 0)
(9, 10, 10, .9, 0)
(9, 10, 10, .95, 0)
(9, 10, 10, 1, 0)
(9, 10, 11, 0, 1)
(9, 10, 11, .05, 1)
(9, 10, 11, .1, 0)
(9, 10, 11, .15, 0)
(9, 10, 11, .2, 0)
(9, 10, 11, .25, 0)
(9, 10, 11, .3, 0)
(9, 10, 11, .35, 0)
(9, 10, 11, .4, 0)
(9, 10, 11, .45, 0)
(9, 10, 11, .5, 0)
(9, 10, 11, .55, 0)
(9, 10, 11, .6, 0)
(9, 10, 11, .65, 0)
(9, 10, 11, .7, 0)
(9, 10, 11, .75, 0)
(9, 10, 11, .8, 0)
(9, 10, 11, .85, 0)
(9, 10, 11, .9, 0)
(9, 10, 11, .95, 0)
(9, 10, 11, 1, 0)
(9, 11, 1, 0, 1)
(9, 11, 1, .05, 1)
(9, 11, 1, .1, 0)
(9, 11, 1, .15, 0)
(9, 11, 1, .2, 0)
(9, 11, 1, .25, 0)
(9, 11, 1, .3, 0)
(9, 11, 1, .35, 0)
(9, 11, 1, .4, 0)
(9, 11, 1, .45, 0)
(9, 11, 1, .5, 0)
(9, 11, 1, .55, 0)
(9, 11, 1, .6, 0)
(9, 11, 1, .65, 0)
(9, 11, 1, .7, 0)
(9, 11, 1, .75, 0)
(9, 11, 1, .8, 0)
(9, 11, 1, .85, 0)
(9, 11, 1, .9, 0)
(9, 11, 1, .95, 0)
(9, 11, 1, 1, 0)
(9, 11, 2, 0, 1)
(9, 11, 2, .05, 1)
(9, 11, 2, .1, 0)
(9, 11, 2, .15, 0)
(9, 11, 2, .2, 0)
(9, 11, 2, .25, 0)
(9, 11, 2, .3, 0)
(9, 11, 2, .35, 0)
(9, 11, 2, .4, 0)
(9, 11, 2, .45, 0)
(9, 11, 2, .5, 0)
(9, 11, 2, .55, 0)
(9, 11, 2, .6, 0)
(9, 11, 2, .65, 0)
(9, 11, 2, .7, 0)
(9, 11, 2, .75, 0)
(9, 11, 2, .8, 0)
(9, 11, 2, .85, 0)
(9, 11, 2, .9, 0)
(9, 11, 2, .95, 0)
(9, 11, 2, 1, 0)
(9, 11, 3, 0, 1)
(9, 11, 3, .05, 1)
(9, 11, 3, .1, 0)
(9, 11, 3, .15, 0)
(9, 11, 3, .2, 0)
(9, 11, 3, .25, 0)
(9, 11, 3, .3, 0)
(9, 11, 3, .35, 0)
(9, 11, 3, .4, 0)
(9, 11, 3, .45, 0)
(9, 11, 3, .5, 0)
(9, 11, 3, .55, 0)
(9, 11, 3, .6, 0)
(9, 11, 3, .65, 0)
(9, 11, 3, .7, 0)
(9, 11, 3, .75, 0)
(9, 11, 3, .8, 0)
(9, 11, 3, .85, 0)
(9, 11, 3, .9, 0)
(9, 11, 3, .95, 0)
(9, 11, 3, 1, 0)
(9, 11, 4, 0, 1)
(9, 11, 4, .05, 1)
(9, 11, 4, .1, 0)
(9, 11, 4, .15, 0)
(9, 11, 4, .2, 0)
(9, 11, 4, .25, 0)
(9, 11, 4, .3, 0)
(9, 11, 4, .35, 0)
(9, 11, 4, .4, 0)
(9, 11, 4, .45, 0)
(9, 11, 4, .5, 0)
(9, 11, 4, .55, 0)
(9, 11, 4, .6, 0)
(9, 11, 4, .65, 0)
(9, 11, 4, .7, 0)
(9, 11, 4, .75, 0)
(9, 11, 4, .8, 0)
(9, 11, 4, .85, 0)
(9, 11, 4, .9, 0)
(9, 11, 4, .95, 0)
(9, 11, 4, 1, 0)
(9, 11, 5, 0, 1)
(9, 11, 5, .05, 1)
(9, 11, 5, .1, 0)
(9, 11, 5, .15, 0)
(9, 11, 5, .2, 0)
(9, 11, 5, .25, 0)
(9, 11, 5, .3, 0)
(9, 11, 5, .35, 0)
(9, 11, 5, .4, 0)
(9, 11, 5, .45, 0)
(9, 11, 5, .5, 0)
(9, 11, 5, .55, 0)
(9, 11, 5, .6, 0)
(9, 11, 5, .65, 0)
(9, 11, 5, .7, 0)
(9, 11, 5, .75, 0)
(9, 11, 5, .8, 0)
(9, 11, 5, .85, 0)
(9, 11, 5, .9, 0)
(9, 11, 5, .95, 0)
(9, 11, 5, 1, 0)
(9, 11, 6, 0, 1)
(9, 11, 6, .05, 1)
(9, 11, 6, .1, 0)
(9, 11, 6, .15, 0)
(9, 11, 6, .2, 0)
(9, 11, 6, .25, 0)
(9, 11, 6, .3, 0)
(9, 11, 6, .35, 0)
(9, 11, 6, .4, 0)
(9, 11, 6, .45, 0)
(9, 11, 6, .5, 0)
(9, 11, 6, .55, 0)
(9, 11, 6, .6, 0)
(9, 11, 6, .65, 0)
(9, 11, 6, .7, 0)
(9, 11, 6, .75, 0)
(9, 11, 6, .8, 0)
(9, 11, 6, .85, 0)
(9, 11, 6, .9, 0)
(9, 11, 6, .95, 0)
(9, 11, 6, 1, 0)
(9, 11, 7, 0, 1)
(9, 11, 7, .05, 1)
(9, 11, 7, .1, 0)
(9, 11, 7, .15, 0)
(9, 11, 7, .2, 0)
(9, 11, 7, .25, 0)
(9, 11, 7, .3, 0)
(9, 11, 7, .35, 0)
(9, 11, 7, .4, 0)
(9, 11, 7, .45, 0)
(9, 11, 7, .5, 0)
(9, 11, 7, .55, 0)
(9, 11, 7, .6, 0)
(9, 11, 7, .65, 0)
(9, 11, 7, .7, 0)
(9, 11, 7, .75, 0)
(9, 11, 7, .8, 0)
(9, 11, 7, .85, 0)
(9, 11, 7, .9, 0)
(9, 11, 7, .95, 0)
(9, 11, 7, 1, 0)
(9, 11, 8, 0, 1)
(9, 11, 8, .05, 1)
(9, 11, 8, .1, 0)
(9, 11, 8, .15, 0)
(9, 11, 8, .2, 0)
(9, 11, 8, .25, 0)
(9, 11, 8, .3, 0)
(9, 11, 8, .35, 0)
(9, 11, 8, .4, 0)
(9, 11, 8, .45, 0)
(9, 11, 8, .5, 0)
(9, 11, 8, .55, 0)
(9, 11, 8, .6, 0)
(9, 11, 8, .65, 0)
(9, 11, 8, .7, 0)
(9, 11, 8, .75, 0)
(9, 11, 8, .8, 0)
(9, 11, 8, .85, 0)
(9, 11, 8, .9, 0)
(9, 11, 8, .95, 0)
(9, 11, 8, 1, 0)
(9, 11, 9, 0, 1)
(9, 11, 9, .05, 1)
(9, 11, 9, .1, 0)
(9, 11, 9, .15, 0)
(9, 11, 9, .2, 0)
(9, 11, 9, .25, 0)
(9, 11, 9, .3, 0)
(9, 11, 9, .35, 0)
(9, 11, 9, .4, 0)
(9, 11, 9, .45, 0)
(9, 11, 9, .5, 0)
(9, 11, 9, .55, 0)
(9, 11, 9, .6, 0)
(9, 11, 9, .65, 0)
(9, 11, 9, .7, 0)
(9, 11, 9, .75, 0)
(9, 11, 9, .8, 0)
(9, 11, 9, .85, 0)
(9, 11, 9, .9, 0)
(9, 11, 9, .95, 0)
(9, 11, 9, 1, 0)
(9, 11, 10, 0, 1)
(9, 11, 10, .05, 1)
(9, 11, 10, .1, 0)
(9, 11, 10, .15, 0)
(9, 11, 10, .2, 0)
(9, 11, 10, .25, 0)
(9, 11, 10, .3, 0)
(9, 11, 10, .35, 0)
(9, 11, 10, .4, 0)
(9, 11, 10, .45, 0)
(9, 11, 10, .5, 0)
(9, 11, 10, .55, 0)
(9, 11, 10, .6, 0)
(9, 11, 10, .65, 0)
(9, 11, 10, .7, 0)
(9, 11, 10, .75, 0)
(9, 11, 10, .8, 0)
(9, 11, 10, .85, 0)
(9, 11, 10, .9, 0)
(9, 11, 10, .95, 0)
(9, 11, 10, 1, 0)
(9, 11, 11, 0, 1)
(9, 11, 11, .05, 1)
(9, 11, 11, .1, 0)
(9, 11, 11, .15, 0)
(9, 11, 11, .2, 0)
(9, 11, 11, .25, 0)
(9, 11, 11, .3, 0)
(9, 11, 11, .35, 0)
(9, 11, 11, .4, 0)
(9, 11, 11, .45, 0)
(9, 11, 11, .5, 0)
(9, 11, 11, .55, 0)
(9, 11, 11, .6, 0)
(9, 11, 11, .65, 0)
(9, 11, 11, .7, 0)
(9, 11, 11, .75, 0)
(9, 11, 11, .8, 0)
(9, 11, 11, .85, 0)
(9, 11, 11, .9, 0)
(9, 11, 11, .95, 0)
(9, 11, 11, 1, 0)
(10, 1, 1, 0, 1)
(10, 1, 1, .05, 1)
(10, 1, 1, .1, .826446)
(10, 1, 1, .15, .826446)
(10, 1, 1, .2, .669421)
(10, 1, 1, .25, .669421)
(10, 1, 1, .3, .528926)
(10, 1, 1, .35, .528926)
(10, 1, 1, .4, .404959)
(10, 1, 1, .45, .404959)
(10, 1, 1, .5, .297521)
(10, 1, 1, .55, .206612)
(10, 1, 1, .6, .206612)
(10, 1, 1, .65, .132231)
(10, 1, 1, .7, .132231)
(10, 1, 1, .75, .0743802)
(10, 1, 1, .8, .0743802)
(10, 1, 1, .85, .0330579)
(10, 1, 1, .9, .0330579)
(10, 1, 1, .95, .00826446)
(10, 1, 1, 1, 0)
(10, 1, 2, 0, 1)
(10, 1, 2, .05, 1)
(10, 1, 2, .1, .751315)
(10, 1, 2, .15, .751315)
(10, 1, 2, .2, .547708)
(10, 1, 2, .25, .547708)
(10, 1, 2, .3, .384673)
(10, 1, 2, .35, .384673)
(10, 1, 2, .4, .257701)
(10, 1, 2, .45, .257701)
(10, 1, 2, .5, .162284)
(10, 1, 2, .55, .0939144)
(10, 1, 2, .6, .0939144)
(10, 1, 2, .65, .0480841)
(10, 1, 2, .7, .0480841)
(10, 1, 2, .75, .0202855)
(10, 1, 2, .8, .0202855)
(10, 1, 2, .85, .00601052)
(10, 1, 2, .9, .00601052)
(10, 1, 2, .95, .000751315)
(10, 1, 2, 1, 0)
(10, 1, 3, 0, 1)
(10, 1, 3, .05, 1)
(10, 1, 3, .1, .676183)
(10, 1, 3, .15, .676183)
(10, 1, 3, .2, .432757)
(10, 1, 3, .25, .432757)
(10, 1, 3, .3, .252442)
(10, 1, 3, .35, .252442)
(10, 1, 3, .4, .13148)
(10, 1, 3, .45, .13148)
(10, 1, 3, .5, .0540947)
(10, 1, 3, .55, .0150263)
(10, 1, 3, .6, .0150263)
(10, 1, 3, .65, 0)
(10, 1, 3, .7, 0)
(10, 1, 3, .75, 0)
(10, 1, 3, .8, 0)
(10, 1, 3, .85, 0)
(10, 1, 3, .9, 0)
(10, 1, 3, .95, 0)
(10, 1, 3, 1, 0)
(10, 1, 4, 0, 1)
(10, 1, 4, .05, 1)
(10, 1, 4, .1, .601052)
(10, 1, 4, .15, .601052)
(10, 1, 4, .2, .33133)
(10, 1, 4, .25, .33133)
(10, 1, 4, .3, .150263)
(10, 1, 4, .35, .150263)
(10, 1, 4, .4, .0473328)
(10, 1, 4, .45, .0473328)
(10, 1, 4, .5, .00450789)
(10, 1, 4, .55, 0)
(10, 1, 4, .6, 0)
(10, 1, 4, .65, 0)
(10, 1, 4, .7, 0)
(10, 1, 4, .75, 0)
(10, 1, 4, .8, 0)
(10, 1, 4, .85, 0)
(10, 1, 4, .9, 0)
(10, 1, 4, .95, 0)
(10, 1, 4, 1, 0)
(10, 1, 5, 0, 1)
(10, 1, 5, .05, 1)
(10, 1, 5, .1, .540947)
(10, 1, 5, .15, .540947)
(10, 1, 5, .2, .243426)
(10, 1, 5, .25, .243426)
(10, 1, 5, .3, .0721262)
(10, 1, 5, .35, .0721262)
(10, 1, 5, .4, .0052592)
(10, 1, 5, .45, .0052592)
(10, 1, 5, .5, 0)
(10, 1, 5, .55, 0)
(10, 1, 5, .6, 0)
(10, 1, 5, .65, 0)
(10, 1, 5, .7, 0)
(10, 1, 5, .75, 0)
(10, 1, 5, .8, 0)
(10, 1, 5, .85, 0)
(10, 1, 5, .9, 0)
(10, 1, 5, .95, 0)
(10, 1, 5, 1, 0)
(10, 1, 6, 0, 1)
(10, 1, 6, .05, 1)
(10, 1, 6, .1, .480841)
(10, 1, 6, .15, .480841)
(10, 1, 6, .2, .169046)
(10, 1, 6, .25, .169046)
(10, 1, 6, .3, .0240421)
(10, 1, 6, .35, .0240421)
(10, 1, 6, .4, 0)
(10, 1, 6, .45, 0)
(10, 1, 6, .5, 0)
(10, 1, 6, .55, 0)
(10, 1, 6, .6, 0)
(10, 1, 6, .65, 0)
(10, 1, 6, .7, 0)
(10, 1, 6, .75, 0)
(10, 1, 6, .8, 0)
(10, 1, 6, .85, 0)
(10, 1, 6, .9, 0)
(10, 1, 6, .95, 0)
(10, 1, 6, 1, 0)
(10, 1, 7, 0, 1)
(10, 1, 7, .05, 1)
(10, 1, 7, .1, .420736)
(10, 1, 7, .15, .420736)
(10, 1, 7, .2, .108189)
(10, 1, 7, .25, .108189)
(10, 1, 7, .3, 0)
(10, 1, 7, .35, 0)
(10, 1, 7, .4, 0)
(10, 1, 7, .45, 0)
(10, 1, 7, .5, 0)
(10, 1, 7, .55, 0)
(10, 1, 7, .6, 0)
(10, 1, 7, .65, 0)
(10, 1, 7, .7, 0)
(10, 1, 7, .75, 0)
(10, 1, 7, .8, 0)
(10, 1, 7, .85, 0)
(10, 1, 7, .9, 0)
(10, 1, 7, .95, 0)
(10, 1, 7, 1, 0)
(10, 1, 8, 0, 1)
(10, 1, 8, .05, 1)
(10, 1, 8, .1, .360631)
(10, 1, 8, .15, .360631)
(10, 1, 8, .2, .0608565)
(10, 1, 8, .25, .0608565)
(10, 1, 8, .3, 0)
(10, 1, 8, .35, 0)
(10, 1, 8, .4, 0)
(10, 1, 8, .45, 0)
(10, 1, 8, .5, 0)
(10, 1, 8, .55, 0)
(10, 1, 8, .6, 0)
(10, 1, 8, .65, 0)
(10, 1, 8, .7, 0)
(10, 1, 8, .75, 0)
(10, 1, 8, .8, 0)
(10, 1, 8, .85, 0)
(10, 1, 8, .9, 0)
(10, 1, 8, .95, 0)
(10, 1, 8, 1, 0)
(10, 1, 9, 0, 1)
(10, 1, 9, .05, 1)
(10, 1, 9, .1, .315552)
(10, 1, 9, .15, .315552)
(10, 1, 9, .2, .0270473)
(10, 1, 9, .25, .0270473)
(10, 1, 9, .3, 0)
(10, 1, 9, .35, 0)
(10, 1, 9, .4, 0)
(10, 1, 9, .45, 0)
(10, 1, 9, .5, 0)
(10, 1, 9, .55, 0)
(10, 1, 9, .6, 0)
(10, 1, 9, .65, 0)
(10, 1, 9, .7, 0)
(10, 1, 9, .75, 0)
(10, 1, 9, .8, 0)
(10, 1, 9, .85, 0)
(10, 1, 9, .9, 0)
(10, 1, 9, .95, 0)
(10, 1, 9, 1, 0)
(10, 1, 10, 0, 1)
(10, 1, 10, .05, 1)
(10, 1, 10, .1, .270473)
(10, 1, 10, .15, .270473)
(10, 1, 10, .2, .00676183)
(10, 1, 10, .25, .00676183)
(10, 1, 10, .3, 0)
(10, 1, 10, .35, 0)
(10, 1, 10, .4, 0)
(10, 1, 10, .45, 0)
(10, 1, 10, .5, 0)
(10, 1, 10, .55, 0)
(10, 1, 10, .6, 0)
(10, 1, 10, .65, 0)
(10, 1, 10, .7, 0)
(10, 1, 10, .75, 0)
(10, 1, 10, .8, 0)
(10, 1, 10, .85, 0)
(10, 1, 10, .9, 0)
(10, 1, 10, .95, 0)
(10, 1, 10, 1, 0)
(10, 1, 11, 0, 1)
(10, 1, 11, .05, 1)
(10, 1, 11, .1, 0)
(10, 1, 11, .15, 0)
(10, 1, 11, .2, 0)
(10, 1, 11, .25, 0)
(10, 1, 11, .3, 0)
(10, 1, 11, .35, 0)
(10, 1, 11, .4, 0)
(10, 1, 11, .45, 0)
(10, 1, 11, .5, 0)
(10, 1, 11, .55, 0)
(10, 1, 11, .6, 0)
(10, 1, 11, .65, 0)
(10, 1, 11, .7, 0)
(10, 1, 11, .75, 0)
(10, 1, 11, .8, 0)
(10, 1, 11, .85, 0)
(10, 1, 11, .9, 0)
(10, 1, 11, .95, 0)
(10, 1, 11, 1, 0)
(10, 2, 1, 0, 1)
(10, 2, 1, .05, 1)
(10, 2, 1, .1, .751315)
(10, 2, 1, .15, .751315)
(10, 2, 1, .2, .547708)
(10, 2, 1, .25, .547708)
(10, 2, 1, .3, .384673)
(10, 2, 1, .35, .384673)
(10, 2, 1, .4, .257701)
(10, 2, 1, .45, .257701)
(10, 2, 1, .5, .162284)
(10, 2, 1, .55, .0939144)
(10, 2, 1, .6, .0939144)
(10, 2, 1, .65, .0480841)
(10, 2, 1, .7, .0480841)
(10, 2, 1, .75, .0202855)
(10, 2, 1, .8, .0202855)
(10, 2, 1, .85, .00601052)
(10, 2, 1, .9, .00601052)
(10, 2, 1, .95, .000751315)
(10, 2, 1, 1, 0)
(10, 2, 2, 0, 1)
(10, 2, 2, .05, 1)
(10, 2, 2, .1, .682945)
(10, 2, 2, .15, .682945)
(10, 2, 2, .2, .447032)
(10, 2, 2, .25, .447032)
(10, 2, 2, .3, .27423)
(10, 2, 2, .35, .27423)
(10, 2, 2, .4, .150263)
(10, 2, 2, .45, .150263)
(10, 2, 2, .5, .0683696)
(10, 2, 2, .55, .0225394)
(10, 2, 2, .6, .0225394)
(10, 2, 2, .65, .00375657)
(10, 2, 2, .7, .00375657)
(10, 2, 2, .75, 0)
(10, 2, 2, .8, 0)
(10, 2, 2, .85, 0)
(10, 2, 2, .9, 0)
(10, 2, 2, .95, 0)
(10, 2, 2, 1, 0)
(10, 2, 3, 0, 1)
(10, 2, 3, .05, 1)
(10, 2, 3, .1, .614576)
(10, 2, 3, .15, .614576)
(10, 2, 3, .2, .351615)
(10, 2, 3, .25, .351615)
(10, 2, 3, .3, .172802)
(10, 2, 3, .35, .172802)
(10, 2, 3, .4, .066867)
(10, 2, 3, .45, .066867)
(10, 2, 3, .5, .0150263)
(10, 2, 3, .55, .000751315)
(10, 2, 3, .6, .000751315)
(10, 2, 3, .65, 0)
(10, 2, 3, .7, 0)
(10, 2, 3, .75, 0)
(10, 2, 3, .8, 0)
(10, 2, 3, .85, 0)
(10, 2, 3, .9, 0)
(10, 2, 3, .95, 0)
(10, 2, 3, 1, 0)
(10, 2, 4, 0, 1)
(10, 2, 4, .05, 1)
(10, 2, 4, .1, .546206)
(10, 2, 4, .15, .546206)
(10, 2, 4, .2, .266717)
(10, 2, 4, .25, .266717)
(10, 2, 4, .3, .0976709)
(10, 2, 4, .35, .0976709)
(10, 2, 4, .4, .0210368)
(10, 2, 4, .45, .0210368)
(10, 2, 4, .5, .000751315)
(10, 2, 4, .55, 0)
(10, 2, 4, .6, 0)
(10, 2, 4, .65, 0)
(10, 2, 4, .7, 0)
(10, 2, 4, .75, 0)
(10, 2, 4, .8, 0)
(10, 2, 4, .85, 0)
(10, 2, 4, .9, 0)
(10, 2, 4, .95, 0)
(10, 2, 4, 1, 0)
(10, 2, 5, 0, 1)
(10, 2, 5, .05, 1)
(10, 2, 5, .1, .49136)
(10, 2, 5, .15, .49136)
(10, 2, 5, .2, .193088)
(10, 2, 5, .25, .193088)
(10, 2, 5, .3, .0450789)
(10, 2, 5, .35, .0450789)
(10, 2, 5, .4, .00225394)
(10, 2, 5, .45, .00225394)
(10, 2, 5, .5, 0)
(10, 2, 5, .55, 0)
(10, 2, 5, .6, 0)
(10, 2, 5, .65, 0)
(10, 2, 5, .7, 0)
(10, 2, 5, .75, 0)
(10, 2, 5, .8, 0)
(10, 2, 5, .85, 0)
(10, 2, 5, .9, 0)
(10, 2, 5, .95, 0)
(10, 2, 5, 1, 0)
(10, 2, 6, 0, 1)
(10, 2, 6, .05, 1)
(10, 2, 6, .1, .436514)
(10, 2, 6, .15, .436514)
(10, 2, 6, .2, .132231)
(10, 2, 6, .25, .132231)
(10, 2, 6, .3, .0150263)
(10, 2, 6, .35, .0150263)
(10, 2, 6, .4, 0)
(10, 2, 6, .45, 0)
(10, 2, 6, .5, 0)
(10, 2, 6, .55, 0)
(10, 2, 6, .6, 0)
(10, 2, 6, .65, 0)
(10, 2, 6, .7, 0)
(10, 2, 6, .75, 0)
(10, 2, 6, .8, 0)
(10, 2, 6, .85, 0)
(10, 2, 6, .9, 0)
(10, 2, 6, .95, 0)
(10, 2, 6, 1, 0)
(10, 2, 7, 0, 1)
(10, 2, 7, .05, 1)
(10, 2, 7, .1, .381668)
(10, 2, 7, .15, .381668)
(10, 2, 7, .2, .0841473)
(10, 2, 7, .25, .0841473)
(10, 2, 7, .3, 0)
(10, 2, 7, .35, 0)
(10, 2, 7, .4, 0)
(10, 2, 7, .45, 0)
(10, 2, 7, .5, 0)
(10, 2, 7, .55, 0)
(10, 2, 7, .6, 0)
(10, 2, 7, .65, 0)
(10, 2, 7, .7, 0)
(10, 2, 7, .75, 0)
(10, 2, 7, .8, 0)
(10, 2, 7, .85, 0)
(10, 2, 7, .9, 0)
(10, 2, 7, .95, 0)
(10, 2, 7, 1, 0)
(10, 2, 8, 0, 1)
(10, 2, 8, .05, 1)
(10, 2, 8, .1, .326822)
(10, 2, 8, .15, .326822)
(10, 2, 8, .2, .0473328)
(10, 2, 8, .25, .0473328)
(10, 2, 8, .3, 0)
(10, 2, 8, .35, 0)
(10, 2, 8, .4, 0)
(10, 2, 8, .45, 0)
(10, 2, 8, .5, 0)
(10, 2, 8, .55, 0)
(10, 2, 8, .6, 0)
(10, 2, 8, .65, 0)
(10, 2, 8, .7, 0)
(10, 2, 8, .75, 0)
(10, 2, 8, .8, 0)
(10, 2, 8, .85, 0)
(10, 2, 8, .9, 0)
(10, 2, 8, .95, 0)
(10, 2, 8, 1, 0)
(10, 2, 9, 0, 1)
(10, 2, 9, .05, 1)
(10, 2, 9, .1, .2855)
(10, 2, 9, .15, .2855)
(10, 2, 9, .2, .0210368)
(10, 2, 9, .25, .0210368)
(10, 2, 9, .3, 0)
(10, 2, 9, .35, 0)
(10, 2, 9, .4, 0)
(10, 2, 9, .45, 0)
(10, 2, 9, .5, 0)
(10, 2, 9, .55, 0)
(10, 2, 9, .6, 0)
(10, 2, 9, .65, 0)
(10, 2, 9, .7, 0)
(10, 2, 9, .75, 0)
(10, 2, 9, .8, 0)
(10, 2, 9, .85, 0)
(10, 2, 9, .9, 0)
(10, 2, 9, .95, 0)
(10, 2, 9, 1, 0)
(10, 2, 10, 0, 1)
(10, 2, 10, .05, 1)
(10, 2, 10, .1, .244177)
(10, 2, 10, .15, .244177)
(10, 2, 10, .2, .0052592)
(10, 2, 10, .25, .0052592)
(10, 2, 10, .3, 0)
(10, 2, 10, .35, 0)
(10, 2, 10, .4, 0)
(10, 2, 10, .45, 0)
(10, 2, 10, .5, 0)
(10, 2, 10, .55, 0)
(10, 2, 10, .6, 0)
(10, 2, 10, .65, 0)
(10, 2, 10, .7, 0)
(10, 2, 10, .75, 0)
(10, 2, 10, .8, 0)
(10, 2, 10, .85, 0)
(10, 2, 10, .9, 0)
(10, 2, 10, .95, 0)
(10, 2, 10, 1, 0)
(10, 2, 11, 0, 1)
(10, 2, 11, .05, 1)
(10, 2, 11, .1, 0)
(10, 2, 11, .15, 0)
(10, 2, 11, .2, 0)
(10, 2, 11, .25, 0)
(10, 2, 11, .3, 0)
(10, 2, 11, .35, 0)
(10, 2, 11, .4, 0)
(10, 2, 11, .45, 0)
(10, 2, 11, .5, 0)
(10, 2, 11, .55, 0)
(10, 2, 11, .6, 0)
(10, 2, 11, .65, 0)
(10, 2, 11, .7, 0)
(10, 2, 11, .75, 0)
(10, 2, 11, .8, 0)
(10, 2, 11, .85, 0)
(10, 2, 11, .9, 0)
(10, 2, 11, .95, 0)
(10, 2, 11, 1, 0)
(10, 3, 1, 0, 1)
(10, 3, 1, .05, 1)
(10, 3, 1, .1, .676183)
(10, 3, 1, .15, .676183)
(10, 3, 1, .2, .432757)
(10, 3, 1, .25, .432757)
(10, 3, 1, .3, .252442)
(10, 3, 1, .35, .252442)
(10, 3, 1, .4, .13148)
(10, 3, 1, .45, .13148)
(10, 3, 1, .5, .0540947)
(10, 3, 1, .55, .0150263)
(10, 3, 1, .6, .0150263)
(10, 3, 1, .65, 0)
(10, 3, 1, .7, 0)
(10, 3, 1, .75, 0)
(10, 3, 1, .8, 0)
(10, 3, 1, .85, 0)
(10, 3, 1, .9, 0)
(10, 3, 1, .95, 0)
(10, 3, 1, 1, 0)
(10, 3, 2, 0, 1)
(10, 3, 2, .05, 1)
(10, 3, 2, .1, .614576)
(10, 3, 2, .15, .614576)
(10, 3, 2, .2, .351615)
(10, 3, 2, .25, .351615)
(10, 3, 2, .3, .172802)
(10, 3, 2, .35, .172802)
(10, 3, 2, .4, .066867)
(10, 3, 2, .45, .066867)
(10, 3, 2, .5, .0150263)
(10, 3, 2, .55, .000751315)
(10, 3, 2, .6, .000751315)
(10, 3, 2, .65, 0)
(10, 3, 2, .7, 0)
(10, 3, 2, .75, 0)
(10, 3, 2, .8, 0)
(10, 3, 2, .85, 0)
(10, 3, 2, .9, 0)
(10, 3, 2, .95, 0)
(10, 3, 2, 1, 0)
(10, 3, 3, 0, 1)
(10, 3, 3, .05, 1)
(10, 3, 3, .1, .552968)
(10, 3, 3, .15, .552968)
(10, 3, 3, .2, .27423)
(10, 3, 3, .25, .27423)
(10, 3, 3, .3, .102179)
(10, 3, 3, .35, .102179)
(10, 3, 3, .4, .0225394)
(10, 3, 3, .45, .0225394)
(10, 3, 3, .5, 0)
(10, 3, 3, .55, 0)
(10, 3, 3, .6, 0)
(10, 3, 3, .65, 0)
(10, 3, 3, .7, 0)
(10, 3, 3, .75, 0)
(10, 3, 3, .8, 0)
(10, 3, 3, .85, 0)
(10, 3, 3, .9, 0)
(10, 3, 3, .95, 0)
(10, 3, 3, 1, 0)
(10, 3, 4, 0, 1)
(10, 3, 4, .05, 1)
(10, 3, 4, .1, .49136)
(10, 3, 4, .15, .49136)
(10, 3, 4, .2, .205109)
(10, 3, 4, .25, .205109)
(10, 3, 4, .3, .052592)
(10, 3, 4, .35, .052592)
(10, 3, 4, .4, .00375657)
(10, 3, 4, .45, .00375657)
(10, 3, 4, .5, 0)
(10, 3, 4, .55, 0)
(10, 3, 4, .6, 0)
(10, 3, 4, .65, 0)
(10, 3, 4, .7, 0)
(10, 3, 4, .75, 0)
(10, 3, 4, .8, 0)
(10, 3, 4, .85, 0)
(10, 3, 4, .9, 0)
(10, 3, 4, .95, 0)
(10, 3, 4, 1, 0)
(10, 3, 5, 0, 1)
(10, 3, 5, .05, 1)
(10, 3, 5, .1, .441773)
(10, 3, 5, .15, .441773)
(10, 3, 5, .2, .145755)
(10, 3, 5, .25, .145755)
(10, 3, 5, .3, .0210368)
(10, 3, 5, .35, .0210368)
(10, 3, 5, .4, 0)
(10, 3, 5, .45, 0)
(10, 3, 5, .5, 0)
(10, 3, 5, .55, 0)
(10, 3, 5, .6, 0)
(10, 3, 5, .65, 0)
(10, 3, 5, .7, 0)
(10, 3, 5, .75, 0)
(10, 3, 5, .8, 0)
(10, 3, 5, .85, 0)
(10, 3, 5, .9, 0)
(10, 3, 5, .95, 0)
(10, 3, 5, 1, 0)
(10, 3, 6, 0, 1)
(10, 3, 6, .05, 1)
(10, 3, 6, .1, .392186)
(10, 3, 6, .15, .392186)
(10, 3, 6, .2, .0976709)
(10, 3, 6, .25, .0976709)
(10, 3, 6, .3, .00601052)
(10, 3, 6, .35, .00601052)
(10, 3, 6, .4, 0)
(10, 3, 6, .45, 0)
(10, 3, 6, .5, 0)
(10, 3, 6, .55, 0)
(10, 3, 6, .6, 0)
(10, 3, 6, .65, 0)
(10, 3, 6, .7, 0)
(10, 3, 6, .75, 0)
(10, 3, 6, .8, 0)
(10, 3, 6, .85, 0)
(10, 3, 6, .9, 0)
(10, 3, 6, .95, 0)
(10, 3, 6, 1, 0)
(10, 3, 7, 0, 1)
(10, 3, 7, .05, 1)
(10, 3, 7, .1, .3426)
(10, 3, 7, .15, .3426)
(10, 3, 7, .2, .0608565)
(10, 3, 7, .25, .0608565)
(10, 3, 7, .3, 0)
(10, 3, 7, .35, 0)
(10, 3, 7, .4, 0)
(10, 3, 7, .45, 0)
(10, 3, 7, .5, 0)
(10, 3, 7, .55, 0)
(10, 3, 7, .6, 0)
(10, 3, 7, .65, 0)
(10, 3, 7, .7, 0)
(10, 3, 7, .75, 0)
(10, 3, 7, .8, 0)
(10, 3, 7, .85, 0)
(10, 3, 7, .9, 0)
(10, 3, 7, .95, 0)
(10, 3, 7, 1, 0)
(10, 3, 8, 0, 1)
(10, 3, 8, .05, 1)
(10, 3, 8, .1, .293013)
(10, 3, 8, .15, .293013)
(10, 3, 8, .2, .0338092)
(10, 3, 8, .25, .0338092)
(10, 3, 8, .3, 0)
(10, 3, 8, .35, 0)
(10, 3, 8, .4, 0)
(10, 3, 8, .45, 0)
(10, 3, 8, .5, 0)
(10, 3, 8, .55, 0)
(10, 3, 8, .6, 0)
(10, 3, 8, .65, 0)
(10, 3, 8, .7, 0)
(10, 3, 8, .75, 0)
(10, 3, 8, .8, 0)
(10, 3, 8, .85, 0)
(10, 3, 8, .9, 0)
(10, 3, 8, .95, 0)
(10, 3, 8, 1, 0)
(10, 3, 9, 0, 1)
(10, 3, 9, .05, 1)
(10, 3, 9, .1, .255447)
(10, 3, 9, .15, .255447)
(10, 3, 9, .2, .0150263)
(10, 3, 9, .25, .0150263)
(10, 3, 9, .3, 0)
(10, 3, 9, .35, 0)
(10, 3, 9, .4, 0)
(10, 3, 9, .45, 0)
(10, 3, 9, .5, 0)
(10, 3, 9, .55, 0)
(10, 3, 9, .6, 0)
(10, 3, 9, .65, 0)
(10, 3, 9, .7, 0)
(10, 3, 9, .75, 0)
(10, 3, 9, .8, 0)
(10, 3, 9, .85, 0)
(10, 3, 9, .9, 0)
(10, 3, 9, .95, 0)
(10, 3, 9, 1, 0)
(10, 3, 10, 0, 1)
(10, 3, 10, .05, 1)
(10, 3, 10, .1, .217881)
(10, 3, 10, .15, .217881)
(10, 3, 10, .2, .00375657)
(10, 3, 10, .25, .00375657)
(10, 3, 10, .3, 0)
(10, 3, 10, .35, 0)
(10, 3, 10, .4, 0)
(10, 3, 10, .45, 0)
(10, 3, 10, .5, 0)
(10, 3, 10, .55, 0)
(10, 3, 10, .6, 0)
(10, 3, 10, .65, 0)
(10, 3, 10, .7, 0)
(10, 3, 10, .75, 0)
(10, 3, 10, .8, 0)
(10, 3, 10, .85, 0)
(10, 3, 10, .9, 0)
(10, 3, 10, .95, 0)
(10, 3, 10, 1, 0)
(10, 3, 11, 0, 1)
(10, 3, 11, .05, 1)
(10, 3, 11, .1, 0)
(10, 3, 11, .15, 0)
(10, 3, 11, .2, 0)
(10, 3, 11, .25, 0)
(10, 3, 11, .3, 0)
(10, 3, 11, .35, 0)
(10, 3, 11, .4, 0)
(10, 3, 11, .45, 0)
(10, 3, 11, .5, 0)
(10, 3, 11, .55, 0)
(10, 3, 11, .6, 0)
(10, 3, 11, .65, 0)
(10, 3, 11, .7, 0)
(10, 3, 11, .75, 0)
(10, 3, 11, .8, 0)
(10, 3, 11, .85, 0)
(10, 3, 11, .9, 0)
(10, 3, 11, .95, 0)
(10, 3, 11, 1, 0)
(10, 4, 1, 0, 1)
(10, 4, 1, .05, 1)
(10, 4, 1, .1, .601052)
(10, 4, 1, .15, .601052)
(10, 4, 1, .2, .33133)
(10, 4, 1, .25, .33133)
(10, 4, 1, .3, .150263)
(10, 4, 1, .35, .150263)
(10, 4, 1, .4, .0473328)
(10, 4, 1, .45, .0473328)
(10, 4, 1, .5, .00450789)
(10, 4, 1, .55, 0)
(10, 4, 1, .6, 0)
(10, 4, 1, .65, 0)
(10, 4, 1, .7, 0)
(10, 4, 1, .75, 0)
(10, 4, 1, .8, 0)
(10, 4, 1, .85, 0)
(10, 4, 1, .9, 0)
(10, 4, 1, .95, 0)
(10, 4, 1, 1, 0)
(10, 4, 2, 0, 1)
(10, 4, 2, .05, 1)
(10, 4, 2, .1, .546206)
(10, 4, 2, .15, .546206)
(10, 4, 2, .2, .266717)
(10, 4, 2, .25, .266717)
(10, 4, 2, .3, .0976709)
(10, 4, 2, .35, .0976709)
(10, 4, 2, .4, .0210368)
(10, 4, 2, .45, .0210368)
(10, 4, 2, .5, .000751315)
(10, 4, 2, .55, 0)
(10, 4, 2, .6, 0)
(10, 4, 2, .65, 0)
(10, 4, 2, .7, 0)
(10, 4, 2, .75, 0)
(10, 4, 2, .8, 0)
(10, 4, 2, .85, 0)
(10, 4, 2, .9, 0)
(10, 4, 2, .95, 0)
(10, 4, 2, 1, 0)
(10, 4, 3, 0, 1)
(10, 4, 3, .05, 1)
(10, 4, 3, .1, .49136)
(10, 4, 3, .15, .49136)
(10, 4, 3, .2, .205109)
(10, 4, 3, .25, .205109)
(10, 4, 3, .3, .052592)
(10, 4, 3, .35, .052592)
(10, 4, 3, .4, .00375657)
(10, 4, 3, .45, .00375657)
(10, 4, 3, .5, 0)
(10, 4, 3, .55, 0)
(10, 4, 3, .6, 0)
(10, 4, 3, .65, 0)
(10, 4, 3, .7, 0)
(10, 4, 3, .75, 0)
(10, 4, 3, .8, 0)
(10, 4, 3, .85, 0)
(10, 4, 3, .9, 0)
(10, 4, 3, .95, 0)
(10, 4, 3, 1, 0)
(10, 4, 4, 0, 1)
(10, 4, 4, .05, 1)
(10, 4, 4, .1, .436514)
(10, 4, 4, .15, .436514)
(10, 4, 4, .2, .150263)
(10, 4, 4, .25, .150263)
(10, 4, 4, .3, .0225394)
(10, 4, 4, .35, .0225394)
(10, 4, 4, .4, 0)
(10, 4, 4, .45, 0)
(10, 4, 4, .5, 0)
(10, 4, 4, .55, 0)
(10, 4, 4, .6, 0)
(10, 4, 4, .65, 0)
(10, 4, 4, .7, 0)
(10, 4, 4, .75, 0)
(10, 4, 4, .8, 0)
(10, 4, 4, .85, 0)
(10, 4, 4, .9, 0)
(10, 4, 4, .95, 0)
(10, 4, 4, 1, 0)
(10, 4, 5, 0, 1)
(10, 4, 5, .05, 1)
(10, 4, 5, .1, .392186)
(10, 4, 5, .15, .392186)
(10, 4, 5, .2, .103681)
(10, 4, 5, .25, .103681)
(10, 4, 5, .3, .00601052)
(10, 4, 5, .35, .00601052)
(10, 4, 5, .4, 0)
(10, 4, 5, .45, 0)
(10, 4, 5, .5, 0)
(10, 4, 5, .55, 0)
(10, 4, 5, .6, 0)
(10, 4, 5, .65, 0)
(10, 4, 5, .7, 0)
(10, 4, 5, .75, 0)
(10, 4, 5, .8, 0)
(10, 4, 5, .85, 0)
(10, 4, 5, .9, 0)
(10, 4, 5, .95, 0)
(10, 4, 5, 1, 0)
(10, 4, 6, 0, 1)
(10, 4, 6, .05, 1)
(10, 4, 6, .1, .347859)
(10, 4, 6, .15, .347859)
(10, 4, 6, .2, .066867)
(10, 4, 6, .25, .066867)
(10, 4, 6, .3, .000751315)
(10, 4, 6, .35, .000751315)
(10, 4, 6, .4, 0)
(10, 4, 6, .45, 0)
(10, 4, 6, .5, 0)
(10, 4, 6, .55, 0)
(10, 4, 6, .6, 0)
(10, 4, 6, .65, 0)
(10, 4, 6, .7, 0)
(10, 4, 6, .75, 0)
(10, 4, 6, .8, 0)
(10, 4, 6, .85, 0)
(10, 4, 6, .9, 0)
(10, 4, 6, .95, 0)
(10, 4, 6, 1, 0)
(10, 4, 7, 0, 1)
(10, 4, 7, .05, 1)
(10, 4, 7, .1, .303531)
(10, 4, 7, .15, .303531)
(10, 4, 7, .2, .0390684)
(10, 4, 7, .25, .0390684)
(10, 4, 7, .3, 0)
(10, 4, 7, .35, 0)
(10, 4, 7, .4, 0)
(10, 4, 7, .45, 0)
(10, 4, 7, .5, 0)
(10, 4, 7, .55, 0)
(10, 4, 7, .6, 0)
(10, 4, 7, .65, 0)
(10, 4, 7, .7, 0)
(10, 4, 7, .75, 0)
(10, 4, 7, .8, 0)
(10, 4, 7, .85, 0)
(10, 4, 7, .9, 0)
(10, 4, 7, .95, 0)
(10, 4, 7, 1, 0)
(10, 4, 8, 0, 1)
(10, 4, 8, .05, 1)
(10, 4, 8, .1, .259204)
(10, 4, 8, .15, .259204)
(10, 4, 8, .2, .0210368)
(10, 4, 8, .25, .0210368)
(10, 4, 8, .3, 0)
(10, 4, 8, .35, 0)
(10, 4, 8, .4, 0)
(10, 4, 8, .45, 0)
(10, 4, 8, .5, 0)
(10, 4, 8, .55, 0)
(10, 4, 8, .6, 0)
(10, 4, 8, .65, 0)
(10, 4, 8, .7, 0)
(10, 4, 8, .75, 0)
(10, 4, 8, .8, 0)
(10, 4, 8, .85, 0)
(10, 4, 8, .9, 0)
(10, 4, 8, .95, 0)
(10, 4, 8, 1, 0)
(10, 4, 9, 0, 1)
(10, 4, 9, .05, 1)
(10, 4, 9, .1, .225394)
(10, 4, 9, .15, .225394)
(10, 4, 9, .2, .00901578)
(10, 4, 9, .25, .00901578)
(10, 4, 9, .3, 0)
(10, 4, 9, .35, 0)
(10, 4, 9, .4, 0)
(10, 4, 9, .45, 0)
(10, 4, 9, .5, 0)
(10, 4, 9, .55, 0)
(10, 4, 9, .6, 0)
(10, 4, 9, .65, 0)
(10, 4, 9, .7, 0)
(10, 4, 9, .75, 0)
(10, 4, 9, .8, 0)
(10, 4, 9, .85, 0)
(10, 4, 9, .9, 0)
(10, 4, 9, .95, 0)
(10, 4, 9, 1, 0)
(10, 4, 10, 0, 1)
(10, 4, 10, .05, 1)
(10, 4, 10, .1, .192337)
(10, 4, 10, .15, .192337)
(10, 4, 10, .2, .00225394)
(10, 4, 10, .25, .00225394)
(10, 4, 10, .3, 0)
(10, 4, 10, .35, 0)
(10, 4, 10, .4, 0)
(10, 4, 10, .45, 0)
(10, 4, 10, .5, 0)
(10, 4, 10, .55, 0)
(10, 4, 10, .6, 0)
(10, 4, 10, .65, 0)
(10, 4, 10, .7, 0)
(10, 4, 10, .75, 0)
(10, 4, 10, .8, 0)
(10, 4, 10, .85, 0)
(10, 4, 10, .9, 0)
(10, 4, 10, .95, 0)
(10, 4, 10, 1, 0)
(10, 4, 11, 0, 1)
(10, 4, 11, .05, 1)
(10, 4, 11, .1, 0)
(10, 4, 11, .15, 0)
(10, 4, 11, .2, 0)
(10, 4, 11, .25, 0)
(10, 4, 11, .3, 0)
(10, 4, 11, .35, 0)
(10, 4, 11, .4, 0)
(10, 4, 11, .45, 0)
(10, 4, 11, .5, 0)
(10, 4, 11, .55, 0)
(10, 4, 11, .6, 0)
(10, 4, 11, .65, 0)
(10, 4, 11, .7, 0)
(10, 4, 11, .75, 0)
(10, 4, 11, .8, 0)
(10, 4, 11, .85, 0)
(10, 4, 11, .9, 0)
(10, 4, 11, .95, 0)
(10, 4, 11, 1, 0)
(10, 5, 1, 0, 1)
(10, 5, 1, .05, 1)
(10, 5, 1, .1, .540947)
(10, 5, 1, .15, .540947)
(10, 5, 1, .2, .243426)
(10, 5, 1, .25, .243426)
(10, 5, 1, .3, .0721262)
(10, 5, 1, .35, .0721262)
(10, 5, 1, .4, .0052592)
(10, 5, 1, .45, .0052592)
(10, 5, 1, .5, 0)
(10, 5, 1, .55, 0)
(10, 5, 1, .6, 0)
(10, 5, 1, .65, 0)
(10, 5, 1, .7, 0)
(10, 5, 1, .75, 0)
(10, 5, 1, .8, 0)
(10, 5, 1, .85, 0)
(10, 5, 1, .9, 0)
(10, 5, 1, .95, 0)
(10, 5, 1, 1, 0)
(10, 5, 2, 0, 1)
(10, 5, 2, .05, 1)
(10, 5, 2, .1, .49136)
(10, 5, 2, .15, .49136)
(10, 5, 2, .2, .193088)
(10, 5, 2, .25, .193088)
(10, 5, 2, .3, .0450789)
(10, 5, 2, .35, .0450789)
(10, 5, 2, .4, .00225394)
(10, 5, 2, .45, .00225394)
(10, 5, 2, .5, 0)
(10, 5, 2, .55, 0)
(10, 5, 2, .6, 0)
(10, 5, 2, .65, 0)
(10, 5, 2, .7, 0)
(10, 5, 2, .75, 0)
(10, 5, 2, .8, 0)
(10, 5, 2, .85, 0)
(10, 5, 2, .9, 0)
(10, 5, 2, .95, 0)
(10, 5, 2, 1, 0)
(10, 5, 3, 0, 1)
(10, 5, 3, .05, 1)
(10, 5, 3, .1, .441773)
(10, 5, 3, .15, .441773)
(10, 5, 3, .2, .145755)
(10, 5, 3, .25, .145755)
(10, 5, 3, .3, .0210368)
(10, 5, 3, .35, .0210368)
(10, 5, 3, .4, 0)
(10, 5, 3, .45, 0)
(10, 5, 3, .5, 0)
(10, 5, 3, .55, 0)
(10, 5, 3, .6, 0)
(10, 5, 3, .65, 0)
(10, 5, 3, .7, 0)
(10, 5, 3, .75, 0)
(10, 5, 3, .8, 0)
(10, 5, 3, .85, 0)
(10, 5, 3, .9, 0)
(10, 5, 3, .95, 0)
(10, 5, 3, 1, 0)
(10, 5, 4, 0, 1)
(10, 5, 4, .05, 1)
(10, 5, 4, .1, .392186)
(10, 5, 4, .15, .392186)
(10, 5, 4, .2, .103681)
(10, 5, 4, .25, .103681)
(10, 5, 4, .3, .00601052)
(10, 5, 4, .35, .00601052)
(10, 5, 4, .4, 0)
(10, 5, 4, .45, 0)
(10, 5, 4, .5, 0)
(10, 5, 4, .55, 0)
(10, 5, 4, .6, 0)
(10, 5, 4, .65, 0)
(10, 5, 4, .7, 0)
(10, 5, 4, .75, 0)
(10, 5, 4, .8, 0)
(10, 5, 4, .85, 0)
(10, 5, 4, .9, 0)
(10, 5, 4, .95, 0)
(10, 5, 4, 1, 0)
(10, 5, 5, 0, 1)
(10, 5, 5, .05, 1)
(10, 5, 5, .1, .351615)
(10, 5, 5, .15, .351615)
(10, 5, 5, .2, .0683696)
(10, 5, 5, .25, .0683696)
(10, 5, 5, .3, 0)
(10, 5, 5, .35, 0)
(10, 5, 5, .4, 0)
(10, 5, 5, .45, 0)
(10, 5, 5, .5, 0)
(10, 5, 5, .55, 0)
(10, 5, 5, .6, 0)
(10, 5, 5, .65, 0)
(10, 5, 5, .7, 0)
(10, 5, 5, .75, 0)
(10, 5, 5, .8, 0)
(10, 5, 5, .85, 0)
(10, 5, 5, .9, 0)
(10, 5, 5, .95, 0)
(10, 5, 5, 1, 0)
(10, 5, 6, 0, 1)
(10, 5, 6, .05, 1)
(10, 5, 6, .1, .311044)
(10, 5, 6, .15, .311044)
(10, 5, 6, .2, .0413223)
(10, 5, 6, .25, .0413223)
(10, 5, 6, .3, 0)
(10, 5, 6, .35, 0)
(10, 5, 6, .4, 0)
(10, 5, 6, .45, 0)
(10, 5, 6, .5, 0)
(10, 5, 6, .55, 0)
(10, 5, 6, .6, 0)
(10, 5, 6, .65, 0)
(10, 5, 6, .7, 0)
(10, 5, 6, .75, 0)
(10, 5, 6, .8, 0)
(10, 5, 6, .85, 0)
(10, 5, 6, .9, 0)
(10, 5, 6, .95, 0)
(10, 5, 6, 1, 0)
(10, 5, 7, 0, 1)
(10, 5, 7, .05, 1)
(10, 5, 7, .1, .270473)
(10, 5, 7, .15, .270473)
(10, 5, 7, .2, .0210368)
(10, 5, 7, .25, .0210368)
(10, 5, 7, .3, 0)
(10, 5, 7, .35, 0)
(10, 5, 7, .4, 0)
(10, 5, 7, .45, 0)
(10, 5, 7, .5, 0)
(10, 5, 7, .55, 0)
(10, 5, 7, .6, 0)
(10, 5, 7, .65, 0)
(10, 5, 7, .7, 0)
(10, 5, 7, .75, 0)
(10, 5, 7, .8, 0)
(10, 5, 7, .85, 0)
(10, 5, 7, .9, 0)
(10, 5, 7, .95, 0)
(10, 5, 7, 1, 0)
(10, 5, 8, 0, 1)
(10, 5, 8, .05, 1)
(10, 5, 8, .1, .229902)
(10, 5, 8, .15, .229902)
(10, 5, 8, .2, .0105184)
(10, 5, 8, .25, .0105184)
(10, 5, 8, .3, 0)
(10, 5, 8, .35, 0)
(10, 5, 8, .4, 0)
(10, 5, 8, .45, 0)
(10, 5, 8, .5, 0)
(10, 5, 8, .55, 0)
(10, 5, 8, .6, 0)
(10, 5, 8, .65, 0)
(10, 5, 8, .7, 0)
(10, 5, 8, .75, 0)
(10, 5, 8, .8, 0)
(10, 5, 8, .85, 0)
(10, 5, 8, .9, 0)
(10, 5, 8, .95, 0)
(10, 5, 8, 1, 0)
(10, 5, 9, 0, 1)
(10, 5, 9, .05, 1)
(10, 5, 9, .1, .198347)
(10, 5, 9, .15, .198347)
(10, 5, 9, .2, .00375657)
(10, 5, 9, .25, .00375657)
(10, 5, 9, .3, 0)
(10, 5, 9, .35, 0)
(10, 5, 9, .4, 0)
(10, 5, 9, .45, 0)
(10, 5, 9, .5, 0)
(10, 5, 9, .55, 0)
(10, 5, 9, .6, 0)
(10, 5, 9, .65, 0)
(10, 5, 9, .7, 0)
(10, 5, 9, .75, 0)
(10, 5, 9, .8, 0)
(10, 5, 9, .85, 0)
(10, 5, 9, .9, 0)
(10, 5, 9, .95, 0)
(10, 5, 9, 1, 0)
(10, 5, 10, 0, 1)
(10, 5, 10, .05, 1)
(10, 5, 10, .1, .168295)
(10, 5, 10, .15, .168295)
(10, 5, 10, .2, .000751315)
(10, 5, 10, .25, .000751315)
(10, 5, 10, .3, 0)
(10, 5, 10, .35, 0)
(10, 5, 10, .4, 0)
(10, 5, 10, .45, 0)
(10, 5, 10, .5, 0)
(10, 5, 10, .55, 0)
(10, 5, 10, .6, 0)
(10, 5, 10, .65, 0)
(10, 5, 10, .7, 0)
(10, 5, 10, .75, 0)
(10, 5, 10, .8, 0)
(10, 5, 10, .85, 0)
(10, 5, 10, .9, 0)
(10, 5, 10, .95, 0)
(10, 5, 10, 1, 0)
(10, 5, 11, 0, 1)
(10, 5, 11, .05, 1)
(10, 5, 11, .1, 0)
(10, 5, 11, .15, 0)
(10, 5, 11, .2, 0)
(10, 5, 11, .25, 0)
(10, 5, 11, .3, 0)
(10, 5, 11, .35, 0)
(10, 5, 11, .4, 0)
(10, 5, 11, .45, 0)
(10, 5, 11, .5, 0)
(10, 5, 11, .55, 0)
(10, 5, 11, .6, 0)
(10, 5, 11, .65, 0)
(10, 5, 11, .7, 0)
(10, 5, 11, .75, 0)
(10, 5, 11, .8, 0)
(10, 5, 11, .85, 0)
(10, 5, 11, .9, 0)
(10, 5, 11, .95, 0)
(10, 5, 11, 1, 0)
(10, 6, 1, 0, 1)
(10, 6, 1, .05, 1)
(10, 6, 1, .1, .480841)
(10, 6, 1, .15, .480841)
(10, 6, 1, .2, .169046)
(10, 6, 1, .25, .169046)
(10, 6, 1, .3, .0240421)
(10, 6, 1, .35, .0240421)
(10, 6, 1, .4, 0)
(10, 6, 1, .45, 0)
(10, 6, 1, .5, 0)
(10, 6, 1, .55, 0)
(10, 6, 1, .6, 0)
(10, 6, 1, .65, 0)
(10, 6, 1, .7, 0)
(10, 6, 1, .75, 0)
(10, 6, 1, .8, 0)
(10, 6, 1, .85, 0)
(10, 6, 1, .9, 0)
(10, 6, 1, .95, 0)
(10, 6, 1, 1, 0)
(10, 6, 2, 0, 1)
(10, 6, 2, .05, 1)
(10, 6, 2, .1, .436514)
(10, 6, 2, .15, .436514)
(10, 6, 2, .2, .132231)
(10, 6, 2, .25, .132231)
(10, 6, 2, .3, .0150263)
(10, 6, 2, .35, .0150263)
(10, 6, 2, .4, 0)
(10, 6, 2, .45, 0)
(10, 6, 2, .5, 0)
(10, 6, 2, .55, 0)
(10, 6, 2, .6, 0)
(10, 6, 2, .65, 0)
(10, 6, 2, .7, 0)
(10, 6, 2, .75, 0)
(10, 6, 2, .8, 0)
(10, 6, 2, .85, 0)
(10, 6, 2, .9, 0)
(10, 6, 2, .95, 0)
(10, 6, 2, 1, 0)
(10, 6, 3, 0, 1)
(10, 6, 3, .05, 1)
(10, 6, 3, .1, .392186)
(10, 6, 3, .15, .392186)
(10, 6, 3, .2, .0976709)
(10, 6, 3, .25, .0976709)
(10, 6, 3, .3, .00601052)
(10, 6, 3, .35, .00601052)
(10, 6, 3, .4, 0)
(10, 6, 3, .45, 0)
(10, 6, 3, .5, 0)
(10, 6, 3, .55, 0)
(10, 6, 3, .6, 0)
(10, 6, 3, .65, 0)
(10, 6, 3, .7, 0)
(10, 6, 3, .75, 0)
(10, 6, 3, .8, 0)
(10, 6, 3, .85, 0)
(10, 6, 3, .9, 0)
(10, 6, 3, .95, 0)
(10, 6, 3, 1, 0)
(10, 6, 4, 0, 1)
(10, 6, 4, .05, 1)
(10, 6, 4, .1, .347859)
(10, 6, 4, .15, .347859)
(10, 6, 4, .2, .066867)
(10, 6, 4, .25, .066867)
(10, 6, 4, .3, .000751315)
(10, 6, 4, .35, .000751315)
(10, 6, 4, .4, 0)
(10, 6, 4, .45, 0)
(10, 6, 4, .5, 0)
(10, 6, 4, .55, 0)
(10, 6, 4, .6, 0)
(10, 6, 4, .65, 0)
(10, 6, 4, .7, 0)
(10, 6, 4, .75, 0)
(10, 6, 4, .8, 0)
(10, 6, 4, .85, 0)
(10, 6, 4, .9, 0)
(10, 6, 4, .95, 0)
(10, 6, 4, 1, 0)
(10, 6, 5, 0, 1)
(10, 6, 5, .05, 1)
(10, 6, 5, .1, .311044)
(10, 6, 5, .15, .311044)
(10, 6, 5, .2, .0413223)
(10, 6, 5, .25, .0413223)
(10, 6, 5, .3, 0)
(10, 6, 5, .35, 0)
(10, 6, 5, .4, 0)
(10, 6, 5, .45, 0)
(10, 6, 5, .5, 0)
(10, 6, 5, .55, 0)
(10, 6, 5, .6, 0)
(10, 6, 5, .65, 0)
(10, 6, 5, .7, 0)
(10, 6, 5, .75, 0)
(10, 6, 5, .8, 0)
(10, 6, 5, .85, 0)
(10, 6, 5, .9, 0)
(10, 6, 5, .95, 0)
(10, 6, 5, 1, 0)
(10, 6, 6, 0, 1)
(10, 6, 6, .05, 1)
(10, 6, 6, .1, .27423)
(10, 6, 6, .15, .27423)
(10, 6, 6, .2, .0225394)
(10, 6, 6, .25, .0225394)
(10, 6, 6, .3, 0)
(10, 6, 6, .35, 0)
(10, 6, 6, .4, 0)
(10, 6, 6, .45, 0)
(10, 6, 6, .5, 0)
(10, 6, 6, .55, 0)
(10, 6, 6, .6, 0)
(10, 6, 6, .65, 0)
(10, 6, 6, .7, 0)
(10, 6, 6, .75, 0)
(10, 6, 6, .8, 0)
(10, 6, 6, .85, 0)
(10, 6, 6, .9, 0)
(10, 6, 6, .95, 0)
(10, 6, 6, 1, 0)
(10, 6, 7, 0, 1)
(10, 6, 7, .05, 1)
(10, 6, 7, .1, .237415)
(10, 6, 7, .15, .237415)
(10, 6, 7, .2, .00901578)
(10, 6, 7, .25, .00901578)
(10, 6, 7, .3, 0)
(10, 6, 7, .35, 0)
(10, 6, 7, .4, 0)
(10, 6, 7, .45, 0)
(10, 6, 7, .5, 0)
(10, 6, 7, .55, 0)
(10, 6, 7, .6, 0)
(10, 6, 7, .65, 0)
(10, 6, 7, .7, 0)
(10, 6, 7, .75, 0)
(10, 6, 7, .8, 0)
(10, 6, 7, .85, 0)
(10, 6, 7, .9, 0)
(10, 6, 7, .95, 0)
(10, 6, 7, 1, 0)
(10, 6, 8, 0, 1)
(10, 6, 8, .05, 1)
(10, 6, 8, .1, .201352)
(10, 6, 8, .15, .201352)
(10, 6, 8, .2, .00375657)
(10, 6, 8, .25, .00375657)
(10, 6, 8, .3, 0)
(10, 6, 8, .35, 0)
(10, 6, 8, .4, 0)
(10, 6, 8, .45, 0)
(10, 6, 8, .5, 0)
(10, 6, 8, .55, 0)
(10, 6, 8, .6, 0)
(10, 6, 8, .65, 0)
(10, 6, 8, .7, 0)
(10, 6, 8, .75, 0)
(10, 6, 8, .8, 0)
(10, 6, 8, .85, 0)
(10, 6, 8, .9, 0)
(10, 6, 8, .95, 0)
(10, 6, 8, 1, 0)
(10, 6, 9, 0, 1)
(10, 6, 9, .05, 1)
(10, 6, 9, .1, .172802)
(10, 6, 9, .15, .172802)
(10, 6, 9, .2, .000751315)
(10, 6, 9, .25, .000751315)
(10, 6, 9, .3, 0)
(10, 6, 9, .35, 0)
(10, 6, 9, .4, 0)
(10, 6, 9, .45, 0)
(10, 6, 9, .5, 0)
(10, 6, 9, .55, 0)
(10, 6, 9, .6, 0)
(10, 6, 9, .65, 0)
(10, 6, 9, .7, 0)
(10, 6, 9, .75, 0)
(10, 6, 9, .8, 0)
(10, 6, 9, .85, 0)
(10, 6, 9, .9, 0)
(10, 6, 9, .95, 0)
(10, 6, 9, 1, 0)
(10, 6, 10, 0, 1)
(10, 6, 10, .05, 1)
(10, 6, 10, .1, .145755)
(10, 6, 10, .15, .145755)
(10, 6, 10, .2, 0)
(10, 6, 10, .25, 0)
(10, 6, 10, .3, 0)
(10, 6, 10, .35, 0)
(10, 6, 10, .4, 0)
(10, 6, 10, .45, 0)
(10, 6, 10, .5, 0)
(10, 6, 10, .55, 0)
(10, 6, 10, .6, 0)
(10, 6, 10, .65, 0)
(10, 6, 10, .7, 0)
(10, 6, 10, .75, 0)
(10, 6, 10, .8, 0)
(10, 6, 10, .85, 0)
(10, 6, 10, .9, 0)
(10, 6, 10, .95, 0)
(10, 6, 10, 1, 0)
(10, 6, 11, 0, 1)
(10, 6, 11, .05, 1)
(10, 6, 11, .1, 0)
(10, 6, 11, .15, 0)
(10, 6, 11, .2, 0)
(10, 6, 11, .25, 0)
(10, 6, 11, .3, 0)
(10, 6, 11, .35, 0)
(10, 6, 11, .4, 0)
(10, 6, 11, .45, 0)
(10, 6, 11, .5, 0)
(10, 6, 11, .55, 0)
(10, 6, 11, .6, 0)
(10, 6, 11, .65, 0)
(10, 6, 11, .7, 0)
(10, 6, 11, .75, 0)
(10, 6, 11, .8, 0)
(10, 6, 11, .85, 0)
(10, 6, 11, .9, 0)
(10, 6, 11, .95, 0)
(10, 6, 11, 1, 0)
(10, 7, 1, 0, 1)
(10, 7, 1, .05, 1)
(10, 7, 1, .1, .420736)
(10, 7, 1, .15, .420736)
(10, 7, 1, .2, .108189)
(10, 7, 1, .25, .108189)
(10, 7, 1, .3, 0)
(10, 7, 1, .35, 0)
(10, 7, 1, .4, 0)
(10, 7, 1, .45, 0)
(10, 7, 1, .5, 0)
(10, 7, 1, .55, 0)
(10, 7, 1, .6, 0)
(10, 7, 1, .65, 0)
(10, 7, 1, .7, 0)
(10, 7, 1, .75, 0)
(10, 7, 1, .8, 0)
(10, 7, 1, .85, 0)
(10, 7, 1, .9, 0)
(10, 7, 1, .95, 0)
(10, 7, 1, 1, 0)
(10, 7, 2, 0, 1)
(10, 7, 2, .05, 1)
(10, 7, 2, .1, .381668)
(10, 7, 2, .15, .381668)
(10, 7, 2, .2, .0841473)
(10, 7, 2, .25, .0841473)
(10, 7, 2, .3, 0)
(10, 7, 2, .35, 0)
(10, 7, 2, .4, 0)
(10, 7, 2, .45, 0)
(10, 7, 2, .5, 0)
(10, 7, 2, .55, 0)
(10, 7, 2, .6, 0)
(10, 7, 2, .65, 0)
(10, 7, 2, .7, 0)
(10, 7, 2, .75, 0)
(10, 7, 2, .8, 0)
(10, 7, 2, .85, 0)
(10, 7, 2, .9, 0)
(10, 7, 2, .95, 0)
(10, 7, 2, 1, 0)
(10, 7, 3, 0, 1)
(10, 7, 3, .05, 1)
(10, 7, 3, .1, .3426)
(10, 7, 3, .15, .3426)
(10, 7, 3, .2, .0608565)
(10, 7, 3, .25, .0608565)
(10, 7, 3, .3, 0)
(10, 7, 3, .35, 0)
(10, 7, 3, .4, 0)
(10, 7, 3, .45, 0)
(10, 7, 3, .5, 0)
(10, 7, 3, .55, 0)
(10, 7, 3, .6, 0)
(10, 7, 3, .65, 0)
(10, 7, 3, .7, 0)
(10, 7, 3, .75, 0)
(10, 7, 3, .8, 0)
(10, 7, 3, .85, 0)
(10, 7, 3, .9, 0)
(10, 7, 3, .95, 0)
(10, 7, 3, 1, 0)
(10, 7, 4, 0, 1)
(10, 7, 4, .05, 1)
(10, 7, 4, .1, .303531)
(10, 7, 4, .15, .303531)
(10, 7, 4, .2, .0390684)
(10, 7, 4, .25, .0390684)
(10, 7, 4, .3, 0)
(10, 7, 4, .35, 0)
(10, 7, 4, .4, 0)
(10, 7, 4, .45, 0)
(10, 7, 4, .5, 0)
(10, 7, 4, .55, 0)
(10, 7, 4, .6, 0)
(10, 7, 4, .65, 0)
(10, 7, 4, .7, 0)
(10, 7, 4, .75, 0)
(10, 7, 4, .8, 0)
(10, 7, 4, .85, 0)
(10, 7, 4, .9, 0)
(10, 7, 4, .95, 0)
(10, 7, 4, 1, 0)
(10, 7, 5, 0, 1)
(10, 7, 5, .05, 1)
(10, 7, 5, .1, .270473)
(10, 7, 5, .15, .270473)
(10, 7, 5, .2, .0210368)
(10, 7, 5, .25, .0210368)
(10, 7, 5, .3, 0)
(10, 7, 5, .35, 0)
(10, 7, 5, .4, 0)
(10, 7, 5, .45, 0)
(10, 7, 5, .5, 0)
(10, 7, 5, .55, 0)
(10, 7, 5, .6, 0)
(10, 7, 5, .65, 0)
(10, 7, 5, .7, 0)
(10, 7, 5, .75, 0)
(10, 7, 5, .8, 0)
(10, 7, 5, .85, 0)
(10, 7, 5, .9, 0)
(10, 7, 5, .95, 0)
(10, 7, 5, 1, 0)
(10, 7, 6, 0, 1)
(10, 7, 6, .05, 1)
(10, 7, 6, .1, .237415)
(10, 7, 6, .15, .237415)
(10, 7, 6, .2, .00901578)
(10, 7, 6, .25, .00901578)
(10, 7, 6, .3, 0)
(10, 7, 6, .35, 0)
(10, 7, 6, .4, 0)
(10, 7, 6, .45, 0)
(10, 7, 6, .5, 0)
(10, 7, 6, .55, 0)
(10, 7, 6, .6, 0)
(10, 7, 6, .65, 0)
(10, 7, 6, .7, 0)
(10, 7, 6, .75, 0)
(10, 7, 6, .8, 0)
(10, 7, 6, .85, 0)
(10, 7, 6, .9, 0)
(10, 7, 6, .95, 0)
(10, 7, 6, 1, 0)
(10, 7, 7, 0, 1)
(10, 7, 7, .05, 1)
(10, 7, 7, .1, .204358)
(10, 7, 7, .15, .204358)
(10, 7, 7, .2, .00225394)
(10, 7, 7, .25, .00225394)
(10, 7, 7, .3, 0)
(10, 7, 7, .35, 0)
(10, 7, 7, .4, 0)
(10, 7, 7, .45, 0)
(10, 7, 7, .5, 0)
(10, 7, 7, .55, 0)
(10, 7, 7, .6, 0)
(10, 7, 7, .65, 0)
(10, 7, 7, .7, 0)
(10, 7, 7, .75, 0)
(10, 7, 7, .8, 0)
(10, 7, 7, .85, 0)
(10, 7, 7, .9, 0)
(10, 7, 7, .95, 0)
(10, 7, 7, 1, 0)
(10, 7, 8, 0, 1)
(10, 7, 8, .05, 1)
(10, 7, 8, .1, .172802)
(10, 7, 8, .15, .172802)
(10, 7, 8, .2, .000751315)
(10, 7, 8, .25, .000751315)
(10, 7, 8, .3, 0)
(10, 7, 8, .35, 0)
(10, 7, 8, .4, 0)
(10, 7, 8, .45, 0)
(10, 7, 8, .5, 0)
(10, 7, 8, .55, 0)
(10, 7, 8, .6, 0)
(10, 7, 8, .65, 0)
(10, 7, 8, .7, 0)
(10, 7, 8, .75, 0)
(10, 7, 8, .8, 0)
(10, 7, 8, .85, 0)
(10, 7, 8, .9, 0)
(10, 7, 8, .95, 0)
(10, 7, 8, 1, 0)
(10, 7, 9, 0, 1)
(10, 7, 9, .05, 1)
(10, 7, 9, .1, .147258)
(10, 7, 9, .15, .147258)
(10, 7, 9, .2, 0)
(10, 7, 9, .25, 0)
(10, 7, 9, .3, 0)
(10, 7, 9, .35, 0)
(10, 7, 9, .4, 0)
(10, 7, 9, .45, 0)
(10, 7, 9, .5, 0)
(10, 7, 9, .55, 0)
(10, 7, 9, .6, 0)
(10, 7, 9, .65, 0)
(10, 7, 9, .7, 0)
(10, 7, 9, .75, 0)
(10, 7, 9, .8, 0)
(10, 7, 9, .85, 0)
(10, 7, 9, .9, 0)
(10, 7, 9, .95, 0)
(10, 7, 9, 1, 0)
(10, 7, 10, 0, 1)
(10, 7, 10, .05, 1)
(10, 7, 10, .1, .123216)
(10, 7, 10, .15, .123216)
(10, 7, 10, .2, 0)
(10, 7, 10, .25, 0)
(10, 7, 10, .3, 0)
(10, 7, 10, .35, 0)
(10, 7, 10, .4, 0)
(10, 7, 10, .45, 0)
(10, 7, 10, .5, 0)
(10, 7, 10, .55, 0)
(10, 7, 10, .6, 0)
(10, 7, 10, .65, 0)
(10, 7, 10, .7, 0)
(10, 7, 10, .75, 0)
(10, 7, 10, .8, 0)
(10, 7, 10, .85, 0)
(10, 7, 10, .9, 0)
(10, 7, 10, .95, 0)
(10, 7, 10, 1, 0)
(10, 7, 11, 0, 1)
(10, 7, 11, .05, 1)
(10, 7, 11, .1, 0)
(10, 7, 11, .15, 0)
(10, 7, 11, .2, 0)
(10, 7, 11, .25, 0)
(10, 7, 11, .3, 0)
(10, 7, 11, .35, 0)
(10, 7, 11, .4, 0)
(10, 7, 11, .45, 0)
(10, 7, 11, .5, 0)
(10, 7, 11, .55, 0)
(10, 7, 11, .6, 0)
(10, 7, 11, .65, 0)
(10, 7, 11, .7, 0)
(10, 7, 11, .75, 0)
(10, 7, 11, .8, 0)
(10, 7, 11, .85, 0)
(10, 7, 11, .9, 0)
(10, 7, 11, .95, 0)
(10, 7, 11, 1, 0)
(10, 8, 1, 0, 1)
(10, 8, 1, .05, 1)
(10, 8, 1, .1, .360631)
(10, 8, 1, .15, .360631)
(10, 8, 1, .2, .0608565)
(10, 8, 1, .25, .0608565)
(10, 8, 1, .3, 0)
(10, 8, 1, .35, 0)
(10, 8, 1, .4, 0)
(10, 8, 1, .45, 0)
(10, 8, 1, .5, 0)
(10, 8, 1, .55, 0)
(10, 8, 1, .6, 0)
(10, 8, 1, .65, 0)
(10, 8, 1, .7, 0)
(10, 8, 1, .75, 0)
(10, 8, 1, .8, 0)
(10, 8, 1, .85, 0)
(10, 8, 1, .9, 0)
(10, 8, 1, .95, 0)
(10, 8, 1, 1, 0)
(10, 8, 2, 0, 1)
(10, 8, 2, .05, 1)
(10, 8, 2, .1, .326822)
(10, 8, 2, .15, .326822)
(10, 8, 2, .2, .0473328)
(10, 8, 2, .25, .0473328)
(10, 8, 2, .3, 0)
(10, 8, 2, .35, 0)
(10, 8, 2, .4, 0)
(10, 8, 2, .45, 0)
(10, 8, 2, .5, 0)
(10, 8, 2, .55, 0)
(10, 8, 2, .6, 0)
(10, 8, 2, .65, 0)
(10, 8, 2, .7, 0)
(10, 8, 2, .75, 0)
(10, 8, 2, .8, 0)
(10, 8, 2, .85, 0)
(10, 8, 2, .9, 0)
(10, 8, 2, .95, 0)
(10, 8, 2, 1, 0)
(10, 8, 3, 0, 1)
(10, 8, 3, .05, 1)
(10, 8, 3, .1, .293013)
(10, 8, 3, .15, .293013)
(10, 8, 3, .2, .0338092)
(10, 8, 3, .25, .0338092)
(10, 8, 3, .3, 0)
(10, 8, 3, .35, 0)
(10, 8, 3, .4, 0)
(10, 8, 3, .45, 0)
(10, 8, 3, .5, 0)
(10, 8, 3, .55, 0)
(10, 8, 3, .6, 0)
(10, 8, 3, .65, 0)
(10, 8, 3, .7, 0)
(10, 8, 3, .75, 0)
(10, 8, 3, .8, 0)
(10, 8, 3, .85, 0)
(10, 8, 3, .9, 0)
(10, 8, 3, .95, 0)
(10, 8, 3, 1, 0)
(10, 8, 4, 0, 1)
(10, 8, 4, .05, 1)
(10, 8, 4, .1, .259204)
(10, 8, 4, .15, .259204)
(10, 8, 4, .2, .0210368)
(10, 8, 4, .25, .0210368)
(10, 8, 4, .3, 0)
(10, 8, 4, .35, 0)
(10, 8, 4, .4, 0)
(10, 8, 4, .45, 0)
(10, 8, 4, .5, 0)
(10, 8, 4, .55, 0)
(10, 8, 4, .6, 0)
(10, 8, 4, .65, 0)
(10, 8, 4, .7, 0)
(10, 8, 4, .75, 0)
(10, 8, 4, .8, 0)
(10, 8, 4, .85, 0)
(10, 8, 4, .9, 0)
(10, 8, 4, .95, 0)
(10, 8, 4, 1, 0)
(10, 8, 5, 0, 1)
(10, 8, 5, .05, 1)
(10, 8, 5, .1, .229902)
(10, 8, 5, .15, .229902)
(10, 8, 5, .2, .0105184)
(10, 8, 5, .25, .0105184)
(10, 8, 5, .3, 0)
(10, 8, 5, .35, 0)
(10, 8, 5, .4, 0)
(10, 8, 5, .45, 0)
(10, 8, 5, .5, 0)
(10, 8, 5, .55, 0)
(10, 8, 5, .6, 0)
(10, 8, 5, .65, 0)
(10, 8, 5, .7, 0)
(10, 8, 5, .75, 0)
(10, 8, 5, .8, 0)
(10, 8, 5, .85, 0)
(10, 8, 5, .9, 0)
(10, 8, 5, .95, 0)
(10, 8, 5, 1, 0)
(10, 8, 6, 0, 1)
(10, 8, 6, .05, 1)
(10, 8, 6, .1, .201352)
(10, 8, 6, .15, .201352)
(10, 8, 6, .2, .00375657)
(10, 8, 6, .25, .00375657)
(10, 8, 6, .3, 0)
(10, 8, 6, .35, 0)
(10, 8, 6, .4, 0)
(10, 8, 6, .45, 0)
(10, 8, 6, .5, 0)
(10, 8, 6, .55, 0)
(10, 8, 6, .6, 0)
(10, 8, 6, .65, 0)
(10, 8, 6, .7, 0)
(10, 8, 6, .75, 0)
(10, 8, 6, .8, 0)
(10, 8, 6, .85, 0)
(10, 8, 6, .9, 0)
(10, 8, 6, .95, 0)
(10, 8, 6, 1, 0)
(10, 8, 7, 0, 1)
(10, 8, 7, .05, 1)
(10, 8, 7, .1, .172802)
(10, 8, 7, .15, .172802)
(10, 8, 7, .2, .000751315)
(10, 8, 7, .25, .000751315)
(10, 8, 7, .3, 0)
(10, 8, 7, .35, 0)
(10, 8, 7, .4, 0)
(10, 8, 7, .45, 0)
(10, 8, 7, .5, 0)
(10, 8, 7, .55, 0)
(10, 8, 7, .6, 0)
(10, 8, 7, .65, 0)
(10, 8, 7, .7, 0)
(10, 8, 7, .75, 0)
(10, 8, 7, .8, 0)
(10, 8, 7, .85, 0)
(10, 8, 7, .9, 0)
(10, 8, 7, .95, 0)
(10, 8, 7, 1, 0)
(10, 8, 8, 0, 1)
(10, 8, 8, .05, 1)
(10, 8, 8, .1, .145755)
(10, 8, 8, .15, .145755)
(10, 8, 8, .2, 0)
(10, 8, 8, .25, 0)
(10, 8, 8, .3, 0)
(10, 8, 8, .35, 0)
(10, 8, 8, .4, 0)
(10, 8, 8, .45, 0)
(10, 8, 8, .5, 0)
(10, 8, 8, .55, 0)
(10, 8, 8, .6, 0)
(10, 8, 8, .65, 0)
(10, 8, 8, .7, 0)
(10, 8, 8, .75, 0)
(10, 8, 8, .8, 0)
(10, 8, 8, .85, 0)
(10, 8, 8, .9, 0)
(10, 8, 8, .95, 0)
(10, 8, 8, 1, 0)
(10, 8, 9, 0, 1)
(10, 8, 9, .05, 1)
(10, 8, 9, .1, .123216)
(10, 8, 9, .15, .123216)
(10, 8, 9, .2, 0)
(10, 8, 9, .25, 0)
(10, 8, 9, .3, 0)
(10, 8, 9, .35, 0)
(10, 8, 9, .4, 0)
(10, 8, 9, .45, 0)
(10, 8, 9, .5, 0)
(10, 8, 9, .55, 0)
(10, 8, 9, .6, 0)
(10, 8, 9, .65, 0)
(10, 8, 9, .7, 0)
(10, 8, 9, .75, 0)
(10, 8, 9, .8, 0)
(10, 8, 9, .85, 0)
(10, 8, 9, .9, 0)
(10, 8, 9, .95, 0)
(10, 8, 9, 1, 0)
(10, 8, 10, 0, 1)
(10, 8, 10, .05, 1)
(10, 8, 10, .1, .10293)
(10, 8, 10, .15, .10293)
(10, 8, 10, .2, 0)
(10, 8, 10, .25, 0)
(10, 8, 10, .3, 0)
(10, 8, 10, .35, 0)
(10, 8, 10, .4, 0)
(10, 8, 10, .45, 0)
(10, 8, 10, .5, 0)
(10, 8, 10, .55, 0)
(10, 8, 10, .6, 0)
(10, 8, 10, .65, 0)
(10, 8, 10, .7, 0)
(10, 8, 10, .75, 0)
(10, 8, 10, .8, 0)
(10, 8, 10, .85, 0)
(10, 8, 10, .9, 0)
(10, 8, 10, .95, 0)
(10, 8, 10, 1, 0)
(10, 8, 11, 0, 1)
(10, 8, 11, .05, 1)
(10, 8, 11, .1, 0)
(10, 8, 11, .15, 0)
(10, 8, 11, .2, 0)
(10, 8, 11, .25, 0)
(10, 8, 11, .3, 0)
(10, 8, 11, .35, 0)
(10, 8, 11, .4, 0)
(10, 8, 11, .45, 0)
(10, 8, 11, .5, 0)
(10, 8, 11, .55, 0)
(10, 8, 11, .6, 0)
(10, 8, 11, .65, 0)
(10, 8, 11, .7, 0)
(10, 8, 11, .75, 0)
(10, 8, 11, .8, 0)
(10, 8, 11, .85, 0)
(10, 8, 11, .9, 0)
(10, 8, 11, .95, 0)
(10, 8, 11, 1, 0)
(10, 9, 1, 0, 1)
(10, 9, 1, .05, 1)
(10, 9, 1, .1, .315552)
(10, 9, 1, .15, .315552)
(10, 9, 1, .2, .0270473)
(10, 9, 1, .25, .0270473)
(10, 9, 1, .3, 0)
(10, 9, 1, .35, 0)
(10, 9, 1, .4, 0)
(10, 9, 1, .45, 0)
(10, 9, 1, .5, 0)
(10, 9, 1, .55, 0)
(10, 9, 1, .6, 0)
(10, 9, 1, .65, 0)
(10, 9, 1, .7, 0)
(10, 9, 1, .75, 0)
(10, 9, 1, .8, 0)
(10, 9, 1, .85, 0)
(10, 9, 1, .9, 0)
(10, 9, 1, .95, 0)
(10, 9, 1, 1, 0)
(10, 9, 2, 0, 1)
(10, 9, 2, .05, 1)
(10, 9, 2, .1, .2855)
(10, 9, 2, .15, .2855)
(10, 9, 2, .2, .0210368)
(10, 9, 2, .25, .0210368)
(10, 9, 2, .3, 0)
(10, 9, 2, .35, 0)
(10, 9, 2, .4, 0)
(10, 9, 2, .45, 0)
(10, 9, 2, .5, 0)
(10, 9, 2, .55, 0)
(10, 9, 2, .6, 0)
(10, 9, 2, .65, 0)
(10, 9, 2, .7, 0)
(10, 9, 2, .75, 0)
(10, 9, 2, .8, 0)
(10, 9, 2, .85, 0)
(10, 9, 2, .9, 0)
(10, 9, 2, .95, 0)
(10, 9, 2, 1, 0)
(10, 9, 3, 0, 1)
(10, 9, 3, .05, 1)
(10, 9, 3, .1, .255447)
(10, 9, 3, .15, .255447)
(10, 9, 3, .2, .0150263)
(10, 9, 3, .25, .0150263)
(10, 9, 3, .3, 0)
(10, 9, 3, .35, 0)
(10, 9, 3, .4, 0)
(10, 9, 3, .45, 0)
(10, 9, 3, .5, 0)
(10, 9, 3, .55, 0)
(10, 9, 3, .6, 0)
(10, 9, 3, .65, 0)
(10, 9, 3, .7, 0)
(10, 9, 3, .75, 0)
(10, 9, 3, .8, 0)
(10, 9, 3, .85, 0)
(10, 9, 3, .9, 0)
(10, 9, 3, .95, 0)
(10, 9, 3, 1, 0)
(10, 9, 4, 0, 1)
(10, 9, 4, .05, 1)
(10, 9, 4, .1, .225394)
(10, 9, 4, .15, .225394)
(10, 9, 4, .2, .00901578)
(10, 9, 4, .25, .00901578)
(10, 9, 4, .3, 0)
(10, 9, 4, .35, 0)
(10, 9, 4, .4, 0)
(10, 9, 4, .45, 0)
(10, 9, 4, .5, 0)
(10, 9, 4, .55, 0)
(10, 9, 4, .6, 0)
(10, 9, 4, .65, 0)
(10, 9, 4, .7, 0)
(10, 9, 4, .75, 0)
(10, 9, 4, .8, 0)
(10, 9, 4, .85, 0)
(10, 9, 4, .9, 0)
(10, 9, 4, .95, 0)
(10, 9, 4, 1, 0)
(10, 9, 5, 0, 1)
(10, 9, 5, .05, 1)
(10, 9, 5, .1, .198347)
(10, 9, 5, .15, .198347)
(10, 9, 5, .2, .00375657)
(10, 9, 5, .25, .00375657)
(10, 9, 5, .3, 0)
(10, 9, 5, .35, 0)
(10, 9, 5, .4, 0)
(10, 9, 5, .45, 0)
(10, 9, 5, .5, 0)
(10, 9, 5, .55, 0)
(10, 9, 5, .6, 0)
(10, 9, 5, .65, 0)
(10, 9, 5, .7, 0)
(10, 9, 5, .75, 0)
(10, 9, 5, .8, 0)
(10, 9, 5, .85, 0)
(10, 9, 5, .9, 0)
(10, 9, 5, .95, 0)
(10, 9, 5, 1, 0)
(10, 9, 6, 0, 1)
(10, 9, 6, .05, 1)
(10, 9, 6, .1, .172802)
(10, 9, 6, .15, .172802)
(10, 9, 6, .2, .000751315)
(10, 9, 6, .25, .000751315)
(10, 9, 6, .3, 0)
(10, 9, 6, .35, 0)
(10, 9, 6, .4, 0)
(10, 9, 6, .45, 0)
(10, 9, 6, .5, 0)
(10, 9, 6, .55, 0)
(10, 9, 6, .6, 0)
(10, 9, 6, .65, 0)
(10, 9, 6, .7, 0)
(10, 9, 6, .75, 0)
(10, 9, 6, .8, 0)
(10, 9, 6, .85, 0)
(10, 9, 6, .9, 0)
(10, 9, 6, .95, 0)
(10, 9, 6, 1, 0)
(10, 9, 7, 0, 1)
(10, 9, 7, .05, 1)
(10, 9, 7, .1, .147258)
(10, 9, 7, .15, .147258)
(10, 9, 7, .2, 0)
(10, 9, 7, .25, 0)
(10, 9, 7, .3, 0)
(10, 9, 7, .35, 0)
(10, 9, 7, .4, 0)
(10, 9, 7, .45, 0)
(10, 9, 7, .5, 0)
(10, 9, 7, .55, 0)
(10, 9, 7, .6, 0)
(10, 9, 7, .65, 0)
(10, 9, 7, .7, 0)
(10, 9, 7, .75, 0)
(10, 9, 7, .8, 0)
(10, 9, 7, .85, 0)
(10, 9, 7, .9, 0)
(10, 9, 7, .95, 0)
(10, 9, 7, 1, 0)
(10, 9, 8, 0, 1)
(10, 9, 8, .05, 1)
(10, 9, 8, .1, .123216)
(10, 9, 8, .15, .123216)
(10, 9, 8, .2, 0)
(10, 9, 8, .25, 0)
(10, 9, 8, .3, 0)
(10, 9, 8, .35, 0)
(10, 9, 8, .4, 0)
(10, 9, 8, .45, 0)
(10, 9, 8, .5, 0)
(10, 9, 8, .55, 0)
(10, 9, 8, .6, 0)
(10, 9, 8, .65, 0)
(10, 9, 8, .7, 0)
(10, 9, 8, .75, 0)
(10, 9, 8, .8, 0)
(10, 9, 8, .85, 0)
(10, 9, 8, .9, 0)
(10, 9, 8, .95, 0)
(10, 9, 8, 1, 0)
(10, 9, 9, 0, 1)
(10, 9, 9, .05, 1)
(10, 9, 9, .1, .102179)
(10, 9, 9, .15, .102179)
(10, 9, 9, .2, 0)
(10, 9, 9, .25, 0)
(10, 9, 9, .3, 0)
(10, 9, 9, .35, 0)
(10, 9, 9, .4, 0)
(10, 9, 9, .45, 0)
(10, 9, 9, .5, 0)
(10, 9, 9, .55, 0)
(10, 9, 9, .6, 0)
(10, 9, 9, .65, 0)
(10, 9, 9, .7, 0)
(10, 9, 9, .75, 0)
(10, 9, 9, .8, 0)
(10, 9, 9, .85, 0)
(10, 9, 9, .9, 0)
(10, 9, 9, .95, 0)
(10, 9, 9, 1, 0)
(10, 9, 10, 0, 1)
(10, 9, 10, .05, 1)
(10, 9, 10, .1, .0841473)
(10, 9, 10, .15, .0841473)
(10, 9, 10, .2, 0)
(10, 9, 10, .25, 0)
(10, 9, 10, .3, 0)
(10, 9, 10, .35, 0)
(10, 9, 10, .4, 0)
(10, 9, 10, .45, 0)
(10, 9, 10, .5, 0)
(10, 9, 10, .55, 0)
(10, 9, 10, .6, 0)
(10, 9, 10, .65, 0)
(10, 9, 10, .7, 0)
(10, 9, 10, .75, 0)
(10, 9, 10, .8, 0)
(10, 9, 10, .85, 0)
(10, 9, 10, .9, 0)
(10, 9, 10, .95, 0)
(10, 9, 10, 1, 0)
(10, 9, 11, 0, 1)
(10, 9, 11, .05, 1)
(10, 9, 11, .1, 0)
(10, 9, 11, .15, 0)
(10, 9, 11, .2, 0)
(10, 9, 11, .25, 0)
(10, 9, 11, .3, 0)
(10, 9, 11, .35, 0)
(10, 9, 11, .4, 0)
(10, 9, 11, .45, 0)
(10, 9, 11, .5, 0)
(10, 9, 11, .55, 0)
(10, 9, 11, .6, 0)
(10, 9, 11, .65, 0)
(10, 9, 11, .7, 0)
(10, 9, 11, .75, 0)
(10, 9, 11, .8, 0)
(10, 9, 11, .85, 0)
(10, 9, 11, .9, 0)
(10, 9, 11, .95, 0)
(10, 9, 11, 1, 0)
(10, 10, 1, 0, 1)
(10, 10, 1, .05, 1)
(10, 10, 1, .1, .270473)
(10, 10, 1, .15, .270473)
(10, 10, 1, .2, .00676183)
(10, 10, 1, .25, .00676183)
(10, 10, 1, .3, 0)
(10, 10, 1, .35, 0)
(10, 10, 1, .4, 0)
(10, 10, 1, .45, 0)
(10, 10, 1, .5, 0)
(10, 10, 1, .55, 0)
(10, 10, 1, .6, 0)
(10, 10, 1, .65, 0)
(10, 10, 1, .7, 0)
(10, 10, 1, .75, 0)
(10, 10, 1, .8, 0)
(10, 10, 1, .85, 0)
(10, 10, 1, .9, 0)
(10, 10, 1, .95, 0)
(10, 10, 1, 1, 0)
(10, 10, 2, 0, 1)
(10, 10, 2, .05, 1)
(10, 10, 2, .1, .244177)
(10, 10, 2, .15, .244177)
(10, 10, 2, .2, .0052592)
(10, 10, 2, .25, .0052592)
(10, 10, 2, .3, 0)
(10, 10, 2, .35, 0)
(10, 10, 2, .4, 0)
(10, 10, 2, .45, 0)
(10, 10, 2, .5, 0)
(10, 10, 2, .55, 0)
(10, 10, 2, .6, 0)
(10, 10, 2, .65, 0)
(10, 10, 2, .7, 0)
(10, 10, 2, .75, 0)
(10, 10, 2, .8, 0)
(10, 10, 2, .85, 0)
(10, 10, 2, .9, 0)
(10, 10, 2, .95, 0)
(10, 10, 2, 1, 0)
(10, 10, 3, 0, 1)
(10, 10, 3, .05, 1)
(10, 10, 3, .1, .217881)
(10, 10, 3, .15, .217881)
(10, 10, 3, .2, .00375657)
(10, 10, 3, .25, .00375657)
(10, 10, 3, .3, 0)
(10, 10, 3, .35, 0)
(10, 10, 3, .4, 0)
(10, 10, 3, .45, 0)
(10, 10, 3, .5, 0)
(10, 10, 3, .55, 0)
(10, 10, 3, .6, 0)
(10, 10, 3, .65, 0)
(10, 10, 3, .7, 0)
(10, 10, 3, .75, 0)
(10, 10, 3, .8, 0)
(10, 10, 3, .85, 0)
(10, 10, 3, .9, 0)
(10, 10, 3, .95, 0)
(10, 10, 3, 1, 0)
(10, 10, 4, 0, 1)
(10, 10, 4, .05, 1)
(10, 10, 4, .1, .192337)
(10, 10, 4, .15, .192337)
(10, 10, 4, .2, .00225394)
(10, 10, 4, .25, .00225394)
(10, 10, 4, .3, 0)
(10, 10, 4, .35, 0)
(10, 10, 4, .4, 0)
(10, 10, 4, .45, 0)
(10, 10, 4, .5, 0)
(10, 10, 4, .55, 0)
(10, 10, 4, .6, 0)
(10, 10, 4, .65, 0)
(10, 10, 4, .7, 0)
(10, 10, 4, .75, 0)
(10, 10, 4, .8, 0)
(10, 10, 4, .85, 0)
(10, 10, 4, .9, 0)
(10, 10, 4, .95, 0)
(10, 10, 4, 1, 0)
(10, 10, 5, 0, 1)
(10, 10, 5, .05, 1)
(10, 10, 5, .1, .168295)
(10, 10, 5, .15, .168295)
(10, 10, 5, .2, .000751315)
(10, 10, 5, .25, .000751315)
(10, 10, 5, .3, 0)
(10, 10, 5, .35, 0)
(10, 10, 5, .4, 0)
(10, 10, 5, .45, 0)
(10, 10, 5, .5, 0)
(10, 10, 5, .55, 0)
(10, 10, 5, .6, 0)
(10, 10, 5, .65, 0)
(10, 10, 5, .7, 0)
(10, 10, 5, .75, 0)
(10, 10, 5, .8, 0)
(10, 10, 5, .85, 0)
(10, 10, 5, .9, 0)
(10, 10, 5, .95, 0)
(10, 10, 5, 1, 0)
(10, 10, 6, 0, 1)
(10, 10, 6, .05, 1)
(10, 10, 6, .1, .145755)
(10, 10, 6, .15, .145755)
(10, 10, 6, .2, 0)
(10, 10, 6, .25, 0)
(10, 10, 6, .3, 0)
(10, 10, 6, .35, 0)
(10, 10, 6, .4, 0)
(10, 10, 6, .45, 0)
(10, 10, 6, .5, 0)
(10, 10, 6, .55, 0)
(10, 10, 6, .6, 0)
(10, 10, 6, .65, 0)
(10, 10, 6, .7, 0)
(10, 10, 6, .75, 0)
(10, 10, 6, .8, 0)
(10, 10, 6, .85, 0)
(10, 10, 6, .9, 0)
(10, 10, 6, .95, 0)
(10, 10, 6, 1, 0)
(10, 10, 7, 0, 1)
(10, 10, 7, .05, 1)
(10, 10, 7, .1, .123216)
(10, 10, 7, .15, .123216)
(10, 10, 7, .2, 0)
(10, 10, 7, .25, 0)
(10, 10, 7, .3, 0)
(10, 10, 7, .35, 0)
(10, 10, 7, .4, 0)
(10, 10, 7, .45, 0)
(10, 10, 7, .5, 0)
(10, 10, 7, .55, 0)
(10, 10, 7, .6, 0)
(10, 10, 7, .65, 0)
(10, 10, 7, .7, 0)
(10, 10, 7, .75, 0)
(10, 10, 7, .8, 0)
(10, 10, 7, .85, 0)
(10, 10, 7, .9, 0)
(10, 10, 7, .95, 0)
(10, 10, 7, 1, 0)
(10, 10, 8, 0, 1)
(10, 10, 8, .05, 1)
(10, 10, 8, .1, .10293)
(10, 10, 8, .15, .10293)
(10, 10, 8, .2, 0)
(10, 10, 8, .25, 0)
(10, 10, 8, .3, 0)
(10, 10, 8, .35, 0)
(10, 10, 8, .4, 0)
(10, 10, 8, .45, 0)
(10, 10, 8, .5, 0)
(10, 10, 8, .55, 0)
(10, 10, 8, .6, 0)
(10, 10, 8, .65, 0)
(10, 10, 8, .7, 0)
(10, 10, 8, .75, 0)
(10, 10, 8, .8, 0)
(10, 10, 8, .85, 0)
(10, 10, 8, .9, 0)
(10, 10, 8, .95, 0)
(10, 10, 8, 1, 0)
(10, 10, 9, 0, 1)
(10, 10, 9, .05, 1)
(10, 10, 9, .1, .0841473)
(10, 10, 9, .15, .0841473)
(10, 10, 9, .2, 0)
(10, 10, 9, .25, 0)
(10, 10, 9, .3, 0)
(10, 10, 9, .35, 0)
(10, 10, 9, .4, 0)
(10, 10, 9, .45, 0)
(10, 10, 9, .5, 0)
(10, 10, 9, .55, 0)
(10, 10, 9, .6, 0)
(10, 10, 9, .65, 0)
(10, 10, 9, .7, 0)
(10, 10, 9, .75, 0)
(10, 10, 9, .8, 0)
(10, 10, 9, .85, 0)
(10, 10, 9, .9, 0)
(10, 10, 9, .95, 0)
(10, 10, 9, 1, 0)
(10, 10, 10, 0, 1)
(10, 10, 10, .05, 1)
(10, 10, 10, .1, .0683696)
(10, 10, 10, .15, .0683696)
(10, 10, 10, .2, 0)
(10, 10, 10, .25, 0)
(10, 10, 10, .3, 0)
(10, 10, 10, .35, 0)
(10, 10, 10, .4, 0)
(10, 10, 10, .45, 0)
(10, 10, 10, .5, 0)
(10, 10, 10, .55, 0)
(10, 10, 10, .6, 0)
(10, 10, 10, .65, 0)
(10, 10, 10, .7, 0)
(10, 10, 10, .75, 0)
(10, 10, 10, .8, 0)
(10, 10, 10, .85, 0)
(10, 10, 10, .9, 0)
(10, 10, 10, .95, 0)
(10, 10, 10, 1, 0)
(10, 10, 11, 0, 1)
(10, 10, 11, .05, 1)
(10, 10, 11, .1, 0)
(10, 10, 11, .15, 0)
(10, 10, 11, .2, 0)
(10, 10, 11, .25, 0)
(10, 10, 11, .3, 0)
(10, 10, 11, .35, 0)
(10, 10, 11, .4, 0)
(10, 10, 11, .45, 0)
(10, 10, 11, .5, 0)
(10, 10, 11, .55, 0)
(10, 10, 11, .6, 0)
(10, 10, 11, .65, 0)
(10, 10, 11, .7, 0)
(10, 10, 11, .75, 0)
(10, 10, 11, .8, 0)
(10, 10, 11, .85, 0)
(10, 10, 11, .9, 0)
(10, 10, 11, .95, 0)
(10, 10, 11, 1, 0)
(10, 11, 1, 0, 1)
(10, 11, 1, .05, 1)
(10, 11, 1, .1, 0)
(10, 11, 1, .15, 0)
(10, 11, 1, .2, 0)
(10, 11, 1, .25, 0)
(10, 11, 1, .3, 0)
(10, 11, 1, .35, 0)
(10, 11, 1, .4, 0)
(10, 11, 1, .45, 0)
(10, 11, 1, .5, 0)
(10, 11, 1, .55, 0)
(10, 11, 1, .6, 0)
(10, 11, 1, .65, 0)
(10, 11, 1, .7, 0)
(10, 11, 1, .75, 0)
(10, 11, 1, .8, 0)
(10, 11, 1, .85, 0)
(10, 11, 1, .9, 0)
(10, 11, 1, .95, 0)
(10, 11, 1, 1, 0)
(10, 11, 2, 0, 1)
(10, 11, 2, .05, 1)
(10, 11, 2, .1, 0)
(10, 11, 2, .15, 0)
(10, 11, 2, .2, 0)
(10, 11, 2, .25, 0)
(10, 11, 2, .3, 0)
(10, 11, 2, .35, 0)
(10, 11, 2, .4, 0)
(10, 11, 2, .45, 0)
(10, 11, 2, .5, 0)
(10, 11, 2, .55, 0)
(10, 11, 2, .6, 0)
(10, 11, 2, .65, 0)
(10, 11, 2, .7, 0)
(10, 11, 2, .75, 0)
(10, 11, 2, .8, 0)
(10, 11, 2, .85, 0)
(10, 11, 2, .9, 0)
(10, 11, 2, .95, 0)
(10, 11, 2, 1, 0)
(10, 11, 3, 0, 1)
(10, 11, 3, .05, 1)
(10, 11, 3, .1, 0)
(10, 11, 3, .15, 0)
(10, 11, 3, .2, 0)
(10, 11, 3, .25, 0)
(10, 11, 3, .3, 0)
(10, 11, 3, .35, 0)
(10, 11, 3, .4, 0)
(10, 11, 3, .45, 0)
(10, 11, 3, .5, 0)
(10, 11, 3, .55, 0)
(10, 11, 3, .6, 0)
(10, 11, 3, .65, 0)
(10, 11, 3, .7, 0)
(10, 11, 3, .75, 0)
(10, 11, 3, .8, 0)
(10, 11, 3, .85, 0)
(10, 11, 3, .9, 0)
(10, 11, 3, .95, 0)
(10, 11, 3, 1, 0)
(10, 11, 4, 0, 1)
(10, 11, 4, .05, 1)
(10, 11, 4, .1, 0)
(10, 11, 4, .15, 0)
(10, 11, 4, .2, 0)
(10, 11, 4, .25, 0)
(10, 11, 4, .3, 0)
(10, 11, 4, .35, 0)
(10, 11, 4, .4, 0)
(10, 11, 4, .45, 0)
(10, 11, 4, .5, 0)
(10, 11, 4, .55, 0)
(10, 11, 4, .6, 0)
(10, 11, 4, .65, 0)
(10, 11, 4, .7, 0)
(10, 11, 4, .75, 0)
(10, 11, 4, .8, 0)
(10, 11, 4, .85, 0)
(10, 11, 4, .9, 0)
(10, 11, 4, .95, 0)
(10, 11, 4, 1, 0)
(10, 11, 5, 0, 1)
(10, 11, 5, .05, 1)
(10, 11, 5, .1, 0)
(10, 11, 5, .15, 0)
(10, 11, 5, .2, 0)
(10, 11, 5, .25, 0)
(10, 11, 5, .3, 0)
(10, 11, 5, .35, 0)
(10, 11, 5, .4, 0)
(10, 11, 5, .45, 0)
(10, 11, 5, .5, 0)
(10, 11, 5, .55, 0)
(10, 11, 5, .6, 0)
(10, 11, 5, .65, 0)
(10, 11, 5, .7, 0)
(10, 11, 5, .75, 0)
(10, 11, 5, .8, 0)
(10, 11, 5, .85, 0)
(10, 11, 5, .9, 0)
(10, 11, 5, .95, 0)
(10, 11, 5, 1, 0)
(10, 11, 6, 0, 1)
(10, 11, 6, .05, 1)
(10, 11, 6, .1, 0)
(10, 11, 6, .15, 0)
(10, 11, 6, .2, 0)
(10, 11, 6, .25, 0)
(10, 11, 6, .3, 0)
(10, 11, 6, .35, 0)
(10, 11, 6, .4, 0)
(10, 11, 6, .45, 0)
(10, 11, 6, .5, 0)
(10, 11, 6, .55, 0)
(10, 11, 6, .6, 0)
(10, 11, 6, .65, 0)
(10, 11, 6, .7, 0)
(10, 11, 6, .75, 0)
(10, 11, 6, .8, 0)
(10, 11, 6, .85, 0)
(10, 11, 6, .9, 0)
(10, 11, 6, .95, 0)
(10, 11, 6, 1, 0)
(10, 11, 7, 0, 1)
(10, 11, 7, .05, 1)
(10, 11, 7, .1, 0)
(10, 11, 7, .15, 0)
(10, 11, 7, .2, 0)
(10, 11, 7, .25, 0)
(10, 11, 7, .3, 0)
(10, 11, 7, .35, 0)
(10, 11, 7, .4, 0)
(10, 11, 7, .45, 0)
(10, 11, 7, .5, 0)
(10, 11, 7, .55, 0)
(10, 11, 7, .6, 0)
(10, 11, 7, .65, 0)
(10, 11, 7, .7, 0)
(10, 11, 7, .75, 0)
(10, 11, 7, .8, 0)
(10, 11, 7, .85, 0)
(10, 11, 7, .9, 0)
(10, 11, 7, .95, 0)
(10, 11, 7, 1, 0)
(10, 11, 8, 0, 1)
(10, 11, 8, .05, 1)
(10, 11, 8, .1, 0)
(10, 11, 8, .15, 0)
(10, 11, 8, .2, 0)
(10, 11, 8, .25, 0)
(10, 11, 8, .3, 0)
(10, 11, 8, .35, 0)
(10, 11, 8, .4, 0)
(10, 11, 8, .45, 0)
(10, 11, 8, .5, 0)
(10, 11, 8, .55, 0)
(10, 11, 8, .6, 0)
(10, 11, 8, .65, 0)
(10, 11, 8, .7, 0)
(10, 11, 8, .75, 0)
(10, 11, 8, .8, 0)
(10, 11, 8, .85, 0)
(10, 11, 8, .9, 0)
(10, 11, 8, .95, 0)
(10, 11, 8, 1, 0)
(10, 11, 9, 0, 1)
(10, 11, 9, .05, 1)
(10, 11, 9, .1, 0)
(10, 11, 9, .15, 0)
(10, 11, 9, .2, 0)
(10, 11, 9, .25, 0)
(10, 11, 9, .3, 0)
(10, 11, 9, .35, 0)
(10, 11, 9, .4, 0)
(10, 11, 9, .45, 0)
(10, 11, 9, .5, 0)
(10, 11, 9, .55, 0)
(10, 11, 9, .6, 0)
(10, 11, 9, .65, 0)
(10, 11, 9, .7, 0)
(10, 11, 9, .75, 0)
(10, 11, 9, .8, 0)
(10, 11, 9, .85, 0)
(10, 11, 9, .9, 0)
(10, 11, 9, .95, 0)
(10, 11, 9, 1, 0)
(10, 11, 10, 0, 1)
(10, 11, 10, .05, 1)
(10, 11, 10, .1, 0)
(10, 11, 10, .15, 0)
(10, 11, 10, .2, 0)
(10, 11, 10, .25, 0)
(10, 11, 10, .3, 0)
(10, 11, 10, .35, 0)
(10, 11, 10, .4, 0)
(10, 11, 10, .45, 0)
(10, 11, 10, .5, 0)
(10, 11, 10, .55, 0)
(10, 11, 10, .6, 0)
(10, 11, 10, .65, 0)
(10, 11, 10, .7, 0)
(10, 11, 10, .75, 0)
(10, 11, 10, .8, 0)
(10, 11, 10, .85, 0)
(10, 11, 10, .9, 0)
(10, 11, 10, .95, 0)
(10, 11, 10, 1, 0)
(10, 11, 11, 0, 1)
(10, 11, 11, .05, 1)
(10, 11, 11, .1, 0)
(10, 11, 11, .15, 0)
(10, 11, 11, .2, 0)
(10, 11, 11, .25, 0)
(10, 11, 11, .3, 0)
(10, 11, 11, .35, 0)
(10, 11, 11, .4, 0)
(10, 11, 11, .45, 0)
(10, 11, 11, .5, 0)
(10, 11, 11, .55, 0)
(10, 11, 11, .6, 0)
(10, 11, 11, .65, 0)
(10, 11, 11, .7, 0)
(10, 11, 11, .75, 0)
(10, 11, 11, .8, 0)
(10, 11, 11, .85, 0)
(10, 11, 11, .9, 0)
(10, 11, 11, .95, 0)
(10, 11, 11, 1, 0)
(11, 1, 1, 0, 1)
(11, 1, 1, .05, 1)
(11, 1, 1, .1, 0)
(11, 1, 1, .15, 0)
(11, 1, 1, .2, 0)
(11, 1, 1, .25, 0)
(11, 1, 1, .3, 0)
(11, 1, 1, .35, 0)
(11, 1, 1, .4, 0)
(11, 1, 1, .45, 0)
(11, 1, 1, .5, 0)
(11, 1, 1, .55, 0)
(11, 1, 1, .6, 0)
(11, 1, 1, .65, 0)
(11, 1, 1, .7, 0)
(11, 1, 1, .75, 0)
(11, 1, 1, .8, 0)
(11, 1, 1, .85, 0)
(11, 1, 1, .9, 0)
(11, 1, 1, .95, 0)
(11, 1, 1, 1, 0)
(11, 1, 2, 0, 1)
(11, 1, 2, .05, 1)
(11, 1, 2, .1, 0)
(11, 1, 2, .15, 0)
(11, 1, 2, .2, 0)
(11, 1, 2, .25, 0)
(11, 1, 2, .3, 0)
(11, 1, 2, .35, 0)
(11, 1, 2, .4, 0)
(11, 1, 2, .45, 0)
(11, 1, 2, .5, 0)
(11, 1, 2, .55, 0)
(11, 1, 2, .6, 0)
(11, 1, 2, .65, 0)
(11, 1, 2, .7, 0)
(11, 1, 2, .75, 0)
(11, 1, 2, .8, 0)
(11, 1, 2, .85, 0)
(11, 1, 2, .9, 0)
(11, 1, 2, .95, 0)
(11, 1, 2, 1, 0)
(11, 1, 3, 0, 1)
(11, 1, 3, .05, 1)
(11, 1, 3, .1, 0)
(11, 1, 3, .15, 0)
(11, 1, 3, .2, 0)
(11, 1, 3, .25, 0)
(11, 1, 3, .3, 0)
(11, 1, 3, .35, 0)
(11, 1, 3, .4, 0)
(11, 1, 3, .45, 0)
(11, 1, 3, .5, 0)
(11, 1, 3, .55, 0)
(11, 1, 3, .6, 0)
(11, 1, 3, .65, 0)
(11, 1, 3, .7, 0)
(11, 1, 3, .75, 0)
(11, 1, 3, .8, 0)
(11, 1, 3, .85, 0)
(11, 1, 3, .9, 0)
(11, 1, 3, .95, 0)
(11, 1, 3, 1, 0)
(11, 1, 4, 0, 1)
(11, 1, 4, .05, 1)
(11, 1, 4, .1, 0)
(11, 1, 4, .15, 0)
(11, 1, 4, .2, 0)
(11, 1, 4, .25, 0)
(11, 1, 4, .3, 0)
(11, 1, 4, .35, 0)
(11, 1, 4, .4, 0)
(11, 1, 4, .45, 0)
(11, 1, 4, .5, 0)
(11, 1, 4, .55, 0)
(11, 1, 4, .6, 0)
(11, 1, 4, .65, 0)
(11, 1, 4, .7, 0)
(11, 1, 4, .75, 0)
(11, 1, 4, .8, 0)
(11, 1, 4, .85, 0)
(11, 1, 4, .9, 0)
(11, 1, 4, .95, 0)
(11, 1, 4, 1, 0)
(11, 1, 5, 0, 1)
(11, 1, 5, .05, 1)
(11, 1, 5, .1, 0)
(11, 1, 5, .15, 0)
(11, 1, 5, .2, 0)
(11, 1, 5, .25, 0)
(11, 1, 5, .3, 0)
(11, 1, 5, .35, 0)
(11, 1, 5, .4, 0)
(11, 1, 5, .45, 0)
(11, 1, 5, .5, 0)
(11, 1, 5, .55, 0)
(11, 1, 5, .6, 0)
(11, 1, 5, .65, 0)
(11, 1, 5, .7, 0)
(11, 1, 5, .75, 0)
(11, 1, 5, .8, 0)
(11, 1, 5, .85, 0)
(11, 1, 5, .9, 0)
(11, 1, 5, .95, 0)
(11, 1, 5, 1, 0)
(11, 1, 6, 0, 1)
(11, 1, 6, .05, 1)
(11, 1, 6, .1, 0)
(11, 1, 6, .15, 0)
(11, 1, 6, .2, 0)
(11, 1, 6, .25, 0)
(11, 1, 6, .3, 0)
(11, 1, 6, .35, 0)
(11, 1, 6, .4, 0)
(11, 1, 6, .45, 0)
(11, 1, 6, .5, 0)
(11, 1, 6, .55, 0)
(11, 1, 6, .6, 0)
(11, 1, 6, .65, 0)
(11, 1, 6, .7, 0)
(11, 1, 6, .75, 0)
(11, 1, 6, .8, 0)
(11, 1, 6, .85, 0)
(11, 1, 6, .9, 0)
(11, 1, 6, .95, 0)
(11, 1, 6, 1, 0)
(11, 1, 7, 0, 1)
(11, 1, 7, .05, 1)
(11, 1, 7, .1, 0)
(11, 1, 7, .15, 0)
(11, 1, 7, .2, 0)
(11, 1, 7, .25, 0)
(11, 1, 7, .3, 0)
(11, 1, 7, .35, 0)
(11, 1, 7, .4, 0)
(11, 1, 7, .45, 0)
(11, 1, 7, .5, 0)
(11, 1, 7, .55, 0)
(11, 1, 7, .6, 0)
(11, 1, 7, .65, 0)
(11, 1, 7, .7, 0)
(11, 1, 7, .75, 0)
(11, 1, 7, .8, 0)
(11, 1, 7, .85, 0)
(11, 1, 7, .9, 0)
(11, 1, 7, .95, 0)
(11, 1, 7, 1, 0)
(11, 1, 8, 0, 1)
(11, 1, 8, .05, 1)
(11, 1, 8, .1, 0)
(11, 1, 8, .15, 0)
(11, 1, 8, .2, 0)
(11, 1, 8, .25, 0)
(11, 1, 8, .3, 0)
(11, 1, 8, .35, 0)
(11, 1, 8, .4, 0)
(11, 1, 8, .45, 0)
(11, 1, 8, .5, 0)
(11, 1, 8, .55, 0)
(11, 1, 8, .6, 0)
(11, 1, 8, .65, 0)
(11, 1, 8, .7, 0)
(11, 1, 8, .75, 0)
(11, 1, 8, .8, 0)
(11, 1, 8, .85, 0)
(11, 1, 8, .9, 0)
(11, 1, 8, .95, 0)
(11, 1, 8, 1, 0)
(11, 1, 9, 0, 1)
(11, 1, 9, .05, 1)
(11, 1, 9, .1, 0)
(11, 1, 9, .15, 0)
(11, 1, 9, .2, 0)
(11, 1, 9, .25, 0)
(11, 1, 9, .3, 0)
(11, 1, 9, .35, 0)
(11, 1, 9, .4, 0)
(11, 1, 9, .45, 0)
(11, 1, 9, .5, 0)
(11, 1, 9, .55, 0)
(11, 1, 9, .6, 0)
(11, 1, 9, .65, 0)
(11, 1, 9, .7, 0)
(11, 1, 9, .75, 0)
(11, 1, 9, .8, 0)
(11, 1, 9, .85, 0)
(11, 1, 9, .9, 0)
(11, 1, 9, .95, 0)
(11, 1, 9, 1, 0)
(11, 1, 10, 0, 1)
(11, 1, 10, .05, 1)
(11, 1, 10, .1, 0)
(11, 1, 10, .15, 0)
(11, 1, 10, .2, 0)
(11, 1, 10, .25, 0)
(11, 1, 10, .3, 0)
(11, 1, 10, .35, 0)
(11, 1, 10, .4, 0)
(11, 1, 10, .45, 0)
(11, 1, 10, .5, 0)
(11, 1, 10, .55, 0)
(11, 1, 10, .6, 0)
(11, 1, 10, .65, 0)
(11, 1, 10, .7, 0)
(11, 1, 10, .75, 0)
(11, 1, 10, .8, 0)
(11, 1, 10, .85, 0)
(11, 1, 10, .9, 0)
(11, 1, 10, .95, 0)
(11, 1, 10, 1, 0)
(11, 1, 11, 0, 1)
(11, 1, 11, .05, 1)
(11, 1, 11, .1, 0)
(11, 1, 11, .15, 0)
(11, 1, 11, .2, 0)
(11, 1, 11, .25, 0)
(11, 1, 11, .3, 0)
(11, 1, 11, .35, 0)
(11, 1, 11, .4, 0)
(11, 1, 11, .45, 0)
(11, 1, 11, .5, 0)
(11, 1, 11, .55, 0)
(11, 1, 11, .6, 0)
(11, 1, 11, .65, 0)
(11, 1, 11, .7, 0)
(11, 1, 11, .75, 0)
(11, 1, 11, .8, 0)
(11, 1, 11, .85, 0)
(11, 1, 11, .9, 0)
(11, 1, 11, .95, 0)
(11, 1, 11, 1, 0)
(11, 2, 1, 0, 1)
(11, 2, 1, .05, 1)
(11, 2, 1, .1, 0)
(11, 2, 1, .15, 0)
(11, 2, 1, .2, 0)
(11, 2, 1, .25, 0)
(11, 2, 1, .3, 0)
(11, 2, 1, .35, 0)
(11, 2, 1, .4, 0)
(11, 2, 1, .45, 0)
(11, 2, 1, .5, 0)
(11, 2, 1, .55, 0)
(11, 2, 1, .6, 0)
(11, 2, 1, .65, 0)
(11, 2, 1, .7, 0)
(11, 2, 1, .75, 0)
(11, 2, 1, .8, 0)
(11, 2, 1, .85, 0)
(11, 2, 1, .9, 0)
(11, 2, 1, .95, 0)
(11, 2, 1, 1, 0)
(11, 2, 2, 0, 1)
(11, 2, 2, .05, 1)
(11, 2, 2, .1, 0)
(11, 2, 2, .15, 0)
(11, 2, 2, .2, 0)
(11, 2, 2, .25, 0)
(11, 2, 2, .3, 0)
(11, 2, 2, .35, 0)
(11, 2, 2, .4, 0)
(11, 2, 2, .45, 0)
(11, 2, 2, .5, 0)
(11, 2, 2, .55, 0)
(11, 2, 2, .6, 0)
(11, 2, 2, .65, 0)
(11, 2, 2, .7, 0)
(11, 2, 2, .75, 0)
(11, 2, 2, .8, 0)
(11, 2, 2, .85, 0)
(11, 2, 2, .9, 0)
(11, 2, 2, .95, 0)
(11, 2, 2, 1, 0)
(11, 2, 3, 0, 1)
(11, 2, 3, .05, 1)
(11, 2, 3, .1, 0)
(11, 2, 3, .15, 0)
(11, 2, 3, .2, 0)
(11, 2, 3, .25, 0)
(11, 2, 3, .3, 0)
(11, 2, 3, .35, 0)
(11, 2, 3, .4, 0)
(11, 2, 3, .45, 0)
(11, 2, 3, .5, 0)
(11, 2, 3, .55, 0)
(11, 2, 3, .6, 0)
(11, 2, 3, .65, 0)
(11, 2, 3, .7, 0)
(11, 2, 3, .75, 0)
(11, 2, 3, .8, 0)
(11, 2, 3, .85, 0)
(11, 2, 3, .9, 0)
(11, 2, 3, .95, 0)
(11, 2, 3, 1, 0)
(11, 2, 4, 0, 1)
(11, 2, 4, .05, 1)
(11, 2, 4, .1, 0)
(11, 2, 4, .15, 0)
(11, 2, 4, .2, 0)
(11, 2, 4, .25, 0)
(11, 2, 4, .3, 0)
(11, 2, 4, .35, 0)
(11, 2, 4, .4, 0)
(11, 2, 4, .45, 0)
(11, 2, 4, .5, 0)
(11, 2, 4, .55, 0)
(11, 2, 4, .6, 0)
(11, 2, 4, .65, 0)
(11, 2, 4, .7, 0)
(11, 2, 4, .75, 0)
(11, 2, 4, .8, 0)
(11, 2, 4, .85, 0)
(11, 2, 4, .9, 0)
(11, 2, 4, .95, 0)
(11, 2, 4, 1, 0)
(11, 2, 5, 0, 1)
(11, 2, 5, .05, 1)
(11, 2, 5, .1, 0)
(11, 2, 5, .15, 0)
(11, 2, 5, .2, 0)
(11, 2, 5, .25, 0)
(11, 2, 5, .3, 0)
(11, 2, 5, .35, 0)
(11, 2, 5, .4, 0)
(11, 2, 5, .45, 0)
(11, 2, 5, .5, 0)
(11, 2, 5, .55, 0)
(11, 2, 5, .6, 0)
(11, 2, 5, .65, 0)
(11, 2, 5, .7, 0)
(11, 2, 5, .75, 0)
(11, 2, 5, .8, 0)
(11, 2, 5, .85, 0)
(11, 2, 5, .9, 0)
(11, 2, 5, .95, 0)
(11, 2, 5, 1, 0)
(11, 2, 6, 0, 1)
(11, 2, 6, .05, 1)
(11, 2, 6, .1, 0)
(11, 2, 6, .15, 0)
(11, 2, 6, .2, 0)
(11, 2, 6, .25, 0)
(11, 2, 6, .3, 0)
(11, 2, 6, .35, 0)
(11, 2, 6, .4, 0)
(11, 2, 6, .45, 0)
(11, 2, 6, .5, 0)
(11, 2, 6, .55, 0)
(11, 2, 6, .6, 0)
(11, 2, 6, .65, 0)
(11, 2, 6, .7, 0)
(11, 2, 6, .75, 0)
(11, 2, 6, .8, 0)
(11, 2, 6, .85, 0)
(11, 2, 6, .9, 0)
(11, 2, 6, .95, 0)
(11, 2, 6, 1, 0)
(11, 2, 7, 0, 1)
(11, 2, 7, .05, 1)
(11, 2, 7, .1, 0)
(11, 2, 7, .15, 0)
(11, 2, 7, .2, 0)
(11, 2, 7, .25, 0)
(11, 2, 7, .3, 0)
(11, 2, 7, .35, 0)
(11, 2, 7, .4, 0)
(11, 2, 7, .45, 0)
(11, 2, 7, .5, 0)
(11, 2, 7, .55, 0)
(11, 2, 7, .6, 0)
(11, 2, 7, .65, 0)
(11, 2, 7, .7, 0)
(11, 2, 7, .75, 0)
(11, 2, 7, .8, 0)
(11, 2, 7, .85, 0)
(11, 2, 7, .9, 0)
(11, 2, 7, .95, 0)
(11, 2, 7, 1, 0)
(11, 2, 8, 0, 1)
(11, 2, 8, .05, 1)
(11, 2, 8, .1, 0)
(11, 2, 8, .15, 0)
(11, 2, 8, .2, 0)
(11, 2, 8, .25, 0)
(11, 2, 8, .3, 0)
(11, 2, 8, .35, 0)
(11, 2, 8, .4, 0)
(11, 2, 8, .45, 0)
(11, 2, 8, .5, 0)
(11, 2, 8, .55, 0)
(11, 2, 8, .6, 0)
(11, 2, 8, .65, 0)
(11, 2, 8, .7, 0)
(11, 2, 8, .75, 0)
(11, 2, 8, .8, 0)
(11, 2, 8, .85, 0)
(11, 2, 8, .9, 0)
(11, 2, 8, .95, 0)
(11, 2, 8, 1, 0)
(11, 2, 9, 0, 1)
(11, 2, 9, .05, 1)
(11, 2, 9, .1, 0)
(11, 2, 9, .15, 0)
(11, 2, 9, .2, 0)
(11, 2, 9, .25, 0)
(11, 2, 9, .3, 0)
(11, 2, 9, .35, 0)
(11, 2, 9, .4, 0)
(11, 2, 9, .45, 0)
(11, 2, 9, .5, 0)
(11, 2, 9, .55, 0)
(11, 2, 9, .6, 0)
(11, 2, 9, .65, 0)
(11, 2, 9, .7, 0)
(11, 2, 9, .75, 0)
(11, 2, 9, .8, 0)
(11, 2, 9, .85, 0)
(11, 2, 9, .9, 0)
(11, 2, 9, .95, 0)
(11, 2, 9, 1, 0)
(11, 2, 10, 0, 1)
(11, 2, 10, .05, 1)
(11, 2, 10, .1, 0)
(11, 2, 10, .15, 0)
(11, 2, 10, .2, 0)
(11, 2, 10, .25, 0)
(11, 2, 10, .3, 0)
(11, 2, 10, .35, 0)
(11, 2, 10, .4, 0)
(11, 2, 10, .45, 0)
(11, 2, 10, .5, 0)
(11, 2, 10, .55, 0)
(11, 2, 10, .6, 0)
(11, 2, 10, .65, 0)
(11, 2, 10, .7, 0)
(11, 2, 10, .75, 0)
(11, 2, 10, .8, 0)
(11, 2, 10, .85, 0)
(11, 2, 10, .9, 0)
(11, 2, 10, .95, 0)
(11, 2, 10, 1, 0)
(11, 2, 11, 0, 1)
(11, 2, 11, .05, 1)
(11, 2, 11, .1, 0)
(11, 2, 11, .15, 0)
(11, 2, 11, .2, 0)
(11, 2, 11, .25, 0)
(11, 2, 11, .3, 0)
(11, 2, 11, .35, 0)
(11, 2, 11, .4, 0)
(11, 2, 11, .45, 0)
(11, 2, 11, .5, 0)
(11, 2, 11, .55, 0)
(11, 2, 11, .6, 0)
(11, 2, 11, .65, 0)
(11, 2, 11, .7, 0)
(11, 2, 11, .75, 0)
(11, 2, 11, .8, 0)
(11, 2, 11, .85, 0)
(11, 2, 11, .9, 0)
(11, 2, 11, .95, 0)
(11, 2, 11, 1, 0)
(11, 3, 1, 0, 1)
(11, 3, 1, .05, 1)
(11, 3, 1, .1, 0)
(11, 3, 1, .15, 0)
(11, 3, 1, .2, 0)
(11, 3, 1, .25, 0)
(11, 3, 1, .3, 0)
(11, 3, 1, .35, 0)
(11, 3, 1, .4, 0)
(11, 3, 1, .45, 0)
(11, 3, 1, .5, 0)
(11, 3, 1, .55, 0)
(11, 3, 1, .6, 0)
(11, 3, 1, .65, 0)
(11, 3, 1, .7, 0)
(11, 3, 1, .75, 0)
(11, 3, 1, .8, 0)
(11, 3, 1, .85, 0)
(11, 3, 1, .9, 0)
(11, 3, 1, .95, 0)
(11, 3, 1, 1, 0)
(11, 3, 2, 0, 1)
(11, 3, 2, .05, 1)
(11, 3, 2, .1, 0)
(11, 3, 2, .15, 0)
(11, 3, 2, .2, 0)
(11, 3, 2, .25, 0)
(11, 3, 2, .3, 0)
(11, 3, 2, .35, 0)
(11, 3, 2, .4, 0)
(11, 3, 2, .45, 0)
(11, 3, 2, .5, 0)
(11, 3, 2, .55, 0)
(11, 3, 2, .6, 0)
(11, 3, 2, .65, 0)
(11, 3, 2, .7, 0)
(11, 3, 2, .75, 0)
(11, 3, 2, .8, 0)
(11, 3, 2, .85, 0)
(11, 3, 2, .9, 0)
(11, 3, 2, .95, 0)
(11, 3, 2, 1, 0)
(11, 3, 3, 0, 1)
(11, 3, 3, .05, 1)
(11, 3, 3, .1, 0)
(11, 3, 3, .15, 0)
(11, 3, 3, .2, 0)
(11, 3, 3, .25, 0)
(11, 3, 3, .3, 0)
(11, 3, 3, .35, 0)
(11, 3, 3, .4, 0)
(11, 3, 3, .45, 0)
(11, 3, 3, .5, 0)
(11, 3, 3, .55, 0)
(11, 3, 3, .6, 0)
(11, 3, 3, .65, 0)
(11, 3, 3, .7, 0)
(11, 3, 3, .75, 0)
(11, 3, 3, .8, 0)
(11, 3, 3, .85, 0)
(11, 3, 3, .9, 0)
(11, 3, 3, .95, 0)
(11, 3, 3, 1, 0)
(11, 3, 4, 0, 1)
(11, 3, 4, .05, 1)
(11, 3, 4, .1, 0)
(11, 3, 4, .15, 0)
(11, 3, 4, .2, 0)
(11, 3, 4, .25, 0)
(11, 3, 4, .3, 0)
(11, 3, 4, .35, 0)
(11, 3, 4, .4, 0)
(11, 3, 4, .45, 0)
(11, 3, 4, .5, 0)
(11, 3, 4, .55, 0)
(11, 3, 4, .6, 0)
(11, 3, 4, .65, 0)
(11, 3, 4, .7, 0)
(11, 3, 4, .75, 0)
(11, 3, 4, .8, 0)
(11, 3, 4, .85, 0)
(11, 3, 4, .9, 0)
(11, 3, 4, .95, 0)
(11, 3, 4, 1, 0)
(11, 3, 5, 0, 1)
(11, 3, 5, .05, 1)
(11, 3, 5, .1, 0)
(11, 3, 5, .15, 0)
(11, 3, 5, .2, 0)
(11, 3, 5, .25, 0)
(11, 3, 5, .3, 0)
(11, 3, 5, .35, 0)
(11, 3, 5, .4, 0)
(11, 3, 5, .45, 0)
(11, 3, 5, .5, 0)
(11, 3, 5, .55, 0)
(11, 3, 5, .6, 0)
(11, 3, 5, .65, 0)
(11, 3, 5, .7, 0)
(11, 3, 5, .75, 0)
(11, 3, 5, .8, 0)
(11, 3, 5, .85, 0)
(11, 3, 5, .9, 0)
(11, 3, 5, .95, 0)
(11, 3, 5, 1, 0)
(11, 3, 6, 0, 1)
(11, 3, 6, .05, 1)
(11, 3, 6, .1, 0)
(11, 3, 6, .15, 0)
(11, 3, 6, .2, 0)
(11, 3, 6, .25, 0)
(11, 3, 6, .3, 0)
(11, 3, 6, .35, 0)
(11, 3, 6, .4, 0)
(11, 3, 6, .45, 0)
(11, 3, 6, .5, 0)
(11, 3, 6, .55, 0)
(11, 3, 6, .6, 0)
(11, 3, 6, .65, 0)
(11, 3, 6, .7, 0)
(11, 3, 6, .75, 0)
(11, 3, 6, .8, 0)
(11, 3, 6, .85, 0)
(11, 3, 6, .9, 0)
(11, 3, 6, .95, 0)
(11, 3, 6, 1, 0)
(11, 3, 7, 0, 1)
(11, 3, 7, .05, 1)
(11, 3, 7, .1, 0)
(11, 3, 7, .15, 0)
(11, 3, 7, .2, 0)
(11, 3, 7, .25, 0)
(11, 3, 7, .3, 0)
(11, 3, 7, .35, 0)
(11, 3, 7, .4, 0)
(11, 3, 7, .45, 0)
(11, 3, 7, .5, 0)
(11, 3, 7, .55, 0)
(11, 3, 7, .6, 0)
(11, 3, 7, .65, 0)
(11, 3, 7, .7, 0)
(11, 3, 7, .75, 0)
(11, 3, 7, .8, 0)
(11, 3, 7, .85, 0)
(11, 3, 7, .9, 0)
(11, 3, 7, .95, 0)
(11, 3, 7, 1, 0)
(11, 3, 8, 0, 1)
(11, 3, 8, .05, 1)
(11, 3, 8, .1, 0)
(11, 3, 8, .15, 0)
(11, 3, 8, .2, 0)
(11, 3, 8, .25, 0)
(11, 3, 8, .3, 0)
(11, 3, 8, .35, 0)
(11, 3, 8, .4, 0)
(11, 3, 8, .45, 0)
(11, 3, 8, .5, 0)
(11, 3, 8, .55, 0)
(11, 3, 8, .6, 0)
(11, 3, 8, .65, 0)
(11, 3, 8, .7, 0)
(11, 3, 8, .75, 0)
(11, 3, 8, .8, 0)
(11, 3, 8, .85, 0)
(11, 3, 8, .9, 0)
(11, 3, 8, .95, 0)
(11, 3, 8, 1, 0)
(11, 3, 9, 0, 1)
(11, 3, 9, .05, 1)
(11, 3, 9, .1, 0)
(11, 3, 9, .15, 0)
(11, 3, 9, .2, 0)
(11, 3, 9, .25, 0)
(11, 3, 9, .3, 0)
(11, 3, 9, .35, 0)
(11, 3, 9, .4, 0)
(11, 3, 9, .45, 0)
(11, 3, 9, .5, 0)
(11, 3, 9, .55, 0)
(11, 3, 9, .6, 0)
(11, 3, 9, .65, 0)
(11, 3, 9, .7, 0)
(11, 3, 9, .75, 0)
(11, 3, 9, .8, 0)
(11, 3, 9, .85, 0)
(11, 3, 9, .9, 0)
(11, 3, 9, .95, 0)
(11, 3, 9, 1, 0)
(11, 3, 10, 0, 1)
(11, 3, 10, .05, 1)
(11, 3, 10, .1, 0)
(11, 3, 10, .15, 0)
(11, 3, 10, .2, 0)
(11, 3, 10, .25, 0)
(11, 3, 10, .3, 0)
(11, 3, 10, .35, 0)
(11, 3, 10, .4, 0)
(11, 3, 10, .45, 0)
(11, 3, 10, .5, 0)
(11, 3, 10, .55, 0)
(11, 3, 10, .6, 0)
(11, 3, 10, .65, 0)
(11, 3, 10, .7, 0)
(11, 3, 10, .75, 0)
(11, 3, 10, .8, 0)
(11, 3, 10, .85, 0)
(11, 3, 10, .9, 0)
(11, 3, 10, .95, 0)
(11, 3, 10, 1, 0)
(11, 3, 11, 0, 1)
(11, 3, 11, .05, 1)
(11, 3, 11, .1, 0)
(11, 3, 11, .15, 0)
(11, 3, 11, .2, 0)
(11, 3, 11, .25, 0)
(11, 3, 11, .3, 0)
(11, 3, 11, .35, 0)
(11, 3, 11, .4, 0)
(11, 3, 11, .45, 0)
(11, 3, 11, .5, 0)
(11, 3, 11, .55, 0)
(11, 3, 11, .6, 0)
(11, 3, 11, .65, 0)
(11, 3, 11, .7, 0)
(11, 3, 11, .75, 0)
(11, 3, 11, .8, 0)
(11, 3, 11, .85, 0)
(11, 3, 11, .9, 0)
(11, 3, 11, .95, 0)
(11, 3, 11, 1, 0)
(11, 4, 1, 0, 1)
(11, 4, 1, .05, 1)
(11, 4, 1, .1, 0)
(11, 4, 1, .15, 0)
(11, 4, 1, .2, 0)
(11, 4, 1, .25, 0)
(11, 4, 1, .3, 0)
(11, 4, 1, .35, 0)
(11, 4, 1, .4, 0)
(11, 4, 1, .45, 0)
(11, 4, 1, .5, 0)
(11, 4, 1, .55, 0)
(11, 4, 1, .6, 0)
(11, 4, 1, .65, 0)
(11, 4, 1, .7, 0)
(11, 4, 1, .75, 0)
(11, 4, 1, .8, 0)
(11, 4, 1, .85, 0)
(11, 4, 1, .9, 0)
(11, 4, 1, .95, 0)
(11, 4, 1, 1, 0)
(11, 4, 2, 0, 1)
(11, 4, 2, .05, 1)
(11, 4, 2, .1, 0)
(11, 4, 2, .15, 0)
(11, 4, 2, .2, 0)
(11, 4, 2, .25, 0)
(11, 4, 2, .3, 0)
(11, 4, 2, .35, 0)
(11, 4, 2, .4, 0)
(11, 4, 2, .45, 0)
(11, 4, 2, .5, 0)
(11, 4, 2, .55, 0)
(11, 4, 2, .6, 0)
(11, 4, 2, .65, 0)
(11, 4, 2, .7, 0)
(11, 4, 2, .75, 0)
(11, 4, 2, .8, 0)
(11, 4, 2, .85, 0)
(11, 4, 2, .9, 0)
(11, 4, 2, .95, 0)
(11, 4, 2, 1, 0)
(11, 4, 3, 0, 1)
(11, 4, 3, .05, 1)
(11, 4, 3, .1, 0)
(11, 4, 3, .15, 0)
(11, 4, 3, .2, 0)
(11, 4, 3, .25, 0)
(11, 4, 3, .3, 0)
(11, 4, 3, .35, 0)
(11, 4, 3, .4, 0)
(11, 4, 3, .45, 0)
(11, 4, 3, .5, 0)
(11, 4, 3, .55, 0)
(11, 4, 3, .6, 0)
(11, 4, 3, .65, 0)
(11, 4, 3, .7, 0)
(11, 4, 3, .75, 0)
(11, 4, 3, .8, 0)
(11, 4, 3, .85, 0)
(11, 4, 3, .9, 0)
(11, 4, 3, .95, 0)
(11, 4, 3, 1, 0)
(11, 4, 4, 0, 1)
(11, 4, 4, .05, 1)
(11, 4, 4, .1, 0)
(11, 4, 4, .15, 0)
(11, 4, 4, .2, 0)
(11, 4, 4, .25, 0)
(11, 4, 4, .3, 0)
(11, 4, 4, .35, 0)
(11, 4, 4, .4, 0)
(11, 4, 4, .45, 0)
(11, 4, 4, .5, 0)
(11, 4, 4, .55, 0)
(11, 4, 4, .6, 0)
(11, 4, 4, .65, 0)
(11, 4, 4, .7, 0)
(11, 4, 4, .75, 0)
(11, 4, 4, .8, 0)
(11, 4, 4, .85, 0)
(11, 4, 4, .9, 0)
(11, 4, 4, .95, 0)
(11, 4, 4, 1, 0)
(11, 4, 5, 0, 1)
(11, 4, 5, .05, 1)
(11, 4, 5, .1, 0)
(11, 4, 5, .15, 0)
(11, 4, 5, .2, 0)
(11, 4, 5, .25, 0)
(11, 4, 5, .3, 0)
(11, 4, 5, .35, 0)
(11, 4, 5, .4, 0)
(11, 4, 5, .45, 0)
(11, 4, 5, .5, 0)
(11, 4, 5, .55, 0)
(11, 4, 5, .6, 0)
(11, 4, 5, .65, 0)
(11, 4, 5, .7, 0)
(11, 4, 5, .75, 0)
(11, 4, 5, .8, 0)
(11, 4, 5, .85, 0)
(11, 4, 5, .9, 0)
(11, 4, 5, .95, 0)
(11, 4, 5, 1, 0)
(11, 4, 6, 0, 1)
(11, 4, 6, .05, 1)
(11, 4, 6, .1, 0)
(11, 4, 6, .15, 0)
(11, 4, 6, .2, 0)
(11, 4, 6, .25, 0)
(11, 4, 6, .3, 0)
(11, 4, 6, .35, 0)
(11, 4, 6, .4, 0)
(11, 4, 6, .45, 0)
(11, 4, 6, .5, 0)
(11, 4, 6, .55, 0)
(11, 4, 6, .6, 0)
(11, 4, 6, .65, 0)
(11, 4, 6, .7, 0)
(11, 4, 6, .75, 0)
(11, 4, 6, .8, 0)
(11, 4, 6, .85, 0)
(11, 4, 6, .9, 0)
(11, 4, 6, .95, 0)
(11, 4, 6, 1, 0)
(11, 4, 7, 0, 1)
(11, 4, 7, .05, 1)
(11, 4, 7, .1, 0)
(11, 4, 7, .15, 0)
(11, 4, 7, .2, 0)
(11, 4, 7, .25, 0)
(11, 4, 7, .3, 0)
(11, 4, 7, .35, 0)
(11, 4, 7, .4, 0)
(11, 4, 7, .45, 0)
(11, 4, 7, .5, 0)
(11, 4, 7, .55, 0)
(11, 4, 7, .6, 0)
(11, 4, 7, .65, 0)
(11, 4, 7, .7, 0)
(11, 4, 7, .75, 0)
(11, 4, 7, .8, 0)
(11, 4, 7, .85, 0)
(11, 4, 7, .9, 0)
(11, 4, 7, .95, 0)
(11, 4, 7, 1, 0)
(11, 4, 8, 0, 1)
(11, 4, 8, .05, 1)
(11, 4, 8, .1, 0)
(11, 4, 8, .15, 0)
(11, 4, 8, .2, 0)
(11, 4, 8, .25, 0)
(11, 4, 8, .3, 0)
(11, 4, 8, .35, 0)
(11, 4, 8, .4, 0)
(11, 4, 8, .45, 0)
(11, 4, 8, .5, 0)
(11, 4, 8, .55, 0)
(11, 4, 8, .6, 0)
(11, 4, 8, .65, 0)
(11, 4, 8, .7, 0)
(11, 4, 8, .75, 0)
(11, 4, 8, .8, 0)
(11, 4, 8, .85, 0)
(11, 4, 8, .9, 0)
(11, 4, 8, .95, 0)
(11, 4, 8, 1, 0)
(11, 4, 9, 0, 1)
(11, 4, 9, .05, 1)
(11, 4, 9, .1, 0)
(11, 4, 9, .15, 0)
(11, 4, 9, .2, 0)
(11, 4, 9, .25, 0)
(11, 4, 9, .3, 0)
(11, 4, 9, .35, 0)
(11, 4, 9, .4, 0)
(11, 4, 9, .45, 0)
(11, 4, 9, .5, 0)
(11, 4, 9, .55, 0)
(11, 4, 9, .6, 0)
(11, 4, 9, .65, 0)
(11, 4, 9, .7, 0)
(11, 4, 9, .75, 0)
(11, 4, 9, .8, 0)
(11, 4, 9, .85, 0)
(11, 4, 9, .9, 0)
(11, 4, 9, .95, 0)
(11, 4, 9, 1, 0)
(11, 4, 10, 0, 1)
(11, 4, 10, .05, 1)
(11, 4, 10, .1, 0)
(11, 4, 10, .15, 0)
(11, 4, 10, .2, 0)
(11, 4, 10, .25, 0)
(11, 4, 10, .3, 0)
(11, 4, 10, .35, 0)
(11, 4, 10, .4, 0)
(11, 4, 10, .45, 0)
(11, 4, 10, .5, 0)
(11, 4, 10, .55, 0)
(11, 4, 10, .6, 0)
(11, 4, 10, .65, 0)
(11, 4, 10, .7, 0)
(11, 4, 10, .75, 0)
(11, 4, 10, .8, 0)
(11, 4, 10, .85, 0)
(11, 4, 10, .9, 0)
(11, 4, 10, .95, 0)
(11, 4, 10, 1, 0)
(11, 4, 11, 0, 1)
(11, 4, 11, .05, 1)
(11, 4, 11, .1, 0)
(11, 4, 11, .15, 0)
(11, 4, 11, .2, 0)
(11, 4, 11, .25, 0)
(11, 4, 11, .3, 0)
(11, 4, 11, .35, 0)
(11, 4, 11, .4, 0)
(11, 4, 11, .45, 0)
(11, 4, 11, .5, 0)
(11, 4, 11, .55, 0)
(11, 4, 11, .6, 0)
(11, 4, 11, .65, 0)
(11, 4, 11, .7, 0)
(11, 4, 11, .75, 0)
(11, 4, 11, .8, 0)
(11, 4, 11, .85, 0)
(11, 4, 11, .9, 0)
(11, 4, 11, .95, 0)
(11, 4, 11, 1, 0)
(11, 5, 1, 0, 1)
(11, 5, 1, .05, 1)
(11, 5, 1, .1, 0)
(11, 5, 1, .15, 0)
(11, 5, 1, .2, 0)
(11, 5, 1, .25, 0)
(11, 5, 1, .3, 0)
(11, 5, 1, .35, 0)
(11, 5, 1, .4, 0)
(11, 5, 1, .45, 0)
(11, 5, 1, .5, 0)
(11, 5, 1, .55, 0)
(11, 5, 1, .6, 0)
(11, 5, 1, .65, 0)
(11, 5, 1, .7, 0)
(11, 5, 1, .75, 0)
(11, 5, 1, .8, 0)
(11, 5, 1, .85, 0)
(11, 5, 1, .9, 0)
(11, 5, 1, .95, 0)
(11, 5, 1, 1, 0)
(11, 5, 2, 0, 1)
(11, 5, 2, .05, 1)
(11, 5, 2, .1, 0)
(11, 5, 2, .15, 0)
(11, 5, 2, .2, 0)
(11, 5, 2, .25, 0)
(11, 5, 2, .3, 0)
(11, 5, 2, .35, 0)
(11, 5, 2, .4, 0)
(11, 5, 2, .45, 0)
(11, 5, 2, .5, 0)
(11, 5, 2, .55, 0)
(11, 5, 2, .6, 0)
(11, 5, 2, .65, 0)
(11, 5, 2, .7, 0)
(11, 5, 2, .75, 0)
(11, 5, 2, .8, 0)
(11, 5, 2, .85, 0)
(11, 5, 2, .9, 0)
(11, 5, 2, .95, 0)
(11, 5, 2, 1, 0)
(11, 5, 3, 0, 1)
(11, 5, 3, .05, 1)
(11, 5, 3, .1, 0)
(11, 5, 3, .15, 0)
(11, 5, 3, .2, 0)
(11, 5, 3, .25, 0)
(11, 5, 3, .3, 0)
(11, 5, 3, .35, 0)
(11, 5, 3, .4, 0)
(11, 5, 3, .45, 0)
(11, 5, 3, .5, 0)
(11, 5, 3, .55, 0)
(11, 5, 3, .6, 0)
(11, 5, 3, .65, 0)
(11, 5, 3, .7, 0)
(11, 5, 3, .75, 0)
(11, 5, 3, .8, 0)
(11, 5, 3, .85, 0)
(11, 5, 3, .9, 0)
(11, 5, 3, .95, 0)
(11, 5, 3, 1, 0)
(11, 5, 4, 0, 1)
(11, 5, 4, .05, 1)
(11, 5, 4, .1, 0)
(11, 5, 4, .15, 0)
(11, 5, 4, .2, 0)
(11, 5, 4, .25, 0)
(11, 5, 4, .3, 0)
(11, 5, 4, .35, 0)
(11, 5, 4, .4, 0)
(11, 5, 4, .45, 0)
(11, 5, 4, .5, 0)
(11, 5, 4, .55, 0)
(11, 5, 4, .6, 0)
(11, 5, 4, .65, 0)
(11, 5, 4, .7, 0)
(11, 5, 4, .75, 0)
(11, 5, 4, .8, 0)
(11, 5, 4, .85, 0)
(11, 5, 4, .9, 0)
(11, 5, 4, .95, 0)
(11, 5, 4, 1, 0)
(11, 5, 5, 0, 1)
(11, 5, 5, .05, 1)
(11, 5, 5, .1, 0)
(11, 5, 5, .15, 0)
(11, 5, 5, .2, 0)
(11, 5, 5, .25, 0)
(11, 5, 5, .3, 0)
(11, 5, 5, .35, 0)
(11, 5, 5, .4, 0)
(11, 5, 5, .45, 0)
(11, 5, 5, .5, 0)
(11, 5, 5, .55, 0)
(11, 5, 5, .6, 0)
(11, 5, 5, .65, 0)
(11, 5, 5, .7, 0)
(11, 5, 5, .75, 0)
(11, 5, 5, .8, 0)
(11, 5, 5, .85, 0)
(11, 5, 5, .9, 0)
(11, 5, 5, .95, 0)
(11, 5, 5, 1, 0)
(11, 5, 6, 0, 1)
(11, 5, 6, .05, 1)
(11, 5, 6, .1, 0)
(11, 5, 6, .15, 0)
(11, 5, 6, .2, 0)
(11, 5, 6, .25, 0)
(11, 5, 6, .3, 0)
(11, 5, 6, .35, 0)
(11, 5, 6, .4, 0)
(11, 5, 6, .45, 0)
(11, 5, 6, .5, 0)
(11, 5, 6, .55, 0)
(11, 5, 6, .6, 0)
(11, 5, 6, .65, 0)
(11, 5, 6, .7, 0)
(11, 5, 6, .75, 0)
(11, 5, 6, .8, 0)
(11, 5, 6, .85, 0)
(11, 5, 6, .9, 0)
(11, 5, 6, .95, 0)
(11, 5, 6, 1, 0)
(11, 5, 7, 0, 1)
(11, 5, 7, .05, 1)
(11, 5, 7, .1, 0)
(11, 5, 7, .15, 0)
(11, 5, 7, .2, 0)
(11, 5, 7, .25, 0)
(11, 5, 7, .3, 0)
(11, 5, 7, .35, 0)
(11, 5, 7, .4, 0)
(11, 5, 7, .45, 0)
(11, 5, 7, .5, 0)
(11, 5, 7, .55, 0)
(11, 5, 7, .6, 0)
(11, 5, 7, .65, 0)
(11, 5, 7, .7, 0)
(11, 5, 7, .75, 0)
(11, 5, 7, .8, 0)
(11, 5, 7, .85, 0)
(11, 5, 7, .9, 0)
(11, 5, 7, .95, 0)
(11, 5, 7, 1, 0)
(11, 5, 8, 0, 1)
(11, 5, 8, .05, 1)
(11, 5, 8, .1, 0)
(11, 5, 8, .15, 0)
(11, 5, 8, .2, 0)
(11, 5, 8, .25, 0)
(11, 5, 8, .3, 0)
(11, 5, 8, .35, 0)
(11, 5, 8, .4, 0)
(11, 5, 8, .45, 0)
(11, 5, 8, .5, 0)
(11, 5, 8, .55, 0)
(11, 5, 8, .6, 0)
(11, 5, 8, .65, 0)
(11, 5, 8, .7, 0)
(11, 5, 8, .75, 0)
(11, 5, 8, .8, 0)
(11, 5, 8, .85, 0)
(11, 5, 8, .9, 0)
(11, 5, 8, .95, 0)
(11, 5, 8, 1, 0)
(11, 5, 9, 0, 1)
(11, 5, 9, .05, 1)
(11, 5, 9, .1, 0)
(11, 5, 9, .15, 0)
(11, 5, 9, .2, 0)
(11, 5, 9, .25, 0)
(11, 5, 9, .3, 0)
(11, 5, 9, .35, 0)
(11, 5, 9, .4, 0)
(11, 5, 9, .45, 0)
(11, 5, 9, .5, 0)
(11, 5, 9, .55, 0)
(11, 5, 9, .6, 0)
(11, 5, 9, .65, 0)
(11, 5, 9, .7, 0)
(11, 5, 9, .75, 0)
(11, 5, 9, .8, 0)
(11, 5, 9, .85, 0)
(11, 5, 9, .9, 0)
(11, 5, 9, .95, 0)
(11, 5, 9, 1, 0)
(11, 5, 10, 0, 1)
(11, 5, 10, .05, 1)
(11, 5, 10, .1, 0)
(11, 5, 10, .15, 0)
(11, 5, 10, .2, 0)
(11, 5, 10, .25, 0)
(11, 5, 10, .3, 0)
(11, 5, 10, .35, 0)
(11, 5, 10, .4, 0)
(11, 5, 10, .45, 0)
(11, 5, 10, .5, 0)
(11, 5, 10, .55, 0)
(11, 5, 10, .6, 0)
(11, 5, 10, .65, 0)
(11, 5, 10, .7, 0)
(11, 5, 10, .75, 0)
(11, 5, 10, .8, 0)
(11, 5, 10, .85, 0)
(11, 5, 10, .9, 0)
(11, 5, 10, .95, 0)
(11, 5, 10, 1, 0)
(11, 5, 11, 0, 1)
(11, 5, 11, .05, 1)
(11, 5, 11, .1, 0)
(11, 5, 11, .15, 0)
(11, 5, 11, .2, 0)
(11, 5, 11, .25, 0)
(11, 5, 11, .3, 0)
(11, 5, 11, .35, 0)
(11, 5, 11, .4, 0)
(11, 5, 11, .45, 0)
(11, 5, 11, .5, 0)
(11, 5, 11, .55, 0)
(11, 5, 11, .6, 0)
(11, 5, 11, .65, 0)
(11, 5, 11, .7, 0)
(11, 5, 11, .75, 0)
(11, 5, 11, .8, 0)
(11, 5, 11, .85, 0)
(11, 5, 11, .9, 0)
(11, 5, 11, .95, 0)
(11, 5, 11, 1, 0)
(11, 6, 1, 0, 1)
(11, 6, 1, .05, 1)
(11, 6, 1, .1, 0)
(11, 6, 1, .15, 0)
(11, 6, 1, .2, 0)
(11, 6, 1, .25, 0)
(11, 6, 1, .3, 0)
(11, 6, 1, .35, 0)
(11, 6, 1, .4, 0)
(11, 6, 1, .45, 0)
(11, 6, 1, .5, 0)
(11, 6, 1, .55, 0)
(11, 6, 1, .6, 0)
(11, 6, 1, .65, 0)
(11, 6, 1, .7, 0)
(11, 6, 1, .75, 0)
(11, 6, 1, .8, 0)
(11, 6, 1, .85, 0)
(11, 6, 1, .9, 0)
(11, 6, 1, .95, 0)
(11, 6, 1, 1, 0)
(11, 6, 2, 0, 1)
(11, 6, 2, .05, 1)
(11, 6, 2, .1, 0)
(11, 6, 2, .15, 0)
(11, 6, 2, .2, 0)
(11, 6, 2, .25, 0)
(11, 6, 2, .3, 0)
(11, 6, 2, .35, 0)
(11, 6, 2, .4, 0)
(11, 6, 2, .45, 0)
(11, 6, 2, .5, 0)
(11, 6, 2, .55, 0)
(11, 6, 2, .6, 0)
(11, 6, 2, .65, 0)
(11, 6, 2, .7, 0)
(11, 6, 2, .75, 0)
(11, 6, 2, .8, 0)
(11, 6, 2, .85, 0)
(11, 6, 2, .9, 0)
(11, 6, 2, .95, 0)
(11, 6, 2, 1, 0)
(11, 6, 3, 0, 1)
(11, 6, 3, .05, 1)
(11, 6, 3, .1, 0)
(11, 6, 3, .15, 0)
(11, 6, 3, .2, 0)
(11, 6, 3, .25, 0)
(11, 6, 3, .3, 0)
(11, 6, 3, .35, 0)
(11, 6, 3, .4, 0)
(11, 6, 3, .45, 0)
(11, 6, 3, .5, 0)
(11, 6, 3, .55, 0)
(11, 6, 3, .6, 0)
(11, 6, 3, .65, 0)
(11, 6, 3, .7, 0)
(11, 6, 3, .75, 0)
(11, 6, 3, .8, 0)
(11, 6, 3, .85, 0)
(11, 6, 3, .9, 0)
(11, 6, 3, .95, 0)
(11, 6, 3, 1, 0)
(11, 6, 4, 0, 1)
(11, 6, 4, .05, 1)
(11, 6, 4, .1, 0)
(11, 6, 4, .15, 0)
(11, 6, 4, .2, 0)
(11, 6, 4, .25, 0)
(11, 6, 4, .3, 0)
(11, 6, 4, .35, 0)
(11, 6, 4, .4, 0)
(11, 6, 4, .45, 0)
(11, 6, 4, .5, 0)
(11, 6, 4, .55, 0)
(11, 6, 4, .6, 0)
(11, 6, 4, .65, 0)
(11, 6, 4, .7, 0)
(11, 6, 4, .75, 0)
(11, 6, 4, .8, 0)
(11, 6, 4, .85, 0)
(11, 6, 4, .9, 0)
(11, 6, 4, .95, 0)
(11, 6, 4, 1, 0)
(11, 6, 5, 0, 1)
(11, 6, 5, .05, 1)
(11, 6, 5, .1, 0)
(11, 6, 5, .15, 0)
(11, 6, 5, .2, 0)
(11, 6, 5, .25, 0)
(11, 6, 5, .3, 0)
(11, 6, 5, .35, 0)
(11, 6, 5, .4, 0)
(11, 6, 5, .45, 0)
(11, 6, 5, .5, 0)
(11, 6, 5, .55, 0)
(11, 6, 5, .6, 0)
(11, 6, 5, .65, 0)
(11, 6, 5, .7, 0)
(11, 6, 5, .75, 0)
(11, 6, 5, .8, 0)
(11, 6, 5, .85, 0)
(11, 6, 5, .9, 0)
(11, 6, 5, .95, 0)
(11, 6, 5, 1, 0)
(11, 6, 6, 0, 1)
(11, 6, 6, .05, 1)
(11, 6, 6, .1, 0)
(11, 6, 6, .15, 0)
(11, 6, 6, .2, 0)
(11, 6, 6, .25, 0)
(11, 6, 6, .3, 0)
(11, 6, 6, .35, 0)
(11, 6, 6, .4, 0)
(11, 6, 6, .45, 0)
(11, 6, 6, .5, 0)
(11, 6, 6, .55, 0)
(11, 6, 6, .6, 0)
(11, 6, 6, .65, 0)
(11, 6, 6, .7, 0)
(11, 6, 6, .75, 0)
(11, 6, 6, .8, 0)
(11, 6, 6, .85, 0)
(11, 6, 6, .9, 0)
(11, 6, 6, .95, 0)
(11, 6, 6, 1, 0)
(11, 6, 7, 0, 1)
(11, 6, 7, .05, 1)
(11, 6, 7, .1, 0)
(11, 6, 7, .15, 0)
(11, 6, 7, .2, 0)
(11, 6, 7, .25, 0)
(11, 6, 7, .3, 0)
(11, 6, 7, .35, 0)
(11, 6, 7, .4, 0)
(11, 6, 7, .45, 0)
(11, 6, 7, .5, 0)
(11, 6, 7, .55, 0)
(11, 6, 7, .6, 0)
(11, 6, 7, .65, 0)
(11, 6, 7, .7, 0)
(11, 6, 7, .75, 0)
(11, 6, 7, .8, 0)
(11, 6, 7, .85, 0)
(11, 6, 7, .9, 0)
(11, 6, 7, .95, 0)
(11, 6, 7, 1, 0)
(11, 6, 8, 0, 1)
(11, 6, 8, .05, 1)
(11, 6, 8, .1, 0)
(11, 6, 8, .15, 0)
(11, 6, 8, .2, 0)
(11, 6, 8, .25, 0)
(11, 6, 8, .3, 0)
(11, 6, 8, .35, 0)
(11, 6, 8, .4, 0)
(11, 6, 8, .45, 0)
(11, 6, 8, .5, 0)
(11, 6, 8, .55, 0)
(11, 6, 8, .6, 0)
(11, 6, 8, .65, 0)
(11, 6, 8, .7, 0)
(11, 6, 8, .75, 0)
(11, 6, 8, .8, 0)
(11, 6, 8, .85, 0)
(11, 6, 8, .9, 0)
(11, 6, 8, .95, 0)
(11, 6, 8, 1, 0)
(11, 6, 9, 0, 1)
(11, 6, 9, .05, 1)
(11, 6, 9, .1, 0)
(11, 6, 9, .15, 0)
(11, 6, 9, .2, 0)
(11, 6, 9, .25, 0)
(11, 6, 9, .3, 0)
(11, 6, 9, .35, 0)
(11, 6, 9, .4, 0)
(11, 6, 9, .45, 0)
(11, 6, 9, .5, 0)
(11, 6, 9, .55, 0)
(11, 6, 9, .6, 0)
(11, 6, 9, .65, 0)
(11, 6, 9, .7, 0)
(11, 6, 9, .75, 0)
(11, 6, 9, .8, 0)
(11, 6, 9, .85, 0)
(11, 6, 9, .9, 0)
(11, 6, 9, .95, 0)
(11, 6, 9, 1, 0)
(11, 6, 10, 0, 1)
(11, 6, 10, .05, 1)
(11, 6, 10, .1, 0)
(11, 6, 10, .15, 0)
(11, 6, 10, .2, 0)
(11, 6, 10, .25, 0)
(11, 6, 10, .3, 0)
(11, 6, 10, .35, 0)
(11, 6, 10, .4, 0)
(11, 6, 10, .45, 0)
(11, 6, 10, .5, 0)
(11, 6, 10, .55, 0)
(11, 6, 10, .6, 0)
(11, 6, 10, .65, 0)
(11, 6, 10, .7, 0)
(11, 6, 10, .75, 0)
(11, 6, 10, .8, 0)
(11, 6, 10, .85, 0)
(11, 6, 10, .9, 0)
(11, 6, 10, .95, 0)
(11, 6, 10, 1, 0)
(11, 6, 11, 0, 1)
(11, 6, 11, .05, 1)
(11, 6, 11, .1, 0)
(11, 6, 11, .15, 0)
(11, 6, 11, .2, 0)
(11, 6, 11, .25, 0)
(11, 6, 11, .3, 0)
(11, 6, 11, .35, 0)
(11, 6, 11, .4, 0)
(11, 6, 11, .45, 0)
(11, 6, 11, .5, 0)
(11, 6, 11, .55, 0)
(11, 6, 11, .6, 0)
(11, 6, 11, .65, 0)
(11, 6, 11, .7, 0)
(11, 6, 11, .75, 0)
(11, 6, 11, .8, 0)
(11, 6, 11, .85, 0)
(11, 6, 11, .9, 0)
(11, 6, 11, .95, 0)
(11, 6, 11, 1, 0)
(11, 7, 1, 0, 1)
(11, 7, 1, .05, 1)
(11, 7, 1, .1, 0)
(11, 7, 1, .15, 0)
(11, 7, 1, .2, 0)
(11, 7, 1, .25, 0)
(11, 7, 1, .3, 0)
(11, 7, 1, .35, 0)
(11, 7, 1, .4, 0)
(11, 7, 1, .45, 0)
(11, 7, 1, .5, 0)
(11, 7, 1, .55, 0)
(11, 7, 1, .6, 0)
(11, 7, 1, .65, 0)
(11, 7, 1, .7, 0)
(11, 7, 1, .75, 0)
(11, 7, 1, .8, 0)
(11, 7, 1, .85, 0)
(11, 7, 1, .9, 0)
(11, 7, 1, .95, 0)
(11, 7, 1, 1, 0)
(11, 7, 2, 0, 1)
(11, 7, 2, .05, 1)
(11, 7, 2, .1, 0)
(11, 7, 2, .15, 0)
(11, 7, 2, .2, 0)
(11, 7, 2, .25, 0)
(11, 7, 2, .3, 0)
(11, 7, 2, .35, 0)
(11, 7, 2, .4, 0)
(11, 7, 2, .45, 0)
(11, 7, 2, .5, 0)
(11, 7, 2, .55, 0)
(11, 7, 2, .6, 0)
(11, 7, 2, .65, 0)
(11, 7, 2, .7, 0)
(11, 7, 2, .75, 0)
(11, 7, 2, .8, 0)
(11, 7, 2, .85, 0)
(11, 7, 2, .9, 0)
(11, 7, 2, .95, 0)
(11, 7, 2, 1, 0)
(11, 7, 3, 0, 1)
(11, 7, 3, .05, 1)
(11, 7, 3, .1, 0)
(11, 7, 3, .15, 0)
(11, 7, 3, .2, 0)
(11, 7, 3, .25, 0)
(11, 7, 3, .3, 0)
(11, 7, 3, .35, 0)
(11, 7, 3, .4, 0)
(11, 7, 3, .45, 0)
(11, 7, 3, .5, 0)
(11, 7, 3, .55, 0)
(11, 7, 3, .6, 0)
(11, 7, 3, .65, 0)
(11, 7, 3, .7, 0)
(11, 7, 3, .75, 0)
(11, 7, 3, .8, 0)
(11, 7, 3, .85, 0)
(11, 7, 3, .9, 0)
(11, 7, 3, .95, 0)
(11, 7, 3, 1, 0)
(11, 7, 4, 0, 1)
(11, 7, 4, .05, 1)
(11, 7, 4, .1, 0)
(11, 7, 4, .15, 0)
(11, 7, 4, .2, 0)
(11, 7, 4, .25, 0)
(11, 7, 4, .3, 0)
(11, 7, 4, .35, 0)
(11, 7, 4, .4, 0)
(11, 7, 4, .45, 0)
(11, 7, 4, .5, 0)
(11, 7, 4, .55, 0)
(11, 7, 4, .6, 0)
(11, 7, 4, .65, 0)
(11, 7, 4, .7, 0)
(11, 7, 4, .75, 0)
(11, 7, 4, .8, 0)
(11, 7, 4, .85, 0)
(11, 7, 4, .9, 0)
(11, 7, 4, .95, 0)
(11, 7, 4, 1, 0)
(11, 7, 5, 0, 1)
(11, 7, 5, .05, 1)
(11, 7, 5, .1, 0)
(11, 7, 5, .15, 0)
(11, 7, 5, .2, 0)
(11, 7, 5, .25, 0)
(11, 7, 5, .3, 0)
(11, 7, 5, .35, 0)
(11, 7, 5, .4, 0)
(11, 7, 5, .45, 0)
(11, 7, 5, .5, 0)
(11, 7, 5, .55, 0)
(11, 7, 5, .6, 0)
(11, 7, 5, .65, 0)
(11, 7, 5, .7, 0)
(11, 7, 5, .75, 0)
(11, 7, 5, .8, 0)
(11, 7, 5, .85, 0)
(11, 7, 5, .9, 0)
(11, 7, 5, .95, 0)
(11, 7, 5, 1, 0)
(11, 7, 6, 0, 1)
(11, 7, 6, .05, 1)
(11, 7, 6, .1, 0)
(11, 7, 6, .15, 0)
(11, 7, 6, .2, 0)
(11, 7, 6, .25, 0)
(11, 7, 6, .3, 0)
(11, 7, 6, .35, 0)
(11, 7, 6, .4, 0)
(11, 7, 6, .45, 0)
(11, 7, 6, .5, 0)
(11, 7, 6, .55, 0)
(11, 7, 6, .6, 0)
(11, 7, 6, .65, 0)
(11, 7, 6, .7, 0)
(11, 7, 6, .75, 0)
(11, 7, 6, .8, 0)
(11, 7, 6, .85, 0)
(11, 7, 6, .9, 0)
(11, 7, 6, .95, 0)
(11, 7, 6, 1, 0)
(11, 7, 7, 0, 1)
(11, 7, 7, .05, 1)
(11, 7, 7, .1, 0)
(11, 7, 7, .15, 0)
(11, 7, 7, .2, 0)
(11, 7, 7, .25, 0)
(11, 7, 7, .3, 0)
(11, 7, 7, .35, 0)
(11, 7, 7, .4, 0)
(11, 7, 7, .45, 0)
(11, 7, 7, .5, 0)
(11, 7, 7, .55, 0)
(11, 7, 7, .6, 0)
(11, 7, 7, .65, 0)
(11, 7, 7, .7, 0)
(11, 7, 7, .75, 0)
(11, 7, 7, .8, 0)
(11, 7, 7, .85, 0)
(11, 7, 7, .9, 0)
(11, 7, 7, .95, 0)
(11, 7, 7, 1, 0)
(11, 7, 8, 0, 1)
(11, 7, 8, .05, 1)
(11, 7, 8, .1, 0)
(11, 7, 8, .15, 0)
(11, 7, 8, .2, 0)
(11, 7, 8, .25, 0)
(11, 7, 8, .3, 0)
(11, 7, 8, .35, 0)
(11, 7, 8, .4, 0)
(11, 7, 8, .45, 0)
(11, 7, 8, .5, 0)
(11, 7, 8, .55, 0)
(11, 7, 8, .6, 0)
(11, 7, 8, .65, 0)
(11, 7, 8, .7, 0)
(11, 7, 8, .75, 0)
(11, 7, 8, .8, 0)
(11, 7, 8, .85, 0)
(11, 7, 8, .9, 0)
(11, 7, 8, .95, 0)
(11, 7, 8, 1, 0)
(11, 7, 9, 0, 1)
(11, 7, 9, .05, 1)
(11, 7, 9, .1, 0)
(11, 7, 9, .15, 0)
(11, 7, 9, .2, 0)
(11, 7, 9, .25, 0)
(11, 7, 9, .3, 0)
(11, 7, 9, .35, 0)
(11, 7, 9, .4, 0)
(11, 7, 9, .45, 0)
(11, 7, 9, .5, 0)
(11, 7, 9, .55, 0)
(11, 7, 9, .6, 0)
(11, 7, 9, .65, 0)
(11, 7, 9, .7, 0)
(11, 7, 9, .75, 0)
(11, 7, 9, .8, 0)
(11, 7, 9, .85, 0)
(11, 7, 9, .9, 0)
(11, 7, 9, .95, 0)
(11, 7, 9, 1, 0)
(11, 7, 10, 0, 1)
(11, 7, 10, .05, 1)
(11, 7, 10, .1, 0)
(11, 7, 10, .15, 0)
(11, 7, 10, .2, 0)
(11, 7, 10, .25, 0)
(11, 7, 10, .3, 0)
(11, 7, 10, .35, 0)
(11, 7, 10, .4, 0)
(11, 7, 10, .45, 0)
(11, 7, 10, .5, 0)
(11, 7, 10, .55, 0)
(11, 7, 10, .6, 0)
(11, 7, 10, .65, 0)
(11, 7, 10, .7, 0)
(11, 7, 10, .75, 0)
(11, 7, 10, .8, 0)
(11, 7, 10, .85, 0)
(11, 7, 10, .9, 0)
(11, 7, 10, .95, 0)
(11, 7, 10, 1, 0)
(11, 7, 11, 0, 1)
(11, 7, 11, .05, 1)
(11, 7, 11, .1, 0)
(11, 7, 11, .15, 0)
(11, 7, 11, .2, 0)
(11, 7, 11, .25, 0)
(11, 7, 11, .3, 0)
(11, 7, 11, .35, 0)
(11, 7, 11, .4, 0)
(11, 7, 11, .45, 0)
(11, 7, 11, .5, 0)
(11, 7, 11, .55, 0)
(11, 7, 11, .6, 0)
(11, 7, 11, .65, 0)
(11, 7, 11, .7, 0)
(11, 7, 11, .75, 0)
(11, 7, 11, .8, 0)
(11, 7, 11, .85, 0)
(11, 7, 11, .9, 0)
(11, 7, 11, .95, 0)
(11, 7, 11, 1, 0)
(11, 8, 1, 0, 1)
(11, 8, 1, .05, 1)
(11, 8, 1, .1, 0)
(11, 8, 1, .15, 0)
(11, 8, 1, .2, 0)
(11, 8, 1, .25, 0)
(11, 8, 1, .3, 0)
(11, 8, 1, .35, 0)
(11, 8, 1, .4, 0)
(11, 8, 1, .45, 0)
(11, 8, 1, .5, 0)
(11, 8, 1, .55, 0)
(11, 8, 1, .6, 0)
(11, 8, 1, .65, 0)
(11, 8, 1, .7, 0)
(11, 8, 1, .75, 0)
(11, 8, 1, .8, 0)
(11, 8, 1, .85, 0)
(11, 8, 1, .9, 0)
(11, 8, 1, .95, 0)
(11, 8, 1, 1, 0)
(11, 8, 2, 0, 1)
(11, 8, 2, .05, 1)
(11, 8, 2, .1, 0)
(11, 8, 2, .15, 0)
(11, 8, 2, .2, 0)
(11, 8, 2, .25, 0)
(11, 8, 2, .3, 0)
(11, 8, 2, .35, 0)
(11, 8, 2, .4, 0)
(11, 8, 2, .45, 0)
(11, 8, 2, .5, 0)
(11, 8, 2, .55, 0)
(11, 8, 2, .6, 0)
(11, 8, 2, .65, 0)
(11, 8, 2, .7, 0)
(11, 8, 2, .75, 0)
(11, 8, 2, .8, 0)
(11, 8, 2, .85, 0)
(11, 8, 2, .9, 0)
(11, 8, 2, .95, 0)
(11, 8, 2, 1, 0)
(11, 8, 3, 0, 1)
(11, 8, 3, .05, 1)
(11, 8, 3, .1, 0)
(11, 8, 3, .15, 0)
(11, 8, 3, .2, 0)
(11, 8, 3, .25, 0)
(11, 8, 3, .3, 0)
(11, 8, 3, .35, 0)
(11, 8, 3, .4, 0)
(11, 8, 3, .45, 0)
(11, 8, 3, .5, 0)
(11, 8, 3, .55, 0)
(11, 8, 3, .6, 0)
(11, 8, 3, .65, 0)
(11, 8, 3, .7, 0)
(11, 8, 3, .75, 0)
(11, 8, 3, .8, 0)
(11, 8, 3, .85, 0)
(11, 8, 3, .9, 0)
(11, 8, 3, .95, 0)
(11, 8, 3, 1, 0)
(11, 8, 4, 0, 1)
(11, 8, 4, .05, 1)
(11, 8, 4, .1, 0)
(11, 8, 4, .15, 0)
(11, 8, 4, .2, 0)
(11, 8, 4, .25, 0)
(11, 8, 4, .3, 0)
(11, 8, 4, .35, 0)
(11, 8, 4, .4, 0)
(11, 8, 4, .45, 0)
(11, 8, 4, .5, 0)
(11, 8, 4, .55, 0)
(11, 8, 4, .6, 0)
(11, 8, 4, .65, 0)
(11, 8, 4, .7, 0)
(11, 8, 4, .75, 0)
(11, 8, 4, .8, 0)
(11, 8, 4, .85, 0)
(11, 8, 4, .9, 0)
(11, 8, 4, .95, 0)
(11, 8, 4, 1, 0)
(11, 8, 5, 0, 1)
(11, 8, 5, .05, 1)
(11, 8, 5, .1, 0)
(11, 8, 5, .15, 0)
(11, 8, 5, .2, 0)
(11, 8, 5, .25, 0)
(11, 8, 5, .3, 0)
(11, 8, 5, .35, 0)
(11, 8, 5, .4, 0)
(11, 8, 5, .45, 0)
(11, 8, 5, .5, 0)
(11, 8, 5, .55, 0)
(11, 8, 5, .6, 0)
(11, 8, 5, .65, 0)
(11, 8, 5, .7, 0)
(11, 8, 5, .75, 0)
(11, 8, 5, .8, 0)
(11, 8, 5, .85, 0)
(11, 8, 5, .9, 0)
(11, 8, 5, .95, 0)
(11, 8, 5, 1, 0)
(11, 8, 6, 0, 1)
(11, 8, 6, .05, 1)
(11, 8, 6, .1, 0)
(11, 8, 6, .15, 0)
(11, 8, 6, .2, 0)
(11, 8, 6, .25, 0)
(11, 8, 6, .3, 0)
(11, 8, 6, .35, 0)
(11, 8, 6, .4, 0)
(11, 8, 6, .45, 0)
(11, 8, 6, .5, 0)
(11, 8, 6, .55, 0)
(11, 8, 6, .6, 0)
(11, 8, 6, .65, 0)
(11, 8, 6, .7, 0)
(11, 8, 6, .75, 0)
(11, 8, 6, .8, 0)
(11, 8, 6, .85, 0)
(11, 8, 6, .9, 0)
(11, 8, 6, .95, 0)
(11, 8, 6, 1, 0)
(11, 8, 7, 0, 1)
(11, 8, 7, .05, 1)
(11, 8, 7, .1, 0)
(11, 8, 7, .15, 0)
(11, 8, 7, .2, 0)
(11, 8, 7, .25, 0)
(11, 8, 7, .3, 0)
(11, 8, 7, .35, 0)
(11, 8, 7, .4, 0)
(11, 8, 7, .45, 0)
(11, 8, 7, .5, 0)
(11, 8, 7, .55, 0)
(11, 8, 7, .6, 0)
(11, 8, 7, .65, 0)
(11, 8, 7, .7, 0)
(11, 8, 7, .75, 0)
(11, 8, 7, .8, 0)
(11, 8, 7, .85, 0)
(11, 8, 7, .9, 0)
(11, 8, 7, .95, 0)
(11, 8, 7, 1, 0)
(11, 8, 8, 0, 1)
(11, 8, 8, .05, 1)
(11, 8, 8, .1, 0)
(11, 8, 8, .15, 0)
(11, 8, 8, .2, 0)
(11, 8, 8, .25, 0)
(11, 8, 8, .3, 0)
(11, 8, 8, .35, 0)
(11, 8, 8, .4, 0)
(11, 8, 8, .45, 0)
(11, 8, 8, .5, 0)
(11, 8, 8, .55, 0)
(11, 8, 8, .6, 0)
(11, 8, 8, .65, 0)
(11, 8, 8, .7, 0)
(11, 8, 8, .75, 0)
(11, 8, 8, .8, 0)
(11, 8, 8, .85, 0)
(11, 8, 8, .9, 0)
(11, 8, 8, .95, 0)
(11, 8, 8, 1, 0)
(11, 8, 9, 0, 1)
(11, 8, 9, .05, 1)
(11, 8, 9, .1, 0)
(11, 8, 9, .15, 0)
(11, 8, 9, .2, 0)
(11, 8, 9, .25, 0)
(11, 8, 9, .3, 0)
(11, 8, 9, .35, 0)
(11, 8, 9, .4, 0)
(11, 8, 9, .45, 0)
(11, 8, 9, .5, 0)
(11, 8, 9, .55, 0)
(11, 8, 9, .6, 0)
(11, 8, 9, .65, 0)
(11, 8, 9, .7, 0)
(11, 8, 9, .75, 0)
(11, 8, 9, .8, 0)
(11, 8, 9, .85, 0)
(11, 8, 9, .9, 0)
(11, 8, 9, .95, 0)
(11, 8, 9, 1, 0)
(11, 8, 10, 0, 1)
(11, 8, 10, .05, 1)
(11, 8, 10, .1, 0)
(11, 8, 10, .15, 0)
(11, 8, 10, .2, 0)
(11, 8, 10, .25, 0)
(11, 8, 10, .3, 0)
(11, 8, 10, .35, 0)
(11, 8, 10, .4, 0)
(11, 8, 10, .45, 0)
(11, 8, 10, .5, 0)
(11, 8, 10, .55, 0)
(11, 8, 10, .6, 0)
(11, 8, 10, .65, 0)
(11, 8, 10, .7, 0)
(11, 8, 10, .75, 0)
(11, 8, 10, .8, 0)
(11, 8, 10, .85, 0)
(11, 8, 10, .9, 0)
(11, 8, 10, .95, 0)
(11, 8, 10, 1, 0)
(11, 8, 11, 0, 1)
(11, 8, 11, .05, 1)
(11, 8, 11, .1, 0)
(11, 8, 11, .15, 0)
(11, 8, 11, .2, 0)
(11, 8, 11, .25, 0)
(11, 8, 11, .3, 0)
(11, 8, 11, .35, 0)
(11, 8, 11, .4, 0)
(11, 8, 11, .45, 0)
(11, 8, 11, .5, 0)
(11, 8, 11, .55, 0)
(11, 8, 11, .6, 0)
(11, 8, 11, .65, 0)
(11, 8, 11, .7, 0)
(11, 8, 11, .75, 0)
(11, 8, 11, .8, 0)
(11, 8, 11, .85, 0)
(11, 8, 11, .9, 0)
(11, 8, 11, .95, 0)
(11, 8, 11, 1, 0)
(11, 9, 1, 0, 1)
(11, 9, 1, .05, 1)
(11, 9, 1, .1, 0)
(11, 9, 1, .15, 0)
(11, 9, 1, .2, 0)
(11, 9, 1, .25, 0)
(11, 9, 1, .3, 0)
(11, 9, 1, .35, 0)
(11, 9, 1, .4, 0)
(11, 9, 1, .45, 0)
(11, 9, 1, .5, 0)
(11, 9, 1, .55, 0)
(11, 9, 1, .6, 0)
(11, 9, 1, .65, 0)
(11, 9, 1, .7, 0)
(11, 9, 1, .75, 0)
(11, 9, 1, .8, 0)
(11, 9, 1, .85, 0)
(11, 9, 1, .9, 0)
(11, 9, 1, .95, 0)
(11, 9, 1, 1, 0)
(11, 9, 2, 0, 1)
(11, 9, 2, .05, 1)
(11, 9, 2, .1, 0)
(11, 9, 2, .15, 0)
(11, 9, 2, .2, 0)
(11, 9, 2, .25, 0)
(11, 9, 2, .3, 0)
(11, 9, 2, .35, 0)
(11, 9, 2, .4, 0)
(11, 9, 2, .45, 0)
(11, 9, 2, .5, 0)
(11, 9, 2, .55, 0)
(11, 9, 2, .6, 0)
(11, 9, 2, .65, 0)
(11, 9, 2, .7, 0)
(11, 9, 2, .75, 0)
(11, 9, 2, .8, 0)
(11, 9, 2, .85, 0)
(11, 9, 2, .9, 0)
(11, 9, 2, .95, 0)
(11, 9, 2, 1, 0)
(11, 9, 3, 0, 1)
(11, 9, 3, .05, 1)
(11, 9, 3, .1, 0)
(11, 9, 3, .15, 0)
(11, 9, 3, .2, 0)
(11, 9, 3, .25, 0)
(11, 9, 3, .3, 0)
(11, 9, 3, .35, 0)
(11, 9, 3, .4, 0)
(11, 9, 3, .45, 0)
(11, 9, 3, .5, 0)
(11, 9, 3, .55, 0)
(11, 9, 3, .6, 0)
(11, 9, 3, .65, 0)
(11, 9, 3, .7, 0)
(11, 9, 3, .75, 0)
(11, 9, 3, .8, 0)
(11, 9, 3, .85, 0)
(11, 9, 3, .9, 0)
(11, 9, 3, .95, 0)
(11, 9, 3, 1, 0)
(11, 9, 4, 0, 1)
(11, 9, 4, .05, 1)
(11, 9, 4, .1, 0)
(11, 9, 4, .15, 0)
(11, 9, 4, .2, 0)
(11, 9, 4, .25, 0)
(11, 9, 4, .3, 0)
(11, 9, 4, .35, 0)
(11, 9, 4, .4, 0)
(11, 9, 4, .45, 0)
(11, 9, 4, .5, 0)
(11, 9, 4, .55, 0)
(11, 9, 4, .6, 0)
(11, 9, 4, .65, 0)
(11, 9, 4, .7, 0)
(11, 9, 4, .75, 0)
(11, 9, 4, .8, 0)
(11, 9, 4, .85, 0)
(11, 9, 4, .9, 0)
(11, 9, 4, .95, 0)
(11, 9, 4, 1, 0)
(11, 9, 5, 0, 1)
(11, 9, 5, .05, 1)
(11, 9, 5, .1, 0)
(11, 9, 5, .15, 0)
(11, 9, 5, .2, 0)
(11, 9, 5, .25, 0)
(11, 9, 5, .3, 0)
(11, 9, 5, .35, 0)
(11, 9, 5, .4, 0)
(11, 9, 5, .45, 0)
(11, 9, 5, .5, 0)
(11, 9, 5, .55, 0)
(11, 9, 5, .6, 0)
(11, 9, 5, .65, 0)
(11, 9, 5, .7, 0)
(11, 9, 5, .75, 0)
(11, 9, 5, .8, 0)
(11, 9, 5, .85, 0)
(11, 9, 5, .9, 0)
(11, 9, 5, .95, 0)
(11, 9, 5, 1, 0)
(11, 9, 6, 0, 1)
(11, 9, 6, .05, 1)
(11, 9, 6, .1, 0)
(11, 9, 6, .15, 0)
(11, 9, 6, .2, 0)
(11, 9, 6, .25, 0)
(11, 9, 6, .3, 0)
(11, 9, 6, .35, 0)
(11, 9, 6, .4, 0)
(11, 9, 6, .45, 0)
(11, 9, 6, .5, 0)
(11, 9, 6, .55, 0)
(11, 9, 6, .6, 0)
(11, 9, 6, .65, 0)
(11, 9, 6, .7, 0)
(11, 9, 6, .75, 0)
(11, 9, 6, .8, 0)
(11, 9, 6, .85, 0)
(11, 9, 6, .9, 0)
(11, 9, 6, .95, 0)
(11, 9, 6, 1, 0)
(11, 9, 7, 0, 1)
(11, 9, 7, .05, 1)
(11, 9, 7, .1, 0)
(11, 9, 7, .15, 0)
(11, 9, 7, .2, 0)
(11, 9, 7, .25, 0)
(11, 9, 7, .3, 0)
(11, 9, 7, .35, 0)
(11, 9, 7, .4, 0)
(11, 9, 7, .45, 0)
(11, 9, 7, .5, 0)
(11, 9, 7, .55, 0)
(11, 9, 7, .6, 0)
(11, 9, 7, .65, 0)
(11, 9, 7, .7, 0)
(11, 9, 7, .75, 0)
(11, 9, 7, .8, 0)
(11, 9, 7, .85, 0)
(11, 9, 7, .9, 0)
(11, 9, 7, .95, 0)
(11, 9, 7, 1, 0)
(11, 9, 8, 0, 1)
(11, 9, 8, .05, 1)
(11, 9, 8, .1, 0)
(11, 9, 8, .15, 0)
(11, 9, 8, .2, 0)
(11, 9, 8, .25, 0)
(11, 9, 8, .3, 0)
(11, 9, 8, .35, 0)
(11, 9, 8, .4, 0)
(11, 9, 8, .45, 0)
(11, 9, 8, .5, 0)
(11, 9, 8, .55, 0)
(11, 9, 8, .6, 0)
(11, 9, 8, .65, 0)
(11, 9, 8, .7, 0)
(11, 9, 8, .75, 0)
(11, 9, 8, .8, 0)
(11, 9, 8, .85, 0)
(11, 9, 8, .9, 0)
(11, 9, 8, .95, 0)
(11, 9, 8, 1, 0)
(11, 9, 9, 0, 1)
(11, 9, 9, .05, 1)
(11, 9, 9, .1, 0)
(11, 9, 9, .15, 0)
(11, 9, 9, .2, 0)
(11, 9, 9, .25, 0)
(11, 9, 9, .3, 0)
(11, 9, 9, .35, 0)
(11, 9, 9, .4, 0)
(11, 9, 9, .45, 0)
(11, 9, 9, .5, 0)
(11, 9, 9, .55, 0)
(11, 9, 9, .6, 0)
(11, 9, 9, .65, 0)
(11, 9, 9, .7, 0)
(11, 9, 9, .75, 0)
(11, 9, 9, .8, 0)
(11, 9, 9, .85, 0)
(11, 9, 9, .9, 0)
(11, 9, 9, .95, 0)
(11, 9, 9, 1, 0)
(11, 9, 10, 0, 1)
(11, 9, 10, .05, 1)
(11, 9, 10, .1, 0)
(11, 9, 10, .15, 0)
(11, 9, 10, .2, 0)
(11, 9, 10, .25, 0)
(11, 9, 10, .3, 0)
(11, 9, 10, .35, 0)
(11, 9, 10, .4, 0)
(11, 9, 10, .45, 0)
(11, 9, 10, .5, 0)
(11, 9, 10, .55, 0)
(11, 9, 10, .6, 0)
(11, 9, 10, .65, 0)
(11, 9, 10, .7, 0)
(11, 9, 10, .75, 0)
(11, 9, 10, .8, 0)
(11, 9, 10, .85, 0)
(11, 9, 10, .9, 0)
(11, 9, 10, .95, 0)
(11, 9, 10, 1, 0)
(11, 9, 11, 0, 1)
(11, 9, 11, .05, 1)
(11, 9, 11, .1, 0)
(11, 9, 11, .15, 0)
(11, 9, 11, .2, 0)
(11, 9, 11, .25, 0)
(11, 9, 11, .3, 0)
(11, 9, 11, .35, 0)
(11, 9, 11, .4, 0)
(11, 9, 11, .45, 0)
(11, 9, 11, .5, 0)
(11, 9, 11, .55, 0)
(11, 9, 11, .6, 0)
(11, 9, 11, .65, 0)
(11, 9, 11, .7, 0)
(11, 9, 11, .75, 0)
(11, 9, 11, .8, 0)
(11, 9, 11, .85, 0)
(11, 9, 11, .9, 0)
(11, 9, 11, .95, 0)
(11, 9, 11, 1, 0)
(11, 10, 1, 0, 1)
(11, 10, 1, .05, 1)
(11, 10, 1, .1, 0)
(11, 10, 1, .15, 0)
(11, 10, 1, .2, 0)
(11, 10, 1, .25, 0)
(11, 10, 1, .3, 0)
(11, 10, 1, .35, 0)
(11, 10, 1, .4, 0)
(11, 10, 1, .45, 0)
(11, 10, 1, .5, 0)
(11, 10, 1, .55, 0)
(11, 10, 1, .6, 0)
(11, 10, 1, .65, 0)
(11, 10, 1, .7, 0)
(11, 10, 1, .75, 0)
(11, 10, 1, .8, 0)
(11, 10, 1, .85, 0)
(11, 10, 1, .9, 0)
(11, 10, 1, .95, 0)
(11, 10, 1, 1, 0)
(11, 10, 2, 0, 1)
(11, 10, 2, .05, 1)
(11, 10, 2, .1, 0)
(11, 10, 2, .15, 0)
(11, 10, 2, .2, 0)
(11, 10, 2, .25, 0)
(11, 10, 2, .3, 0)
(11, 10, 2, .35, 0)
(11, 10, 2, .4, 0)
(11, 10, 2, .45, 0)
(11, 10, 2, .5, 0)
(11, 10, 2, .55, 0)
(11, 10, 2, .6, 0)
(11, 10, 2, .65, 0)
(11, 10, 2, .7, 0)
(11, 10, 2, .75, 0)
(11, 10, 2, .8, 0)
(11, 10, 2, .85, 0)
(11, 10, 2, .9, 0)
(11, 10, 2, .95, 0)
(11, 10, 2, 1, 0)
(11, 10, 3, 0, 1)
(11, 10, 3, .05, 1)
(11, 10, 3, .1, 0)
(11, 10, 3, .15, 0)
(11, 10, 3, .2, 0)
(11, 10, 3, .25, 0)
(11, 10, 3, .3, 0)
(11, 10, 3, .35, 0)
(11, 10, 3, .4, 0)
(11, 10, 3, .45, 0)
(11, 10, 3, .5, 0)
(11, 10, 3, .55, 0)
(11, 10, 3, .6, 0)
(11, 10, 3, .65, 0)
(11, 10, 3, .7, 0)
(11, 10, 3, .75, 0)
(11, 10, 3, .8, 0)
(11, 10, 3, .85, 0)
(11, 10, 3, .9, 0)
(11, 10, 3, .95, 0)
(11, 10, 3, 1, 0)
(11, 10, 4, 0, 1)
(11, 10, 4, .05, 1)
(11, 10, 4, .1, 0)
(11, 10, 4, .15, 0)
(11, 10, 4, .2, 0)
(11, 10, 4, .25, 0)
(11, 10, 4, .3, 0)
(11, 10, 4, .35, 0)
(11, 10, 4, .4, 0)
(11, 10, 4, .45, 0)
(11, 10, 4, .5, 0)
(11, 10, 4, .55, 0)
(11, 10, 4, .6, 0)
(11, 10, 4, .65, 0)
(11, 10, 4, .7, 0)
(11, 10, 4, .75, 0)
(11, 10, 4, .8, 0)
(11, 10, 4, .85, 0)
(11, 10, 4, .9, 0)
(11, 10, 4, .95, 0)
(11, 10, 4, 1, 0)
(11, 10, 5, 0, 1)
(11, 10, 5, .05, 1)
(11, 10, 5, .1, 0)
(11, 10, 5, .15, 0)
(11, 10, 5, .2, 0)
(11, 10, 5, .25, 0)
(11, 10, 5, .3, 0)
(11, 10, 5, .35, 0)
(11, 10, 5, .4, 0)
(11, 10, 5, .45, 0)
(11, 10, 5, .5, 0)
(11, 10, 5, .55, 0)
(11, 10, 5, .6, 0)
(11, 10, 5, .65, 0)
(11, 10, 5, .7, 0)
(11, 10, 5, .75, 0)
(11, 10, 5, .8, 0)
(11, 10, 5, .85, 0)
(11, 10, 5, .9, 0)
(11, 10, 5, .95, 0)
(11, 10, 5, 1, 0)
(11, 10, 6, 0, 1)
(11, 10, 6, .05, 1)
(11, 10, 6, .1, 0)
(11, 10, 6, .15, 0)
(11, 10, 6, .2, 0)
(11, 10, 6, .25, 0)
(11, 10, 6, .3, 0)
(11, 10, 6, .35, 0)
(11, 10, 6, .4, 0)
(11, 10, 6, .45, 0)
(11, 10, 6, .5, 0)
(11, 10, 6, .55, 0)
(11, 10, 6, .6, 0)
(11, 10, 6, .65, 0)
(11, 10, 6, .7, 0)
(11, 10, 6, .75, 0)
(11, 10, 6, .8, 0)
(11, 10, 6, .85, 0)
(11, 10, 6, .9, 0)
(11, 10, 6, .95, 0)
(11, 10, 6, 1, 0)
(11, 10, 7, 0, 1)
(11, 10, 7, .05, 1)
(11, 10, 7, .1, 0)
(11, 10, 7, .15, 0)
(11, 10, 7, .2, 0)
(11, 10, 7, .25, 0)
(11, 10, 7, .3, 0)
(11, 10, 7, .35, 0)
(11, 10, 7, .4, 0)
(11, 10, 7, .45, 0)
(11, 10, 7, .5, 0)
(11, 10, 7, .55, 0)
(11, 10, 7, .6, 0)
(11, 10, 7, .65, 0)
(11, 10, 7, .7, 0)
(11, 10, 7, .75, 0)
(11, 10, 7, .8, 0)
(11, 10, 7, .85, 0)
(11, 10, 7, .9, 0)
(11, 10, 7, .95, 0)
(11, 10, 7, 1, 0)
(11, 10, 8, 0, 1)
(11, 10, 8, .05, 1)
(11, 10, 8, .1, 0)
(11, 10, 8, .15, 0)
(11, 10, 8, .2, 0)
(11, 10, 8, .25, 0)
(11, 10, 8, .3, 0)
(11, 10, 8, .35, 0)
(11, 10, 8, .4, 0)
(11, 10, 8, .45, 0)
(11, 10, 8, .5, 0)
(11, 10, 8, .55, 0)
(11, 10, 8, .6, 0)
(11, 10, 8, .65, 0)
(11, 10, 8, .7, 0)
(11, 10, 8, .75, 0)
(11, 10, 8, .8, 0)
(11, 10, 8, .85, 0)
(11, 10, 8, .9, 0)
(11, 10, 8, .95, 0)
(11, 10, 8, 1, 0)
(11, 10, 9, 0, 1)
(11, 10, 9, .05, 1)
(11, 10, 9, .1, 0)
(11, 10, 9, .15, 0)
(11, 10, 9, .2, 0)
(11, 10, 9, .25, 0)
(11, 10, 9, .3, 0)
(11, 10, 9, .35, 0)
(11, 10, 9, .4, 0)
(11, 10, 9, .45, 0)
(11, 10, 9, .5, 0)
(11, 10, 9, .55, 0)
(11, 10, 9, .6, 0)
(11, 10, 9, .65, 0)
(11, 10, 9, .7, 0)
(11, 10, 9, .75, 0)
(11, 10, 9, .8, 0)
(11, 10, 9, .85, 0)
(11, 10, 9, .9, 0)
(11, 10, 9, .95, 0)
(11, 10, 9, 1, 0)
(11, 10, 10, 0, 1)
(11, 10, 10, .05, 1)
(11, 10, 10, .1, 0)
(11, 10, 10, .15, 0)
(11, 10, 10, .2, 0)
(11, 10, 10, .25, 0)
(11, 10, 10, .3, 0)
(11, 10, 10, .35, 0)
(11, 10, 10, .4, 0)
(11, 10, 10, .45, 0)
(11, 10, 10, .5, 0)
(11, 10, 10, .55, 0)
(11, 10, 10, .6, 0)
(11, 10, 10, .65, 0)
(11, 10, 10, .7, 0)
(11, 10, 10, .75, 0)
(11, 10, 10, .8, 0)
(11, 10, 10, .85, 0)
(11, 10, 10, .9, 0)
(11, 10, 10, .95, 0)
(11, 10, 10, 1, 0)
(11, 10, 11, 0, 1)
(11, 10, 11, .05, 1)
(11, 10, 11, .1, 0)
(11, 10, 11, .15, 0)
(11, 10, 11, .2, 0)
(11, 10, 11, .25, 0)
(11, 10, 11, .3, 0)
(11, 10, 11, .35, 0)
(11, 10, 11, .4, 0)
(11, 10, 11, .45, 0)
(11, 10, 11, .5, 0)
(11, 10, 11, .55, 0)
(11, 10, 11, .6, 0)
(11, 10, 11, .65, 0)
(11, 10, 11, .7, 0)
(11, 10, 11, .75, 0)
(11, 10, 11, .8, 0)
(11, 10, 11, .85, 0)
(11, 10, 11, .9, 0)
(11, 10, 11, .95, 0)
(11, 10, 11, 1, 0)
(11, 11, 1, 0, 1)
(11, 11, 1, .05, 1)
(11, 11, 1, .1, 0)
(11, 11, 1, .15, 0)
(11, 11, 1, .2, 0)
(11, 11, 1, .25, 0)
(11, 11, 1, .3, 0)
(11, 11, 1, .35, 0)
(11, 11, 1, .4, 0)
(11, 11, 1, .45, 0)
(11, 11, 1, .5, 0)
(11, 11, 1, .55, 0)
(11, 11, 1, .6, 0)
(11, 11, 1, .65, 0)
(11, 11, 1, .7, 0)
(11, 11, 1, .75, 0)
(11, 11, 1, .8, 0)
(11, 11, 1, .85, 0)
(11, 11, 1, .9, 0)
(11, 11, 1, .95, 0)
(11, 11, 1, 1, 0)
(11, 11, 2, 0, 1)
(11, 11, 2, .05, 1)
(11, 11, 2, .1, 0)
(11, 11, 2, .15, 0)
(11, 11, 2, .2, 0)
(11, 11, 2, .25, 0)
(11, 11, 2, .3, 0)
(11, 11, 2, .35, 0)
(11, 11, 2, .4, 0)
(11, 11, 2, .45, 0)
(11, 11, 2, .5, 0)
(11, 11, 2, .55, 0)
(11, 11, 2, .6, 0)
(11, 11, 2, .65, 0)
(11, 11, 2, .7, 0)
(11, 11, 2, .75, 0)
(11, 11, 2, .8, 0)
(11, 11, 2, .85, 0)
(11, 11, 2, .9, 0)
(11, 11, 2, .95, 0)
(11, 11, 2, 1, 0)
(11, 11, 3, 0, 1)
(11, 11, 3, .05, 1)
(11, 11, 3, .1, 0)
(11, 11, 3, .15, 0)
(11, 11, 3, .2, 0)
(11, 11, 3, .25, 0)
(11, 11, 3, .3, 0)
(11, 11, 3, .35, 0)
(11, 11, 3, .4, 0)
(11, 11, 3, .45, 0)
(11, 11, 3, .5, 0)
(11, 11, 3, .55, 0)
(11, 11, 3, .6, 0)
(11, 11, 3, .65, 0)
(11, 11, 3, .7, 0)
(11, 11, 3, .75, 0)
(11, 11, 3, .8, 0)
(11, 11, 3, .85, 0)
(11, 11, 3, .9, 0)
(11, 11, 3, .95, 0)
(11, 11, 3, 1, 0)
(11, 11, 4, 0, 1)
(11, 11, 4, .05, 1)
(11, 11, 4, .1, 0)
(11, 11, 4, .15, 0)
(11, 11, 4, .2, 0)
(11, 11, 4, .25, 0)
(11, 11, 4, .3, 0)
(11, 11, 4, .35, 0)
(11, 11, 4, .4, 0)
(11, 11, 4, .45, 0)
(11, 11, 4, .5, 0)
(11, 11, 4, .55, 0)
(11, 11, 4, .6, 0)
(11, 11, 4, .65, 0)
(11, 11, 4, .7, 0)
(11, 11, 4, .75, 0)
(11, 11, 4, .8, 0)
(11, 11, 4, .85, 0)
(11, 11, 4, .9, 0)
(11, 11, 4, .95, 0)
(11, 11, 4, 1, 0)
(11, 11, 5, 0, 1)
(11, 11, 5, .05, 1)
(11, 11, 5, .1, 0)
(11, 11, 5, .15, 0)
(11, 11, 5, .2, 0)
(11, 11, 5, .25, 0)
(11, 11, 5, .3, 0)
(11, 11, 5, .35, 0)
(11, 11, 5, .4, 0)
(11, 11, 5, .45, 0)
(11, 11, 5, .5, 0)
(11, 11, 5, .55, 0)
(11, 11, 5, .6, 0)
(11, 11, 5, .65, 0)
(11, 11, 5, .7, 0)
(11, 11, 5, .75, 0)
(11, 11, 5, .8, 0)
(11, 11, 5, .85, 0)
(11, 11, 5, .9, 0)
(11, 11, 5, .95, 0)
(11, 11, 5, 1, 0)
(11, 11, 6, 0, 1)
(11, 11, 6, .05, 1)
(11, 11, 6, .1, 0)
(11, 11, 6, .15, 0)
(11, 11, 6, .2, 0)
(11, 11, 6, .25, 0)
(11, 11, 6, .3, 0)
(11, 11, 6, .35, 0)
(11, 11, 6, .4, 0)
(11, 11, 6, .45, 0)
(11, 11, 6, .5, 0)
(11, 11, 6, .55, 0)
(11, 11, 6, .6, 0)
(11, 11, 6, .65, 0)
(11, 11, 6, .7, 0)
(11, 11, 6, .75, 0)
(11, 11, 6, .8, 0)
(11, 11, 6, .85, 0)
(11, 11, 6, .9, 0)
(11, 11, 6, .95, 0)
(11, 11, 6, 1, 0)
(11, 11, 7, 0, 1)
(11, 11, 7, .05, 1)
(11, 11, 7, .1, 0)
(11, 11, 7, .15, 0)
(11, 11, 7, .2, 0)
(11, 11, 7, .25, 0)
(11, 11, 7, .3, 0)
(11, 11, 7, .35, 0)
(11, 11, 7, .4, 0)
(11, 11, 7, .45, 0)
(11, 11, 7, .5, 0)
(11, 11, 7, .55, 0)
(11, 11, 7, .6, 0)
(11, 11, 7, .65, 0)
(11, 11, 7, .7, 0)
(11, 11, 7, .75, 0)
(11, 11, 7, .8, 0)
(11, 11, 7, .85, 0)
(11, 11, 7, .9, 0)
(11, 11, 7, .95, 0)
(11, 11, 7, 1, 0)
(11, 11, 8, 0, 1)
(11, 11, 8, .05, 1)
(11, 11, 8, .1, 0)
(11, 11, 8, .15, 0)
(11, 11, 8, .2, 0)
(11, 11, 8, .25, 0)
(11, 11, 8, .3, 0)
(11, 11, 8, .35, 0)
(11, 11, 8, .4, 0)
(11, 11, 8, .45, 0)
(11, 11, 8, .5, 0)
(11, 11, 8, .55, 0)
(11, 11, 8, .6, 0)
(11, 11, 8, .65, 0)
(11, 11, 8, .7, 0)
(11, 11, 8, .75, 0)
(11, 11, 8, .8, 0)
(11, 11, 8, .85, 0)
(11, 11, 8, .9, 0)
(11, 11, 8, .95, 0)
(11, 11, 8, 1, 0)
(11, 11, 9, 0, 1)
(11, 11, 9, .05, 1)
(11, 11, 9, .1, 0)
(11, 11, 9, .15, 0)
(11, 11, 9, .2, 0)
(11, 11, 9, .25, 0)
(11, 11, 9, .3, 0)
(11, 11, 9, .35, 0)
(11, 11, 9, .4, 0)
(11, 11, 9, .45, 0)
(11, 11, 9, .5, 0)
(11, 11, 9, .55, 0)
(11, 11, 9, .6, 0)
(11, 11, 9, .65, 0)
(11, 11, 9, .7, 0)
(11, 11, 9, .75, 0)
(11, 11, 9, .8, 0)
(11, 11, 9, .85, 0)
(11, 11, 9, .9, 0)
(11, 11, 9, .95, 0)
(11, 11, 9, 1, 0)
(11, 11, 10, 0, 1)
(11, 11, 10, .05, 1)
(11, 11, 10, .1, 0)
(11, 11, 10, .15, 0)
(11, 11, 10, .2, 0)
(11, 11, 10, .25, 0)
(11, 11, 10, .3, 0)
(11, 11, 10, .35, 0)
(11, 11, 10, .4, 0)
(11, 11, 10, .45, 0)
(11, 11, 10, .5, 0)
(11, 11, 10, .55, 0)
(11, 11, 10, .6, 0)
(11, 11, 10, .65, 0)
(11, 11, 10, .7, 0)
(11, 11, 10, .75, 0)
(11, 11, 10, .8, 0)
(11, 11, 10, .85, 0)
(11, 11, 10, .9, 0)
(11, 11, 10, .95, 0)
(11, 11, 10, 1, 0)
(11, 11, 11, 0, 1)
(11, 11, 11, .05, 1)
(11, 11, 11, .1, 0)
(11, 11, 11, .15, 0)
(11, 11, 11, .2, 0)
(11, 11, 11, .25, 0)
(11, 11, 11, .3, 0)
(11, 11, 11, .35, 0)
(11, 11, 11, .4, 0)
(11, 11, 11, .45, 0)
(11, 11, 11, .5, 0)
(11, 11, 11, .55, 0)
(11, 11, 11, .6, 0)
(11, 11, 11, .65, 0)
(11, 11, 11, .7, 0)
(11, 11, 11, .75, 0)
(11, 11, 11, .8, 0)
(11, 11, 11, .85, 0)
(11, 11, 11, .9, 0)
(11, 11, 11, .95, 0)
(11, 11, 11, 1, 0)
